$ react-router typegen && tsc --noEmit
[33mThe plugin "vite-tsconfig-paths" is detected. Vite now supports tsconfig paths resolution natively via the [1mresolve.tsconfigPaths[22m option. You can remove the plugin and set [1mresolve.tsconfigPaths: true[22m in your Vite config instead.[39m
(node:2329) [MODULE_TYPELESS_PACKAGE_JSON] Warning: Module type of file:///home/runner/work/plane/plane/packages/tailwind-config/postcss.config.js is not specified and it doesn't parse as CommonJS.
Reparsing as ES module because module syntax was detected. This incurs a performance overhead.
To eliminate this warning, add "type": "module" to /home/runner/work/plane/plane/packages/tailwind-config/package.json.
(Use `node --trace-warnings ...` to show where the warning was created)
[33mThe plugin "vite-tsconfig-paths" is detected. Vite now supports tsconfig paths resolution natively via the [1mresolve.tsconfigPaths[22m option. You can remove the plugin and set [1mresolve.tsconfigPaths: true[22m in your Vite config instead.[39m
app/(all)/[workspaceSlug]/(projects)/_sidebar.tsx(11,31): error TS2307: Cannot find module '@plane/constants' or its corresponding type declarations.
app/(all)/[workspaceSlug]/(projects)/_sidebar.tsx(12,33): error TS2307: Cannot find module '@plane/hooks' or its corresponding type declarations.
app/(all)/[workspaceSlug]/(projects)/active-cycles/header.tsx(8,32): error TS2307: Cannot find module '@plane/i18n' or its corresponding type declarations.
app/(all)/[workspaceSlug]/(projects)/active-cycles/header.tsx(10,27): error TS2307: Cannot find module '@plane/propel/icons' or its corresponding type declarations.
app/(all)/[workspaceSlug]/(projects)/active-cycles/header.tsx(11,37): error TS2307: Cannot find module '@plane/ui' or its corresponding type declarations.
app/(all)/[workspaceSlug]/(projects)/analytics/[tabId]/header.tsx(8,32): error TS2307: Cannot find module '@plane/i18n' or its corresponding type declarations.
app/(all)/[workspaceSlug]/(projects)/analytics/[tabId]/header.tsx(9,31): error TS2307: Cannot find module '@plane/propel/icons' or its corresponding type declarations.
app/(all)/[workspaceSlug]/(projects)/analytics/[tabId]/header.tsx(11,37): error TS2307: Cannot find module '@plane/ui' or its corresponding type declarations.
app/(all)/[workspaceSlug]/(projects)/analytics/[tabId]/page.tsx(11,57): error TS2307: Cannot find module '@plane/constants' or its corresponding type declarations.
app/(all)/[workspaceSlug]/(projects)/analytics/[tabId]/page.tsx(12,32): error TS2307: Cannot find module '@plane/i18n' or its corresponding type declarations.
app/(all)/[workspaceSlug]/(projects)/analytics/[tabId]/page.tsx(13,36): error TS2307: Cannot find module '@plane/propel/empty-state' or its corresponding type declarations.
app/(all)/[workspaceSlug]/(projects)/analytics/[tabId]/page.tsx(14,22): error TS2307: Cannot find module '@plane/propel/tabs' or its corresponding type declarations.
app/(all)/[workspaceSlug]/(projects)/analytics/[tabId]/page.tsx(16,20): error TS2307: Cannot find module '@plane/utils' or its corresponding type declarations.
app/(all)/[workspaceSlug]/(projects)/browse/[workItem]/header.tsx(10,29): error TS2307: Cannot find module '@plane/ui' or its corresponding type declarations.
app/(all)/[workspaceSlug]/(projects)/browse/[workItem]/header.tsx(11,20): error TS2307: Cannot find module '@plane/utils' or its corresponding type declarations.
app/(all)/[workspaceSlug]/(projects)/browse/[workItem]/page.tsx(12,32): error TS2307: Cannot find module '@plane/i18n' or its corresponding type declarations.
app/(all)/[workspaceSlug]/(projects)/browse/[workItem]/page.tsx(13,29): error TS2307: Cannot find module '@plane/types' or its corresponding type declarations.
app/(all)/[workspaceSlug]/(projects)/browse/[workItem]/page.tsx(14,35): error TS2307: Cannot find module '@plane/types' or its corresponding type declarations.
app/(all)/[workspaceSlug]/(projects)/browse/[workItem]/page.tsx(15,24): error TS2307: Cannot find module '@plane/ui' or its corresponding type declarations.
app/(all)/[workspaceSlug]/(projects)/browse/[workItem]/work-item-header.tsx(11,31): error TS2307: Cannot find module '@plane/propel/icons' or its corresponding type declarations.
app/(all)/[workspaceSlug]/(projects)/browse/[workItem]/work-item-header.tsx(12,37): error TS2307: Cannot find module '@plane/ui' or its corresponding type declarations.
app/(all)/[workspaceSlug]/(projects)/drafts/header.tsx(9,57): error TS2307: Cannot find module '@plane/constants' or its corresponding type declarations.
app/(all)/[workspaceSlug]/(projects)/drafts/header.tsx(10,32): error TS2307: Cannot find module '@plane/i18n' or its corresponding type declarations.
app/(all)/[workspaceSlug]/(projects)/drafts/header.tsx(12,24): error TS2307: Cannot find module '@plane/propel/button' or its corresponding type declarations.
app/(all)/[workspaceSlug]/(projects)/drafts/header.tsx(13,27): error TS2307: Cannot find module '@plane/propel/icons' or its corresponding type declarations.
app/(all)/[workspaceSlug]/(projects)/drafts/header.tsx(14,34): error TS2307: Cannot find module '@plane/types' or its corresponding type declarations.
app/(all)/[workspaceSlug]/(projects)/drafts/header.tsx(15,37): error TS2307: Cannot find module '@plane/ui' or its corresponding type declarations.
app/(all)/[workspaceSlug]/(projects)/extended-project-sidebar.tsx(11,83): error TS2307: Cannot find module '@plane/constants' or its corresponding type declarations.
app/(all)/[workspaceSlug]/(projects)/extended-project-sidebar.tsx(12,32): error TS2307: Cannot find module '@plane/i18n' or its corresponding type declarations.
app/(all)/[workspaceSlug]/(projects)/extended-project-sidebar.tsx(13,35): error TS2307: Cannot find module '@plane/propel/empty-state' or its corresponding type declarations.
app/(all)/[workspaceSlug]/(projects)/extended-project-sidebar.tsx(14,38): error TS2307: Cannot find module '@plane/propel/icons' or its corresponding type declarations.
app/(all)/[workspaceSlug]/(projects)/extended-project-sidebar.tsx(15,38): error TS2307: Cannot find module '@plane/propel/toast' or its corresponding type declarations.
app/(all)/[workspaceSlug]/(projects)/extended-project-sidebar.tsx(16,25): error TS2307: Cannot find module '@plane/propel/tooltip' or its corresponding type declarations.
app/(all)/[workspaceSlug]/(projects)/extended-project-sidebar.tsx(17,57): error TS2307: Cannot find module '@plane/utils' or its corresponding type declarations.
app/(all)/[workspaceSlug]/(projects)/extended-project-sidebar.tsx(25,31): error TS2307: Cannot find module '@plane/types' or its corresponding type declarations.
app/(all)/[workspaceSlug]/(projects)/extended-sidebar-wrapper.tsx(10,55): error TS2307: Cannot find module '@plane/constants' or its corresponding type declarations.
app/(all)/[workspaceSlug]/(projects)/extended-sidebar-wrapper.tsx(11,33): error TS2307: Cannot find module '@plane/hooks' or its corresponding type declarations.
app/(all)/[workspaceSlug]/(projects)/extended-sidebar-wrapper.tsx(12,20): error TS2307: Cannot find module '@plane/utils' or its corresponding type declarations.
app/(all)/[workspaceSlug]/(projects)/extended-sidebar.tsx(11,89): error TS2307: Cannot find module '@plane/constants' or its corresponding type declarations.
app/(all)/[workspaceSlug]/(projects)/extended-sidebar.tsx(12,42): error TS2307: Cannot find module '@plane/types' or its corresponding type declarations.
app/(all)/[workspaceSlug]/(projects)/extended-sidebar.tsx(38,64): error TS7006: Parameter 'item' implicitly has an 'any' type.
app/(all)/[workspaceSlug]/(projects)/extended-sidebar.tsx(45,15): error TS7006: Parameter 'item' implicitly has an 'any' type.
app/(all)/[workspaceSlug]/(projects)/extended-sidebar.tsx(54,16): error TS7006: Parameter 'a' implicitly has an 'any' type.
app/(all)/[workspaceSlug]/(projects)/extended-sidebar.tsx(54,19): error TS7006: Parameter 'b' implicitly has an 'any' type.
app/(all)/[workspaceSlug]/(projects)/extended-sidebar.tsx(65,64): error TS7006: Parameter 'item' implicitly has an 'any' type.
app/(all)/[workspaceSlug]/(projects)/extended-sidebar.tsx(130,35): error TS7006: Parameter 'item' implicitly has an 'any' type.
app/(all)/[workspaceSlug]/(projects)/extended-sidebar.tsx(130,41): error TS7006: Parameter 'index' implicitly has an 'any' type.
app/(all)/[workspaceSlug]/(projects)/header.tsx(10,32): error TS2307: Cannot find module '@plane/i18n' or its corresponding type declarations.
app/(all)/[workspaceSlug]/(projects)/header.tsx(11,24): error TS2307: Cannot find module '@plane/propel/button' or its corresponding type declarations.
app/(all)/[workspaceSlug]/(projects)/header.tsx(12,26): error TS2307: Cannot find module '@plane/propel/icons' or its corresponding type declarations.
app/(all)/[workspaceSlug]/(projects)/header.tsx(13,37): error TS2307: Cannot find module '@plane/ui' or its corresponding type declarations.
app/(all)/[workspaceSlug]/(projects)/notifications/page.tsx(9,32): error TS2307: Cannot find module '@plane/i18n' or its corresponding type declarations.
app/(all)/[workspaceSlug]/(projects)/page.tsx(9,32): error TS2307: Cannot find module '@plane/i18n' or its corresponding type declarations.
app/(all)/[workspaceSlug]/(projects)/profile/[userId]/activity/page.tsx(10,57): error TS2307: Cannot find module '@plane/constants' or its corresponding type declarations.
app/(all)/[workspaceSlug]/(projects)/profile/[userId]/activity/page.tsx(11,32): error TS2307: Cannot find module '@plane/i18n' or its corresponding type declarations.
app/(all)/[workspaceSlug]/(projects)/profile/[userId]/activity/page.tsx(12,24): error TS2307: Cannot find module '@plane/propel/button' or its corresponding type declarations.
app/(all)/[workspaceSlug]/(projects)/profile/[userId]/header.tsx(11,97): error TS2307: Cannot find module '@plane/constants' or its corresponding type declarations.
app/(all)/[workspaceSlug]/(projects)/profile/[userId]/header.tsx(12,32): error TS2307: Cannot find module '@plane/i18n' or its corresponding type declarations.
app/(all)/[workspaceSlug]/(projects)/profile/[userId]/header.tsx(13,47): error TS2307: Cannot find module '@plane/propel/icons' or its corresponding type declarations.
app/(all)/[workspaceSlug]/(projects)/profile/[userId]/header.tsx(14,53): error TS2307: Cannot find module '@plane/types' or its corresponding type declarations.
app/(all)/[workspaceSlug]/(projects)/profile/[userId]/header.tsx(15,49): error TS2307: Cannot find module '@plane/ui' or its corresponding type declarations.
app/(all)/[workspaceSlug]/(projects)/profile/[userId]/header.tsx(22,24): error TS2307: Cannot find module '@plane/propel/button' or its corresponding type declarations.
app/(all)/[workspaceSlug]/(projects)/profile/[userId]/header.tsx(88,28): error TS7006: Parameter 'tab' implicitly has an 'any' type.
app/(all)/[workspaceSlug]/(projects)/profile/[userId]/layout.tsx(12,97): error TS2307: Cannot find module '@plane/constants' or its corresponding type declarations.
app/(all)/[workspaceSlug]/(projects)/profile/[userId]/layout.tsx(13,32): error TS2307: Cannot find module '@plane/i18n' or its corresponding type declarations.
app/(all)/[workspaceSlug]/(projects)/profile/[userId]/layout.tsx(18,50): error TS2307: Cannot find module '@plane/constants' or its corresponding type declarations.
app/(all)/[workspaceSlug]/(projects)/profile/[userId]/layout.tsx(56,37): error TS7006: Parameter 'tab' implicitly has an 'any' type.
app/(all)/[workspaceSlug]/(projects)/profile/[userId]/mobile-header.tsx(11,80): error TS2307: Cannot find module '@plane/constants' or its corresponding type declarations.
app/(all)/[workspaceSlug]/(projects)/profile/[userId]/mobile-header.tsx(13,32): error TS2307: Cannot find module '@plane/i18n' or its corresponding type declarations.
app/(all)/[workspaceSlug]/(projects)/profile/[userId]/mobile-header.tsx(15,33): error TS2307: Cannot find module '@plane/propel/icons' or its corresponding type declarations.
app/(all)/[workspaceSlug]/(projects)/profile/[userId]/mobile-header.tsx(22,8): error TS2307: Cannot find module '@plane/types' or its corresponding type declarations.
app/(all)/[workspaceSlug]/(projects)/profile/[userId]/mobile-header.tsx(23,34): error TS2307: Cannot find module '@plane/types' or its corresponding type declarations.
app/(all)/[workspaceSlug]/(projects)/profile/[userId]/mobile-header.tsx(25,28): error TS2307: Cannot find module '@plane/ui' or its corresponding type declarations.
app/(all)/[workspaceSlug]/(projects)/profile/[userId]/mobile-header.tsx(49,9): error TS2345: Argument of type 'undefined' is not assignable to parameter of type 'string'.
app/(all)/[workspaceSlug]/(projects)/profile/[userId]/mobile-header.tsx(63,9): error TS2345: Argument of type 'undefined' is not assignable to parameter of type 'string'.
app/(all)/[workspaceSlug]/(projects)/profile/[userId]/mobile-header.tsx(77,9): error TS2345: Argument of type 'undefined' is not assignable to parameter of type 'string'.
app/(all)/[workspaceSlug]/(projects)/profile/[userId]/mobile-header.tsx(101,29): error TS7006: Parameter 'layout' implicitly has an 'any' type.
app/(all)/[workspaceSlug]/(projects)/profile/[userId]/mobile-header.tsx(101,37): error TS7006: Parameter 'index' implicitly has an 'any' type.
app/(all)/[workspaceSlug]/(projects)/profile/[userId]/navbar.tsx(10,56): error TS2307: Cannot find module '@plane/constants' or its corresponding type declarations.
app/(all)/[workspaceSlug]/(projects)/profile/[userId]/navbar.tsx(11,32): error TS2307: Cannot find module '@plane/i18n' or its corresponding type declarations.
app/(all)/[workspaceSlug]/(projects)/profile/[userId]/navbar.tsx(12,40): error TS2307: Cannot find module '@plane/ui' or its corresponding type declarations.
app/(all)/[workspaceSlug]/(projects)/profile/[userId]/navbar.tsx(13,20): error TS2307: Cannot find module '@plane/utils' or its corresponding type declarations.
app/(all)/[workspaceSlug]/(projects)/profile/[userId]/navbar.tsx(30,24): error TS7006: Parameter 'tab' implicitly has an 'any' type.
app/(all)/[workspaceSlug]/(projects)/profile/[userId]/page.tsx(9,31): error TS2307: Cannot find module '@plane/constants' or its corresponding type declarations.
app/(all)/[workspaceSlug]/(projects)/profile/[userId]/page.tsx(10,32): error TS2307: Cannot find module '@plane/i18n' or its corresponding type declarations.
app/(all)/[workspaceSlug]/(projects)/profile/[userId]/page.tsx(11,59): error TS2307: Cannot find module '@plane/types' or its corresponding type declarations.
app/(all)/[workspaceSlug]/(projects)/profile/[userId]/page.tsx(12,32): error TS2307: Cannot find module '@plane/ui' or its corresponding type declarations.
app/(all)/[workspaceSlug]/(projects)/profile/[userId]/page.tsx(21,35): error TS2307: Cannot find module '@plane/constants' or its corresponding type declarations.
app/(all)/[workspaceSlug]/(projects)/profile/[userId]/page.tsx(36,57): error TS7006: Parameter 'g' implicitly has an 'any' type.
app/(all)/[workspaceSlug]/(projects)/projects/(detail)/[projectId]/archives/header.tsx(9,67): error TS2307: Cannot find module '@plane/propel/icons' or its corresponding type declarations.
app/(all)/[workspaceSlug]/(projects)/projects/(detail)/[projectId]/archives/header.tsx(10,25): error TS2307: Cannot find module '@plane/propel/tooltip' or its corresponding type declarations.
app/(all)/[workspaceSlug]/(projects)/projects/(detail)/[projectId]/archives/header.tsx(11,34): error TS2307: Cannot find module '@plane/types' or its corresponding type declarations.
app/(all)/[workspaceSlug]/(projects)/projects/(detail)/[projectId]/archives/header.tsx(13,37): error TS2307: Cannot find module '@plane/ui' or its corresponding type declarations.
app/(all)/[workspaceSlug]/(projects)/projects/(detail)/[projectId]/archives/issues/(detail)/[archivedIssueId]/page.tsx(11,24): error TS2307: Cannot find module '@plane/propel/banner' or its corresponding type declarations.
app/(all)/[workspaceSlug]/(projects)/projects/(detail)/[projectId]/archives/issues/(detail)/[archivedIssueId]/page.tsx(12,24): error TS2307: Cannot find module '@plane/propel/button' or its corresponding type declarations.
app/(all)/[workspaceSlug]/(projects)/projects/(detail)/[projectId]/archives/issues/(detail)/[archivedIssueId]/page.tsx(13,29): error TS2307: Cannot find module '@plane/propel/icons' or its corresponding type declarations.
app/(all)/[workspaceSlug]/(projects)/projects/(detail)/[projectId]/archives/issues/(detail)/[archivedIssueId]/page.tsx(14,24): error TS2307: Cannot find module '@plane/ui' or its corresponding type declarations.
app/(all)/[workspaceSlug]/(projects)/projects/(detail)/[projectId]/archives/issues/(detail)/header.tsx(11,44): error TS2307: Cannot find module '@plane/propel/icons' or its corresponding type declarations.
app/(all)/[workspaceSlug]/(projects)/projects/(detail)/[projectId]/archives/issues/(detail)/header.tsx(12,37): error TS2307: Cannot find module '@plane/ui' or its corresponding type declarations.
app/(all)/[workspaceSlug]/(projects)/projects/(detail)/[projectId]/archives/issues/(detail)/header.tsx(17,31): error TS2307: Cannot find module '@plane/constants' or its corresponding type declarations.
app/(all)/[workspaceSlug]/(projects)/projects/(detail)/[projectId]/cycles/(detail)/[cycleId]/page.tsx(9,20): error TS2307: Cannot find module '@plane/utils' or its corresponding type declarations.
app/(all)/[workspaceSlug]/(projects)/projects/(detail)/[projectId]/cycles/(detail)/header.tsx(19,8): error TS2307: Cannot find module '@plane/constants' or its corresponding type declarations.
app/(all)/[workspaceSlug]/(projects)/projects/(detail)/[projectId]/cycles/(detail)/header.tsx(20,31): error TS2307: Cannot find module '@plane/hooks' or its corresponding type declarations.
app/(all)/[workspaceSlug]/(projects)/projects/(detail)/[projectId]/cycles/(detail)/header.tsx(21,32): error TS2307: Cannot find module '@plane/i18n' or its corresponding type declarations.
app/(all)/[workspaceSlug]/(projects)/projects/(detail)/[projectId]/cycles/(detail)/header.tsx(22,24): error TS2307: Cannot find module '@plane/propel/button' or its corresponding type declarations.
app/(all)/[workspaceSlug]/(projects)/projects/(detail)/[projectId]/cycles/(detail)/header.tsx(23,28): error TS2307: Cannot find module '@plane/propel/icon-button' or its corresponding type declarations.
app/(all)/[workspaceSlug]/(projects)/projects/(detail)/[projectId]/cycles/(detail)/header.tsx(24,27): error TS2307: Cannot find module '@plane/propel/icons' or its corresponding type declarations.
app/(all)/[workspaceSlug]/(projects)/projects/(detail)/[projectId]/cycles/(detail)/header.tsx(25,25): error TS2307: Cannot find module '@plane/propel/tooltip' or its corresponding type declarations.
app/(all)/[workspaceSlug]/(projects)/projects/(detail)/[projectId]/cycles/(detail)/header.tsx(26,101): error TS2307: Cannot find module '@plane/types' or its corresponding type declarations.
app/(all)/[workspaceSlug]/(projects)/projects/(detail)/[projectId]/cycles/(detail)/header.tsx(27,53): error TS2307: Cannot find module '@plane/types' or its corresponding type declarations.
app/(all)/[workspaceSlug]/(projects)/projects/(detail)/[projectId]/cycles/(detail)/header.tsx(28,73): error TS2307: Cannot find module '@plane/ui' or its corresponding type declarations.
app/(all)/[workspaceSlug]/(projects)/projects/(detail)/[projectId]/cycles/(detail)/header.tsx(29,20): error TS2307: Cannot find module '@plane/utils' or its corresponding type declarations.
app/(all)/[workspaceSlug]/(projects)/projects/(detail)/[projectId]/cycles/(detail)/mobile-header.tsx(11,80): error TS2307: Cannot find module '@plane/constants' or its corresponding type declarations.
app/(all)/[workspaceSlug]/(projects)/projects/(detail)/[projectId]/cycles/(detail)/mobile-header.tsx(12,32): error TS2307: Cannot find module '@plane/i18n' or its corresponding type declarations.
app/(all)/[workspaceSlug]/(projects)/projects/(detail)/[projectId]/cycles/(detail)/mobile-header.tsx(13,86): error TS2307: Cannot find module '@plane/propel/icons' or its corresponding type declarations.
app/(all)/[workspaceSlug]/(projects)/projects/(detail)/[projectId]/cycles/(detail)/mobile-header.tsx(14,93): error TS2307: Cannot find module '@plane/types' or its corresponding type declarations.
app/(all)/[workspaceSlug]/(projects)/projects/(detail)/[projectId]/cycles/(detail)/mobile-header.tsx(15,34): error TS2307: Cannot find module '@plane/types' or its corresponding type declarations.
app/(all)/[workspaceSlug]/(projects)/projects/(detail)/[projectId]/cycles/(detail)/mobile-header.tsx(16,28): error TS2307: Cannot find module '@plane/ui' or its corresponding type declarations.
app/(all)/[workspaceSlug]/(projects)/projects/(detail)/[projectId]/cycles/(list)/header.tsx(10,81): error TS2307: Cannot find module '@plane/constants' or its corresponding type declarations.
app/(all)/[workspaceSlug]/(projects)/projects/(detail)/[projectId]/cycles/(list)/header.tsx(11,32): error TS2307: Cannot find module '@plane/i18n' or its corresponding type declarations.
app/(all)/[workspaceSlug]/(projects)/projects/(detail)/[projectId]/cycles/(list)/header.tsx(12,24): error TS2307: Cannot find module '@plane/propel/button' or its corresponding type declarations.
app/(all)/[workspaceSlug]/(projects)/projects/(detail)/[projectId]/cycles/(list)/header.tsx(13,27): error TS2307: Cannot find module '@plane/propel/icons' or its corresponding type declarations.
app/(all)/[workspaceSlug]/(projects)/projects/(detail)/[projectId]/cycles/(list)/header.tsx(14,37): error TS2307: Cannot find module '@plane/ui' or its corresponding type declarations.
app/(all)/[workspaceSlug]/(projects)/projects/(detail)/[projectId]/cycles/(list)/mobile-header.tsx(10,32): error TS2307: Cannot find module '@plane/propel/icons' or its corresponding type declarations.
app/(all)/[workspaceSlug]/(projects)/projects/(detail)/[projectId]/cycles/(list)/mobile-header.tsx(11,68): error TS2307: Cannot find module '@plane/propel/icons' or its corresponding type declarations.
app/(all)/[workspaceSlug]/(projects)/projects/(detail)/[projectId]/cycles/(list)/mobile-header.tsx(13,42): error TS2307: Cannot find module '@plane/types' or its corresponding type declarations.
app/(all)/[workspaceSlug]/(projects)/projects/(detail)/[projectId]/cycles/(list)/mobile-header.tsx(14,28): error TS2307: Cannot find module '@plane/ui' or its corresponding type declarations.
app/(all)/[workspaceSlug]/(projects)/projects/(detail)/[projectId]/cycles/(list)/page.tsx(11,63): error TS2307: Cannot find module '@plane/constants' or its corresponding type declarations.
app/(all)/[workspaceSlug]/(projects)/projects/(detail)/[projectId]/cycles/(list)/page.tsx(12,32): error TS2307: Cannot find module '@plane/i18n' or its corresponding type declarations.
app/(all)/[workspaceSlug]/(projects)/projects/(detail)/[projectId]/cycles/(list)/page.tsx(13,36): error TS2307: Cannot find module '@plane/propel/empty-state' or its corresponding type declarations.
app/(all)/[workspaceSlug]/(projects)/projects/(detail)/[projectId]/cycles/(list)/page.tsx(14,36): error TS2307: Cannot find module '@plane/types' or its corresponding type declarations.
app/(all)/[workspaceSlug]/(projects)/projects/(detail)/[projectId]/cycles/(list)/page.tsx(15,35): error TS2307: Cannot find module '@plane/types' or its corresponding type declarations.
app/(all)/[workspaceSlug]/(projects)/projects/(detail)/[projectId]/cycles/(list)/page.tsx(17,40): error TS2307: Cannot find module '@plane/ui' or its corresponding type declarations.
app/(all)/[workspaceSlug]/(projects)/projects/(detail)/[projectId]/cycles/(list)/page.tsx(18,39): error TS2307: Cannot find module '@plane/utils' or its corresponding type declarations.
app/(all)/[workspaceSlug]/(projects)/projects/(detail)/[projectId]/cycles/(list)/page.tsx(68,40): error TS7006: Parameter 'val' implicitly has an 'any' type.
app/(all)/[workspaceSlug]/(projects)/projects/(detail)/[projectId]/intake/page.tsx(11,39): error TS2307: Cannot find module '@plane/constants' or its corresponding type declarations.
app/(all)/[workspaceSlug]/(projects)/projects/(detail)/[projectId]/intake/page.tsx(12,32): error TS2307: Cannot find module '@plane/i18n' or its corresponding type declarations.
app/(all)/[workspaceSlug]/(projects)/projects/(detail)/[projectId]/intake/page.tsx(13,58): error TS2307: Cannot find module '@plane/types' or its corresponding type declarations.
app/(all)/[workspaceSlug]/(projects)/projects/(detail)/[projectId]/issues/(detail)/[issueId]/page.tsx(9,32): error TS2307: Cannot find module '@plane/i18n' or its corresponding type declarations.
app/(all)/[workspaceSlug]/(projects)/projects/(detail)/[projectId]/issues/(list)/mobile-header.tsx(11,65): error TS2307: Cannot find module '@plane/constants' or its corresponding type declarations.
app/(all)/[workspaceSlug]/(projects)/projects/(detail)/[projectId]/issues/(list)/mobile-header.tsx(12,32): error TS2307: Cannot find module '@plane/i18n' or its corresponding type declarations.
app/(all)/[workspaceSlug]/(projects)/projects/(detail)/[projectId]/issues/(list)/mobile-header.tsx(13,33): error TS2307: Cannot find module '@plane/propel/icons' or its corresponding type declarations.
app/(all)/[workspaceSlug]/(projects)/projects/(detail)/[projectId]/issues/(list)/mobile-header.tsx(14,74): error TS2307: Cannot find module '@plane/types' or its corresponding type declarations.
app/(all)/[workspaceSlug]/(projects)/projects/(detail)/[projectId]/issues/(list)/mobile-header.tsx(15,53): error TS2307: Cannot find module '@plane/types' or its corresponding type declarations.
app/(all)/[workspaceSlug]/(projects)/projects/(detail)/[projectId]/issues/(list)/mobile-header.tsx(43,7): error TS2554: Expected 5 arguments, but got 4.
app/(all)/[workspaceSlug]/(projects)/projects/(detail)/[projectId]/issues/(list)/mobile-header.tsx(51,7): error TS2554: Expected 5 arguments, but got 4.
app/(all)/[workspaceSlug]/(projects)/projects/(detail)/[projectId]/issues/(list)/mobile-header.tsx(59,7): error TS2554: Expected 5 arguments, but got 4.
app/(all)/[workspaceSlug]/(projects)/projects/(detail)/[projectId]/issues/(list)/page.tsx(9,32): error TS2307: Cannot find module '@plane/i18n' or its corresponding type declarations.
app/(all)/[workspaceSlug]/(projects)/projects/(detail)/[projectId]/layout.tsx(10,29): error TS2307: Cannot find module '@plane/ui' or its corresponding type declarations.
app/(all)/[workspaceSlug]/(projects)/projects/(detail)/[projectId]/layout.tsx(11,20): error TS2307: Cannot find module '@plane/utils' or its corresponding type declarations.
app/(all)/[workspaceSlug]/(projects)/projects/(detail)/[projectId]/modules/(detail)/[moduleId]/page.tsx(10,20): error TS2307: Cannot find module '@plane/utils' or its corresponding type declarations.
app/(all)/[workspaceSlug]/(projects)/projects/(detail)/[projectId]/modules/(detail)/header.tsx(19,8): error TS2307: Cannot find module '@plane/constants' or its corresponding type declarations.
app/(all)/[workspaceSlug]/(projects)/projects/(detail)/[projectId]/modules/(detail)/header.tsx(20,24): error TS2307: Cannot find module '@plane/propel/button' or its corresponding type declarations.
app/(all)/[workspaceSlug]/(projects)/projects/(detail)/[projectId]/modules/(detail)/header.tsx(21,28): error TS2307: Cannot find module '@plane/propel/icons' or its corresponding type declarations.
app/(all)/[workspaceSlug]/(projects)/projects/(detail)/[projectId]/modules/(detail)/header.tsx(22,25): error TS2307: Cannot find module '@plane/propel/tooltip' or its corresponding type declarations.
app/(all)/[workspaceSlug]/(projects)/projects/(detail)/[projectId]/modules/(detail)/header.tsx(23,101): error TS2307: Cannot find module '@plane/types' or its corresponding type declarations.
app/(all)/[workspaceSlug]/(projects)/projects/(detail)/[projectId]/modules/(detail)/header.tsx(24,53): error TS2307: Cannot find module '@plane/types' or its corresponding type declarations.
app/(all)/[workspaceSlug]/(projects)/projects/(detail)/[projectId]/modules/(detail)/header.tsx(25,73): error TS2307: Cannot find module '@plane/ui' or its corresponding type declarations.
app/(all)/[workspaceSlug]/(projects)/projects/(detail)/[projectId]/modules/(detail)/header.tsx(26,20): error TS2307: Cannot find module '@plane/utils' or its corresponding type declarations.
app/(all)/[workspaceSlug]/(projects)/projects/(detail)/[projectId]/modules/(detail)/header.tsx(51,28): error TS2307: Cannot find module '@plane/propel/icon-button' or its corresponding type declarations.
app/(all)/[workspaceSlug]/(projects)/projects/(detail)/[projectId]/modules/(detail)/mobile-header.tsx(11,80): error TS2307: Cannot find module '@plane/constants' or its corresponding type declarations.
app/(all)/[workspaceSlug]/(projects)/projects/(detail)/[projectId]/modules/(detail)/mobile-header.tsx(12,32): error TS2307: Cannot find module '@plane/i18n' or its corresponding type declarations.
app/(all)/[workspaceSlug]/(projects)/projects/(detail)/[projectId]/modules/(detail)/mobile-header.tsx(13,86): error TS2307: Cannot find module '@plane/propel/icons' or its corresponding type declarations.
app/(all)/[workspaceSlug]/(projects)/projects/(detail)/[projectId]/modules/(detail)/mobile-header.tsx(14,93): error TS2307: Cannot find module '@plane/types' or its corresponding type declarations.
app/(all)/[workspaceSlug]/(projects)/projects/(detail)/[projectId]/modules/(detail)/mobile-header.tsx(15,34): error TS2307: Cannot find module '@plane/types' or its corresponding type declarations.
app/(all)/[workspaceSlug]/(projects)/projects/(detail)/[projectId]/modules/(detail)/mobile-header.tsx(16,28): error TS2307: Cannot find module '@plane/ui' or its corresponding type declarations.
app/(all)/[workspaceSlug]/(projects)/projects/(detail)/[projectId]/modules/(list)/header.tsx(10,82): error TS2307: Cannot find module '@plane/constants' or its corresponding type declarations.
app/(all)/[workspaceSlug]/(projects)/projects/(detail)/[projectId]/modules/(list)/header.tsx(11,32): error TS2307: Cannot find module '@plane/i18n' or its corresponding type declarations.
app/(all)/[workspaceSlug]/(projects)/projects/(detail)/[projectId]/modules/(list)/header.tsx(13,24): error TS2307: Cannot find module '@plane/propel/button' or its corresponding type declarations.
app/(all)/[workspaceSlug]/(projects)/projects/(detail)/[projectId]/modules/(list)/header.tsx(14,28): error TS2307: Cannot find module '@plane/propel/icons' or its corresponding type declarations.
app/(all)/[workspaceSlug]/(projects)/projects/(detail)/[projectId]/modules/(list)/header.tsx(15,37): error TS2307: Cannot find module '@plane/ui' or its corresponding type declarations.
app/(all)/[workspaceSlug]/(projects)/projects/(detail)/[projectId]/modules/(list)/mobile-header.tsx(8,37): error TS2307: Cannot find module '@plane/constants' or its corresponding type declarations.
app/(all)/[workspaceSlug]/(projects)/projects/(detail)/[projectId]/modules/(list)/mobile-header.tsx(9,32): error TS2307: Cannot find module '@plane/i18n' or its corresponding type declarations.
app/(all)/[workspaceSlug]/(projects)/projects/(detail)/[projectId]/modules/(list)/mobile-header.tsx(10,33): error TS2307: Cannot find module '@plane/propel/icons' or its corresponding type declarations.
app/(all)/[workspaceSlug]/(projects)/projects/(detail)/[projectId]/modules/(list)/mobile-header.tsx(11,33): error TS2307: Cannot find module '@plane/ui' or its corresponding type declarations.
app/(all)/[workspaceSlug]/(projects)/projects/(detail)/[projectId]/modules/(list)/mobile-header.tsx(35,35): error TS7006: Parameter 'layout' implicitly has an 'any' type.
app/(all)/[workspaceSlug]/(projects)/projects/(detail)/[projectId]/modules/(list)/page.tsx(11,39): error TS2307: Cannot find module '@plane/constants' or its corresponding type declarations.
app/(all)/[workspaceSlug]/(projects)/projects/(detail)/[projectId]/modules/(list)/page.tsx(12,32): error TS2307: Cannot find module '@plane/i18n' or its corresponding type declarations.
app/(all)/[workspaceSlug]/(projects)/projects/(detail)/[projectId]/modules/(list)/page.tsx(13,37): error TS2307: Cannot find module '@plane/types' or its corresponding type declarations.
app/(all)/[workspaceSlug]/(projects)/projects/(detail)/[projectId]/modules/(list)/page.tsx(14,35): error TS2307: Cannot find module '@plane/types' or its corresponding type declarations.
app/(all)/[workspaceSlug]/(projects)/projects/(detail)/[projectId]/modules/(list)/page.tsx(15,39): error TS2307: Cannot find module '@plane/utils' or its corresponding type declarations.
app/(all)/[workspaceSlug]/(projects)/projects/(detail)/[projectId]/modules/(list)/page.tsx(59,42): error TS7006: Parameter 'val' implicitly has an 'any' type.
app/(all)/[workspaceSlug]/(projects)/projects/(detail)/[projectId]/pages/(detail)/[pageId]/page.tsx(12,34): error TS2307: Cannot find module '@plane/propel/button' or its corresponding type declarations.
app/(all)/[workspaceSlug]/(projects)/projects/(detail)/[projectId]/pages/(detail)/[pageId]/page.tsx(13,81): error TS2307: Cannot find module '@plane/types' or its corresponding type declarations.
app/(all)/[workspaceSlug]/(projects)/projects/(detail)/[projectId]/pages/(detail)/[pageId]/page.tsx(14,32): error TS2307: Cannot find module '@plane/types' or its corresponding type declarations.
app/(all)/[workspaceSlug]/(projects)/projects/(detail)/[projectId]/pages/(detail)/[pageId]/page.tsx(17,20): error TS2307: Cannot find module '@plane/utils' or its corresponding type declarations.
app/(all)/[workspaceSlug]/(projects)/projects/(detail)/[projectId]/pages/(detail)/[pageId]/page.tsx(109,28): error TS7006: Parameter 'blockId' implicitly has an 'any' type.
app/(all)/[workspaceSlug]/(projects)/projects/(detail)/[projectId]/pages/(detail)/[pageId]/page.tsx(109,37): error TS7006: Parameter 'file' implicitly has an 'any' type.
app/(all)/[workspaceSlug]/(projects)/projects/(detail)/[projectId]/pages/(detail)/header.tsx(10,26): error TS2307: Cannot find module '@plane/propel/icons' or its corresponding type declarations.
app/(all)/[workspaceSlug]/(projects)/projects/(detail)/[projectId]/pages/(detail)/header.tsx(11,48): error TS2307: Cannot find module '@plane/types' or its corresponding type declarations.
app/(all)/[workspaceSlug]/(projects)/projects/(detail)/[projectId]/pages/(detail)/header.tsx(12,73): error TS2307: Cannot find module '@plane/ui' or its corresponding type declarations.
app/(all)/[workspaceSlug]/(projects)/projects/(detail)/[projectId]/pages/(detail)/header.tsx(13,29): error TS2307: Cannot find module '@plane/utils' or its corresponding type declarations.
app/(all)/[workspaceSlug]/(projects)/projects/(detail)/[projectId]/pages/(list)/header.tsx(11,29): error TS2307: Cannot find module '@plane/constants' or its corresponding type declarations.
app/(all)/[workspaceSlug]/(projects)/projects/(detail)/[projectId]/pages/(list)/header.tsx(13,24): error TS2307: Cannot find module '@plane/propel/button' or its corresponding type declarations.
app/(all)/[workspaceSlug]/(projects)/projects/(detail)/[projectId]/pages/(list)/header.tsx(14,26): error TS2307: Cannot find module '@plane/propel/icons' or its corresponding type declarations.
app/(all)/[workspaceSlug]/(projects)/projects/(detail)/[projectId]/pages/(list)/header.tsx(15,38): error TS2307: Cannot find module '@plane/propel/toast' or its corresponding type declarations.
app/(all)/[workspaceSlug]/(projects)/projects/(detail)/[projectId]/pages/(list)/header.tsx(16,28): error TS2307: Cannot find module '@plane/types' or its corresponding type declarations.
app/(all)/[workspaceSlug]/(projects)/projects/(detail)/[projectId]/pages/(list)/header.tsx(18,37): error TS2307: Cannot find module '@plane/ui' or its corresponding type declarations.
app/(all)/[workspaceSlug]/(projects)/projects/(detail)/[projectId]/pages/(list)/page.tsx(11,39): error TS2307: Cannot find module '@plane/constants' or its corresponding type declarations.
app/(all)/[workspaceSlug]/(projects)/projects/(detail)/[projectId]/pages/(list)/page.tsx(12,32): error TS2307: Cannot find module '@plane/i18n' or its corresponding type declarations.
app/(all)/[workspaceSlug]/(projects)/projects/(detail)/[projectId]/pages/(list)/page.tsx(13,42): error TS2307: Cannot find module '@plane/types' or its corresponding type declarations.
app/(all)/[workspaceSlug]/(projects)/projects/(detail)/[projectId]/pages/(list)/page.tsx(14,35): error TS2307: Cannot find module '@plane/types' or its corresponding type declarations.
app/(all)/[workspaceSlug]/(projects)/projects/(detail)/[projectId]/views/(detail)/[viewId]/header.tsx(18,8): error TS2307: Cannot find module '@plane/constants' or its corresponding type declarations.
app/(all)/[workspaceSlug]/(projects)/projects/(detail)/[projectId]/views/(detail)/[viewId]/header.tsx(19,24): error TS2307: Cannot find module '@plane/propel/button' or its corresponding type declarations.
app/(all)/[workspaceSlug]/(projects)/projects/(detail)/[projectId]/views/(detail)/[viewId]/header.tsx(20,37): error TS2307: Cannot find module '@plane/propel/icons' or its corresponding type declarations.
app/(all)/[workspaceSlug]/(projects)/projects/(detail)/[projectId]/views/(detail)/[viewId]/header.tsx(21,25): error TS2307: Cannot find module '@plane/propel/tooltip' or its corresponding type declarations.
app/(all)/[workspaceSlug]/(projects)/projects/(detail)/[projectId]/views/(detail)/[viewId]/header.tsx(22,101): error TS2307: Cannot find module '@plane/types' or its corresponding type declarations.
app/(all)/[workspaceSlug]/(projects)/projects/(detail)/[projectId]/views/(detail)/[viewId]/header.tsx(23,66): error TS2307: Cannot find module '@plane/types' or its corresponding type declarations.
app/(all)/[workspaceSlug]/(projects)/projects/(detail)/[projectId]/views/(detail)/[viewId]/header.tsx(24,73): error TS2307: Cannot find module '@plane/ui' or its corresponding type declarations.
app/(all)/[workspaceSlug]/(projects)/projects/(detail)/[projectId]/views/(list)/header.tsx(10,47): error TS2307: Cannot find module '@plane/constants' or its corresponding type declarations.
app/(all)/[workspaceSlug]/(projects)/projects/(detail)/[projectId]/views/(list)/header.tsx(11,24): error TS2307: Cannot find module '@plane/propel/button' or its corresponding type declarations.
app/(all)/[workspaceSlug]/(projects)/projects/(detail)/[projectId]/views/(list)/header.tsx(12,27): error TS2307: Cannot find module '@plane/propel/icons' or its corresponding type declarations.
app/(all)/[workspaceSlug]/(projects)/projects/(detail)/[projectId]/views/(list)/header.tsx(13,37): error TS2307: Cannot find module '@plane/ui' or its corresponding type declarations.
app/(all)/[workspaceSlug]/(projects)/projects/(detail)/[projectId]/views/(list)/mobile-header.tsx(10,33): error TS2307: Cannot find module '@plane/propel/icons' or its corresponding type declarations.
app/(all)/[workspaceSlug]/(projects)/projects/(detail)/[projectId]/views/(list)/mobile-header.tsx(12,21): error TS2307: Cannot find module '@plane/ui' or its corresponding type declarations.
app/(all)/[workspaceSlug]/(projects)/projects/(detail)/[projectId]/views/(list)/page.tsx(11,39): error TS2307: Cannot find module '@plane/constants' or its corresponding type declarations.
app/(all)/[workspaceSlug]/(projects)/projects/(detail)/[projectId]/views/(list)/page.tsx(12,32): error TS2307: Cannot find module '@plane/i18n' or its corresponding type declarations.
app/(all)/[workspaceSlug]/(projects)/projects/(detail)/[projectId]/views/(list)/page.tsx(13,52): error TS2307: Cannot find module '@plane/types' or its corresponding type declarations.
app/(all)/[workspaceSlug]/(projects)/projects/(detail)/[projectId]/views/(list)/page.tsx(14,35): error TS2307: Cannot find module '@plane/types' or its corresponding type declarations.
app/(all)/[workspaceSlug]/(projects)/projects/(detail)/[projectId]/views/(list)/page.tsx(15,40): error TS2307: Cannot find module '@plane/ui' or its corresponding type declarations.
app/(all)/[workspaceSlug]/(projects)/projects/(detail)/[projectId]/views/(list)/page.tsx(16,39): error TS2307: Cannot find module '@plane/utils' or its corresponding type declarations.
app/(all)/[workspaceSlug]/(projects)/sidebar.tsx(10,57): error TS2307: Cannot find module '@plane/constants' or its corresponding type declarations.
app/(all)/[workspaceSlug]/(projects)/star-us-link.tsx(9,32): error TS2307: Cannot find module '@plane/i18n' or its corresponding type declarations.
app/(all)/[workspaceSlug]/(projects)/stickies/header.tsx(10,24): error TS2307: Cannot find module '@plane/propel/button' or its corresponding type declarations.
app/(all)/[workspaceSlug]/(projects)/stickies/header.tsx(11,34): error TS2307: Cannot find module '@plane/propel/icons' or its corresponding type declarations.
app/(all)/[workspaceSlug]/(projects)/stickies/header.tsx(12,37): error TS2307: Cannot find module '@plane/ui' or its corresponding type declarations.
app/(all)/[workspaceSlug]/(projects)/workspace-views/[globalViewId]/page.tsx(10,43): error TS2307: Cannot find module '@plane/constants' or its corresponding type declarations.
app/(all)/[workspaceSlug]/(projects)/workspace-views/[globalViewId]/page.tsx(27,55): error TS7006: Parameter 'view' implicitly has an 'any' type.
app/(all)/[workspaceSlug]/(projects)/workspace-views/header.tsx(16,8): error TS2307: Cannot find module '@plane/constants' or its corresponding type declarations.
app/(all)/[workspaceSlug]/(projects)/workspace-views/header.tsx(17,32): error TS2307: Cannot find module '@plane/i18n' or its corresponding type declarations.
app/(all)/[workspaceSlug]/(projects)/workspace-views/header.tsx(18,24): error TS2307: Cannot find module '@plane/propel/button' or its corresponding type declarations.
app/(all)/[workspaceSlug]/(projects)/workspace-views/header.tsx(19,27): error TS2307: Cannot find module '@plane/propel/icons' or its corresponding type declarations.
app/(all)/[workspaceSlug]/(projects)/workspace-views/header.tsx(20,101): error TS2307: Cannot find module '@plane/types' or its corresponding type declarations.
app/(all)/[workspaceSlug]/(projects)/workspace-views/header.tsx(21,53): error TS2307: Cannot find module '@plane/types' or its corresponding type declarations.
app/(all)/[workspaceSlug]/(projects)/workspace-views/header.tsx(22,73): error TS2307: Cannot find module '@plane/ui' or its corresponding type declarations.
app/(all)/[workspaceSlug]/(projects)/workspace-views/header.tsx(60,9): error TS2345: Argument of type 'undefined' is not assignable to parameter of type 'string'.
app/(all)/[workspaceSlug]/(projects)/workspace-views/header.tsx(72,47): error TS2345: Argument of type 'undefined' is not assignable to parameter of type 'string'.
app/(all)/[workspaceSlug]/(projects)/workspace-views/header.tsx(79,57): error TS7006: Parameter 'view' implicitly has an 'any' type.
app/(all)/[workspaceSlug]/(projects)/workspace-views/header.tsx(81,62): error TS7006: Parameter 'view' implicitly has an 'any' type.
app/(all)/[workspaceSlug]/(projects)/workspace-views/header.tsx(83,57): error TS7006: Parameter 'view' implicitly has an 'any' type.
app/(all)/[workspaceSlug]/(projects)/workspace-views/page.tsx(10,43): error TS2307: Cannot find module '@plane/constants' or its corresponding type declarations.
app/(all)/[workspaceSlug]/(projects)/workspace-views/page.tsx(11,32): error TS2307: Cannot find module '@plane/i18n' or its corresponding type declarations.
app/(all)/[workspaceSlug]/(projects)/workspace-views/page.tsx(12,28): error TS2307: Cannot find module '@plane/propel/icons' or its corresponding type declarations.
app/(all)/[workspaceSlug]/(projects)/workspace-views/page.tsx(13,23): error TS2307: Cannot find module '@plane/ui' or its corresponding type declarations.
app/(all)/[workspaceSlug]/(projects)/workspace-views/page.tsx(38,24): error TS7006: Parameter 'e' implicitly has an 'any' type.
app/(all)/[workspaceSlug]/(projects)/workspace-views/page.tsx(44,46): error TS7006: Parameter 'v' implicitly has an 'any' type.
app/(all)/[workspaceSlug]/(projects)/workspace-views/page.tsx(45,14): error TS7006: Parameter 'option' implicitly has an 'any' type.
app/(all)/[workspaceSlug]/(settings)/settings/(workspace)/billing/header.tsx(9,36): error TS2307: Cannot find module '@plane/constants' or its corresponding type declarations.
app/(all)/[workspaceSlug]/(settings)/settings/(workspace)/billing/header.tsx(10,32): error TS2307: Cannot find module '@plane/i18n' or its corresponding type declarations.
app/(all)/[workspaceSlug]/(settings)/settings/(workspace)/billing/header.tsx(11,29): error TS2307: Cannot find module '@plane/ui' or its corresponding type declarations.
app/(all)/[workspaceSlug]/(settings)/settings/(workspace)/billing/page.tsx(9,57): error TS2307: Cannot find module '@plane/constants' or its corresponding type declarations.
app/(all)/[workspaceSlug]/(settings)/settings/(workspace)/exports/header.tsx(9,36): error TS2307: Cannot find module '@plane/constants' or its corresponding type declarations.
app/(all)/[workspaceSlug]/(settings)/settings/(workspace)/exports/header.tsx(10,32): error TS2307: Cannot find module '@plane/i18n' or its corresponding type declarations.
app/(all)/[workspaceSlug]/(settings)/settings/(workspace)/exports/header.tsx(11,29): error TS2307: Cannot find module '@plane/ui' or its corresponding type declarations.
app/(all)/[workspaceSlug]/(settings)/settings/(workspace)/exports/page.tsx(8,57): error TS2307: Cannot find module '@plane/constants' or its corresponding type declarations.
app/(all)/[workspaceSlug]/(settings)/settings/(workspace)/exports/page.tsx(9,32): error TS2307: Cannot find module '@plane/i18n' or its corresponding type declarations.
app/(all)/[workspaceSlug]/(settings)/settings/(workspace)/exports/page.tsx(10,20): error TS2307: Cannot find module '@plane/utils' or its corresponding type declarations.
app/(all)/[workspaceSlug]/(settings)/settings/(workspace)/header.tsx(9,36): error TS2307: Cannot find module '@plane/constants' or its corresponding type declarations.
app/(all)/[workspaceSlug]/(settings)/settings/(workspace)/header.tsx(10,32): error TS2307: Cannot find module '@plane/i18n' or its corresponding type declarations.
app/(all)/[workspaceSlug]/(settings)/settings/(workspace)/header.tsx(11,29): error TS2307: Cannot find module '@plane/ui' or its corresponding type declarations.
app/(all)/[workspaceSlug]/(settings)/settings/(workspace)/integrations/page.tsx(10,57): error TS2307: Cannot find module '@plane/constants' or its corresponding type declarations.
app/(all)/[workspaceSlug]/(settings)/settings/(workspace)/integrations/page.tsx(17,34): error TS2307: Cannot find module '@plane/constants' or its corresponding type declarations.
app/(all)/[workspaceSlug]/(settings)/settings/(workspace)/layout.tsx(15,43): error TS2307: Cannot find module '@plane/constants' or its corresponding type declarations.
app/(all)/[workspaceSlug]/(settings)/settings/(workspace)/layout.tsx(16,42): error TS2307: Cannot find module '@plane/types' or its corresponding type declarations.
app/(all)/[workspaceSlug]/(settings)/settings/(workspace)/members/header.tsx(9,36): error TS2307: Cannot find module '@plane/constants' or its corresponding type declarations.
app/(all)/[workspaceSlug]/(settings)/settings/(workspace)/members/header.tsx(10,32): error TS2307: Cannot find module '@plane/i18n' or its corresponding type declarations.
app/(all)/[workspaceSlug]/(settings)/settings/(workspace)/members/header.tsx(11,29): error TS2307: Cannot find module '@plane/ui' or its corresponding type declarations.
app/(all)/[workspaceSlug]/(settings)/settings/(workspace)/members/page.tsx(10,57): error TS2307: Cannot find module '@plane/constants' or its corresponding type declarations.
app/(all)/[workspaceSlug]/(settings)/settings/(workspace)/members/page.tsx(11,32): error TS2307: Cannot find module '@plane/i18n' or its corresponding type declarations.
app/(all)/[workspaceSlug]/(settings)/settings/(workspace)/members/page.tsx(12,24): error TS2307: Cannot find module '@plane/propel/button' or its corresponding type declarations.
app/(all)/[workspaceSlug]/(settings)/settings/(workspace)/members/page.tsx(13,28): error TS2307: Cannot find module '@plane/propel/icons' or its corresponding type declarations.
app/(all)/[workspaceSlug]/(settings)/settings/(workspace)/members/page.tsx(14,38): error TS2307: Cannot find module '@plane/propel/toast' or its corresponding type declarations.
app/(all)/[workspaceSlug]/(settings)/settings/(workspace)/members/page.tsx(15,51): error TS2307: Cannot find module '@plane/types' or its corresponding type declarations.
app/(all)/[workspaceSlug]/(settings)/settings/(workspace)/members/page.tsx(16,20): error TS2307: Cannot find module '@plane/utils' or its corresponding type declarations.
app/(all)/[workspaceSlug]/(settings)/settings/(workspace)/page.tsx(9,32): error TS2307: Cannot find module '@plane/i18n' or its corresponding type declarations.
app/(all)/[workspaceSlug]/(settings)/settings/(workspace)/webhooks/[webhookId]/header.tsx(9,36): error TS2307: Cannot find module '@plane/constants' or its corresponding type declarations.
app/(all)/[workspaceSlug]/(settings)/settings/(workspace)/webhooks/[webhookId]/header.tsx(10,32): error TS2307: Cannot find module '@plane/i18n' or its corresponding type declarations.
app/(all)/[workspaceSlug]/(settings)/settings/(workspace)/webhooks/[webhookId]/header.tsx(11,29): error TS2307: Cannot find module '@plane/ui' or its corresponding type declarations.
app/(all)/[workspaceSlug]/(settings)/settings/(workspace)/webhooks/[webhookId]/page.tsx(10,57): error TS2307: Cannot find module '@plane/constants' or its corresponding type declarations.
app/(all)/[workspaceSlug]/(settings)/settings/(workspace)/webhooks/[webhookId]/page.tsx(11,38): error TS2307: Cannot find module '@plane/propel/toast' or its corresponding type declarations.
app/(all)/[workspaceSlug]/(settings)/settings/(workspace)/webhooks/[webhookId]/page.tsx(12,31): error TS2307: Cannot find module '@plane/types' or its corresponding type declarations.
app/(all)/[workspaceSlug]/(settings)/settings/(workspace)/webhooks/header.tsx(9,36): error TS2307: Cannot find module '@plane/constants' or its corresponding type declarations.
app/(all)/[workspaceSlug]/(settings)/settings/(workspace)/webhooks/header.tsx(10,32): error TS2307: Cannot find module '@plane/i18n' or its corresponding type declarations.
app/(all)/[workspaceSlug]/(settings)/settings/(workspace)/webhooks/header.tsx(11,29): error TS2307: Cannot find module '@plane/ui' or its corresponding type declarations.
app/(all)/[workspaceSlug]/(settings)/settings/(workspace)/webhooks/page.tsx(11,57): error TS2307: Cannot find module '@plane/constants' or its corresponding type declarations.
app/(all)/[workspaceSlug]/(settings)/settings/(workspace)/webhooks/page.tsx(12,32): error TS2307: Cannot find module '@plane/i18n' or its corresponding type declarations.
app/(all)/[workspaceSlug]/(settings)/settings/(workspace)/webhooks/page.tsx(13,24): error TS2307: Cannot find module '@plane/propel/button' or its corresponding type declarations.
app/(all)/[workspaceSlug]/(settings)/settings/(workspace)/webhooks/page.tsx(15,35): error TS2307: Cannot find module '@plane/propel/empty-state' or its corresponding type declarations.
app/(all)/[workspaceSlug]/(settings)/settings/projects/[projectId]/automations/header.tsx(9,34): error TS2307: Cannot find module '@plane/constants' or its corresponding type declarations.
app/(all)/[workspaceSlug]/(settings)/settings/projects/[projectId]/automations/header.tsx(10,32): error TS2307: Cannot find module '@plane/i18n' or its corresponding type declarations.
app/(all)/[workspaceSlug]/(settings)/settings/projects/[projectId]/automations/header.tsx(11,29): error TS2307: Cannot find module '@plane/ui' or its corresponding type declarations.
app/(all)/[workspaceSlug]/(settings)/settings/projects/[projectId]/automations/page.tsx(9,57): error TS2307: Cannot find module '@plane/constants' or its corresponding type declarations.
app/(all)/[workspaceSlug]/(settings)/settings/projects/[projectId]/automations/page.tsx(10,32): error TS2307: Cannot find module '@plane/i18n' or its corresponding type declarations.
app/(all)/[workspaceSlug]/(settings)/settings/projects/[projectId]/automations/page.tsx(11,38): error TS2307: Cannot find module '@plane/propel/toast' or its corresponding type declarations.
app/(all)/[workspaceSlug]/(settings)/settings/projects/[projectId]/automations/page.tsx(12,31): error TS2307: Cannot find module '@plane/types' or its corresponding type declarations.
app/(all)/[workspaceSlug]/(settings)/settings/projects/[projectId]/estimates/header.tsx(9,34): error TS2307: Cannot find module '@plane/constants' or its corresponding type declarations.
app/(all)/[workspaceSlug]/(settings)/settings/projects/[projectId]/estimates/header.tsx(10,32): error TS2307: Cannot find module '@plane/i18n' or its corresponding type declarations.
app/(all)/[workspaceSlug]/(settings)/settings/projects/[projectId]/estimates/header.tsx(11,29): error TS2307: Cannot find module '@plane/ui' or its corresponding type declarations.
app/(all)/[workspaceSlug]/(settings)/settings/projects/[projectId]/estimates/page.tsx(9,57): error TS2307: Cannot find module '@plane/constants' or its corresponding type declarations.
app/(all)/[workspaceSlug]/(settings)/settings/projects/[projectId]/features/cycles/header.tsx(9,34): error TS2307: Cannot find module '@plane/constants' or its corresponding type declarations.
app/(all)/[workspaceSlug]/(settings)/settings/projects/[projectId]/features/cycles/header.tsx(10,32): error TS2307: Cannot find module '@plane/i18n' or its corresponding type declarations.
app/(all)/[workspaceSlug]/(settings)/settings/projects/[projectId]/features/cycles/header.tsx(11,29): error TS2307: Cannot find module '@plane/ui' or its corresponding type declarations.
app/(all)/[workspaceSlug]/(settings)/settings/projects/[projectId]/features/cycles/page.tsx(9,32): error TS2307: Cannot find module '@plane/i18n' or its corresponding type declarations.
app/(all)/[workspaceSlug]/(settings)/settings/projects/[projectId]/features/cycles/page.tsx(11,57): error TS2307: Cannot find module '@plane/constants' or its corresponding type declarations.
app/(all)/[workspaceSlug]/(settings)/settings/projects/[projectId]/features/intake/header.tsx(9,34): error TS2307: Cannot find module '@plane/constants' or its corresponding type declarations.
app/(all)/[workspaceSlug]/(settings)/settings/projects/[projectId]/features/intake/header.tsx(10,32): error TS2307: Cannot find module '@plane/i18n' or its corresponding type declarations.
app/(all)/[workspaceSlug]/(settings)/settings/projects/[projectId]/features/intake/header.tsx(11,29): error TS2307: Cannot find module '@plane/ui' or its corresponding type declarations.
app/(all)/[workspaceSlug]/(settings)/settings/projects/[projectId]/features/intake/page.tsx(9,32): error TS2307: Cannot find module '@plane/i18n' or its corresponding type declarations.
app/(all)/[workspaceSlug]/(settings)/settings/projects/[projectId]/features/intake/page.tsx(11,57): error TS2307: Cannot find module '@plane/constants' or its corresponding type declarations.
app/(all)/[workspaceSlug]/(settings)/settings/projects/[projectId]/features/modules/header.tsx(9,34): error TS2307: Cannot find module '@plane/constants' or its corresponding type declarations.
app/(all)/[workspaceSlug]/(settings)/settings/projects/[projectId]/features/modules/header.tsx(10,32): error TS2307: Cannot find module '@plane/i18n' or its corresponding type declarations.
app/(all)/[workspaceSlug]/(settings)/settings/projects/[projectId]/features/modules/header.tsx(11,29): error TS2307: Cannot find module '@plane/ui' or its corresponding type declarations.
app/(all)/[workspaceSlug]/(settings)/settings/projects/[projectId]/features/modules/page.tsx(9,32): error TS2307: Cannot find module '@plane/i18n' or its corresponding type declarations.
app/(all)/[workspaceSlug]/(settings)/settings/projects/[projectId]/features/modules/page.tsx(11,57): error TS2307: Cannot find module '@plane/constants' or its corresponding type declarations.
app/(all)/[workspaceSlug]/(settings)/settings/projects/[projectId]/features/pages/header.tsx(9,34): error TS2307: Cannot find module '@plane/constants' or its corresponding type declarations.
app/(all)/[workspaceSlug]/(settings)/settings/projects/[projectId]/features/pages/header.tsx(10,32): error TS2307: Cannot find module '@plane/i18n' or its corresponding type declarations.
app/(all)/[workspaceSlug]/(settings)/settings/projects/[projectId]/features/pages/header.tsx(11,29): error TS2307: Cannot find module '@plane/ui' or its corresponding type declarations.
app/(all)/[workspaceSlug]/(settings)/settings/projects/[projectId]/features/pages/page.tsx(9,32): error TS2307: Cannot find module '@plane/i18n' or its corresponding type declarations.
app/(all)/[workspaceSlug]/(settings)/settings/projects/[projectId]/features/pages/page.tsx(11,57): error TS2307: Cannot find module '@plane/constants' or its corresponding type declarations.
app/(all)/[workspaceSlug]/(settings)/settings/projects/[projectId]/features/views/header.tsx(9,34): error TS2307: Cannot find module '@plane/constants' or its corresponding type declarations.
app/(all)/[workspaceSlug]/(settings)/settings/projects/[projectId]/features/views/header.tsx(10,32): error TS2307: Cannot find module '@plane/i18n' or its corresponding type declarations.
app/(all)/[workspaceSlug]/(settings)/settings/projects/[projectId]/features/views/header.tsx(11,29): error TS2307: Cannot find module '@plane/ui' or its corresponding type declarations.
app/(all)/[workspaceSlug]/(settings)/settings/projects/[projectId]/features/views/page.tsx(9,32): error TS2307: Cannot find module '@plane/i18n' or its corresponding type declarations.
app/(all)/[workspaceSlug]/(settings)/settings/projects/[projectId]/features/views/page.tsx(11,57): error TS2307: Cannot find module '@plane/constants' or its corresponding type declarations.
app/(all)/[workspaceSlug]/(settings)/settings/projects/[projectId]/header.tsx(9,34): error TS2307: Cannot find module '@plane/constants' or its corresponding type declarations.
app/(all)/[workspaceSlug]/(settings)/settings/projects/[projectId]/header.tsx(10,32): error TS2307: Cannot find module '@plane/i18n' or its corresponding type declarations.
app/(all)/[workspaceSlug]/(settings)/settings/projects/[projectId]/header.tsx(11,29): error TS2307: Cannot find module '@plane/ui' or its corresponding type declarations.
app/(all)/[workspaceSlug]/(settings)/settings/projects/[projectId]/labels/header.tsx(9,34): error TS2307: Cannot find module '@plane/constants' or its corresponding type declarations.
app/(all)/[workspaceSlug]/(settings)/settings/projects/[projectId]/labels/header.tsx(10,32): error TS2307: Cannot find module '@plane/i18n' or its corresponding type declarations.
app/(all)/[workspaceSlug]/(settings)/settings/projects/[projectId]/labels/header.tsx(11,29): error TS2307: Cannot find module '@plane/ui' or its corresponding type declarations.
app/(all)/[workspaceSlug]/(settings)/settings/projects/[projectId]/labels/page.tsx(12,57): error TS2307: Cannot find module '@plane/constants' or its corresponding type declarations.
app/(all)/[workspaceSlug]/(settings)/settings/projects/[projectId]/members/header.tsx(9,34): error TS2307: Cannot find module '@plane/constants' or its corresponding type declarations.
app/(all)/[workspaceSlug]/(settings)/settings/projects/[projectId]/members/header.tsx(10,32): error TS2307: Cannot find module '@plane/i18n' or its corresponding type declarations.
app/(all)/[workspaceSlug]/(settings)/settings/projects/[projectId]/members/header.tsx(11,29): error TS2307: Cannot find module '@plane/ui' or its corresponding type declarations.
app/(all)/[workspaceSlug]/(settings)/settings/projects/[projectId]/members/page.tsx(9,57): error TS2307: Cannot find module '@plane/constants' or its corresponding type declarations.
app/(all)/[workspaceSlug]/(settings)/settings/projects/[projectId]/members/page.tsx(10,32): error TS2307: Cannot find module '@plane/i18n' or its corresponding type declarations.
app/(all)/[workspaceSlug]/(settings)/settings/projects/[projectId]/page.tsx(9,57): error TS2307: Cannot find module '@plane/constants' or its corresponding type declarations.
app/(all)/[workspaceSlug]/(settings)/settings/projects/[projectId]/states/header.tsx(9,34): error TS2307: Cannot find module '@plane/constants' or its corresponding type declarations.
app/(all)/[workspaceSlug]/(settings)/settings/projects/[projectId]/states/header.tsx(10,32): error TS2307: Cannot find module '@plane/i18n' or its corresponding type declarations.
app/(all)/[workspaceSlug]/(settings)/settings/projects/[projectId]/states/header.tsx(11,29): error TS2307: Cannot find module '@plane/ui' or its corresponding type declarations.
app/(all)/[workspaceSlug]/(settings)/settings/projects/[projectId]/states/page.tsx(8,57): error TS2307: Cannot find module '@plane/constants' or its corresponding type declarations.
app/(all)/[workspaceSlug]/(settings)/settings/projects/[projectId]/states/page.tsx(9,32): error TS2307: Cannot find module '@plane/i18n' or its corresponding type declarations.
app/(all)/[workspaceSlug]/(settings)/settings/projects/page.tsx(11,42): error TS2307: Cannot find module '@plane/constants' or its corresponding type declarations.
app/(all)/[workspaceSlug]/(settings)/settings/projects/page.tsx(12,42): error TS2307: Cannot find module '@plane/propel/button' or its corresponding type declarations.
app/(all)/[workspaceSlug]/(settings)/settings/projects/page.tsx(13,20): error TS2307: Cannot find module '@plane/utils' or its corresponding type declarations.
app/(all)/accounts/reset-password/page.tsx(8,28): error TS2307: Cannot find module '@plane/constants' or its corresponding type declarations.
app/(all)/accounts/set-password/page.tsx(8,28): error TS2307: Cannot find module '@plane/constants' or its corresponding type declarations.
app/(all)/create-workspace/page.tsx(11,32): error TS2307: Cannot find module '@plane/i18n' or its corresponding type declarations.
app/(all)/create-workspace/page.tsx(12,42): error TS2307: Cannot find module '@plane/propel/button' or its corresponding type declarations.
app/(all)/create-workspace/page.tsx(13,27): error TS2307: Cannot find module '@plane/propel/icons' or its corresponding type declarations.
app/(all)/create-workspace/page.tsx(14,33): error TS2307: Cannot find module '@plane/types' or its corresponding type declarations.
app/(all)/invitations/page.tsx(14,22): error TS2307: Cannot find module '@plane/constants' or its corresponding type declarations.
app/(all)/invitations/page.tsx(15,32): error TS2307: Cannot find module '@plane/i18n' or its corresponding type declarations.
app/(all)/invitations/page.tsx(17,24): error TS2307: Cannot find module '@plane/propel/button' or its corresponding type declarations.
app/(all)/invitations/page.tsx(18,27): error TS2307: Cannot find module '@plane/propel/icons' or its corresponding type declarations.
app/(all)/invitations/page.tsx(19,38): error TS2307: Cannot find module '@plane/propel/toast' or its corresponding type declarations.
app/(all)/invitations/page.tsx(20,49): error TS2307: Cannot find module '@plane/types' or its corresponding type declarations.
app/(all)/invitations/page.tsx(21,30): error TS2307: Cannot find module '@plane/utils' or its corresponding type declarations.
app/(all)/invitations/page.tsx(27,38): error TS2307: Cannot find module '@plane/constants' or its corresponding type declarations.
app/(all)/onboarding/page.tsx(14,38): error TS2307: Cannot find module '@plane/constants' or its corresponding type declarations.
app/(all)/settings/profile/[profileTabId]/page.tsx(9,39): error TS2307: Cannot find module '@plane/constants' or its corresponding type declarations.
app/(all)/settings/profile/[profileTabId]/page.tsx(10,32): error TS2307: Cannot find module '@plane/i18n' or its corresponding type declarations.
app/(all)/settings/profile/[profileTabId]/page.tsx(11,43): error TS2307: Cannot find module '@plane/types' or its corresponding type declarations.
app/(all)/workspace-invitations/page.tsx(11,38): error TS2307: Cannot find module '@plane/propel/icons' or its corresponding type declarations.
app/(all)/workspace-invitations/page.tsx(16,38): error TS2307: Cannot find module '@plane/constants' or its corresponding type declarations.
app/(mobile-community)/mobile-api.ts(1,30): error TS2307: Cannot find module '@plane/constants' or its corresponding type declarations.
app/error/dev.tsx(9,24): error TS2307: Cannot find module '@plane/propel/banner' or its corresponding type declarations.
app/error/dev.tsx(10,24): error TS2307: Cannot find module '@plane/propel/button' or its corresponding type declarations.
app/error/dev.tsx(11,36): error TS2307: Cannot find module '@plane/propel/card' or its corresponding type declarations.
app/error/dev.tsx(12,30): error TS2307: Cannot find module '@plane/propel/icons' or its corresponding type declarations.
app/error/prod.tsx(9,24): error TS2307: Cannot find module '@plane/propel/button' or its corresponding type declarations.
app/layout.tsx(12,45): error TS2307: Cannot find module '@plane/constants' or its corresponding type declarations.
app/layout.tsx(15,20): error TS2307: Cannot find module '@plane/utils' or its corresponding type declarations.
app/not-found.tsx(9,24): error TS2307: Cannot find module '@plane/propel/button' or its corresponding type declarations.
app/provider.tsx(11,32): error TS2307: Cannot find module '@plane/constants' or its corresponding type declarations.
app/provider.tsx(12,37): error TS2307: Cannot find module '@plane/i18n' or its corresponding type declarations.
app/provider.tsx(13,23): error TS2307: Cannot find module '@plane/propel/toast' or its corresponding type declarations.
app/provider.tsx(15,37): error TS2307: Cannot find module '@plane/utils' or its corresponding type declarations.
app/root.tsx(13,45): error TS2307: Cannot find module '@plane/constants' or its corresponding type declarations.
app/root.tsx(14,20): error TS2307: Cannot find module '@plane/utils' or its corresponding type declarations.
core/components/account/auth-forms/auth-banner.tsx(9,32): error TS2307: Cannot find module '@plane/i18n' or its corresponding type declarations.
core/components/account/auth-forms/auth-banner.tsx(10,27): error TS2307: Cannot find module '@plane/propel/icons' or its corresponding type declarations.
core/components/account/auth-forms/auth-header.tsx(9,32): error TS2307: Cannot find module '@plane/i18n' or its corresponding type declarations.
core/components/account/auth-forms/auth-header.tsx(10,49): error TS2307: Cannot find module '@plane/types' or its corresponding type declarations.
core/components/account/auth-forms/auth-root.tsx(11,30): error TS2307: Cannot find module '@plane/ui' or its corresponding type declarations.
core/components/account/auth-forms/email.tsx(13,32): error TS2307: Cannot find module '@plane/i18n' or its corresponding type declarations.
core/components/account/auth-forms/email.tsx(14,24): error TS2307: Cannot find module '@plane/propel/button' or its corresponding type declarations.
core/components/account/auth-forms/email.tsx(15,38): error TS2307: Cannot find module '@plane/types' or its corresponding type declarations.
core/components/account/auth-forms/email.tsx(16,32): error TS2307: Cannot find module '@plane/ui' or its corresponding type declarations.
core/components/account/auth-forms/email.tsx(17,40): error TS2307: Cannot find module '@plane/utils' or its corresponding type declarations.
core/components/account/auth-forms/email.tsx(74,24): error TS7006: Parameter 'e' implicitly has an 'any' type.
core/components/account/auth-forms/forgot-password-popover.tsx(11,32): error TS2307: Cannot find module '@plane/i18n' or its corresponding type declarations.
core/components/account/auth-forms/forgot-password-popover.tsx(12,27): error TS2307: Cannot find module '@plane/propel/icons' or its corresponding type declarations.
core/components/account/auth-forms/forgot-password.tsx(14,32): error TS2307: Cannot find module '@plane/i18n' or its corresponding type declarations.
core/components/account/auth-forms/forgot-password.tsx(15,42): error TS2307: Cannot find module '@plane/propel/button' or its corresponding type declarations.
core/components/account/auth-forms/forgot-password.tsx(16,38): error TS2307: Cannot find module '@plane/propel/toast' or its corresponding type declarations.
core/components/account/auth-forms/forgot-password.tsx(17,23): error TS2307: Cannot find module '@plane/ui' or its corresponding type declarations.
core/components/account/auth-forms/forgot-password.tsx(18,40): error TS2307: Cannot find module '@plane/utils' or its corresponding type declarations.
core/components/account/auth-forms/form-root.tsx(10,40): error TS2307: Cannot find module '@plane/constants' or its corresponding type declarations.
core/components/account/auth-forms/form-root.tsx(11,38): error TS2307: Cannot find module '@plane/types' or its corresponding type declarations.
core/components/account/auth-forms/password.tsx(13,74): error TS2307: Cannot find module '@plane/constants' or its corresponding type declarations.
core/components/account/auth-forms/password.tsx(14,32): error TS2307: Cannot find module '@plane/i18n' or its corresponding type declarations.
core/components/account/auth-forms/password.tsx(15,24): error TS2307: Cannot find module '@plane/propel/button' or its corresponding type declarations.
core/components/account/auth-forms/password.tsx(16,27): error TS2307: Cannot find module '@plane/propel/icons' or its corresponding type declarations.
core/components/account/auth-forms/password.tsx(17,59): error TS2307: Cannot find module '@plane/ui' or its corresponding type declarations.
core/components/account/auth-forms/password.tsx(18,37): error TS2307: Cannot find module '@plane/utils' or its corresponding type declarations.
core/components/account/auth-forms/password.tsx(183,26): error TS7006: Parameter 'e' implicitly has an 'any' type.
core/components/account/auth-forms/password.tsx(211,26): error TS7006: Parameter 'e' implicitly has an 'any' type.
core/components/account/auth-forms/password.tsx(248,28): error TS7006: Parameter 'e' implicitly has an 'any' type.
core/components/account/auth-forms/reset-password.tsx(13,51): error TS2307: Cannot find module '@plane/constants' or its corresponding type declarations.
core/components/account/auth-forms/reset-password.tsx(14,32): error TS2307: Cannot find module '@plane/i18n' or its corresponding type declarations.
core/components/account/auth-forms/reset-password.tsx(15,24): error TS2307: Cannot find module '@plane/propel/button' or its corresponding type declarations.
core/components/account/auth-forms/reset-password.tsx(16,50): error TS2307: Cannot find module '@plane/ui' or its corresponding type declarations.
core/components/account/auth-forms/reset-password.tsx(18,37): error TS2307: Cannot find module '@plane/utils' or its corresponding type declarations.
core/components/account/auth-forms/reset-password.tsx(140,26): error TS7006: Parameter 'e' implicitly has an 'any' type.
core/components/account/auth-forms/reset-password.tsx(173,26): error TS7006: Parameter 'e' implicitly has an 'any' type.
core/components/account/auth-forms/set-password.tsx(14,37): error TS2307: Cannot find module '@plane/constants' or its corresponding type declarations.
core/components/account/auth-forms/set-password.tsx(15,32): error TS2307: Cannot find module '@plane/i18n' or its corresponding type declarations.
core/components/account/auth-forms/set-password.tsx(16,24): error TS2307: Cannot find module '@plane/propel/button' or its corresponding type declarations.
core/components/account/auth-forms/set-password.tsx(17,38): error TS2307: Cannot find module '@plane/propel/toast' or its corresponding type declarations.
core/components/account/auth-forms/set-password.tsx(18,50): error TS2307: Cannot find module '@plane/ui' or its corresponding type declarations.
core/components/account/auth-forms/set-password.tsx(20,37): error TS2307: Cannot find module '@plane/utils' or its corresponding type declarations.
core/components/account/auth-forms/set-password.tsx(143,26): error TS7006: Parameter 'e' implicitly has an 'any' type.
core/components/account/auth-forms/set-password.tsx(176,26): error TS7006: Parameter 'e' implicitly has an 'any' type.
core/components/account/auth-forms/unique-code.tsx(9,30): error TS2307: Cannot find module '@plane/constants' or its corresponding type declarations.
core/components/account/auth-forms/unique-code.tsx(10,32): error TS2307: Cannot find module '@plane/i18n' or its corresponding type declarations.
core/components/account/auth-forms/unique-code.tsx(11,24): error TS2307: Cannot find module '@plane/propel/button' or its corresponding type declarations.
core/components/account/auth-forms/unique-code.tsx(12,32): error TS2307: Cannot find module '@plane/ui' or its corresponding type declarations.
core/components/account/auth-forms/unique-code.tsx(107,24): error TS7006: Parameter 'e' implicitly has an 'any' type.
core/components/account/auth-forms/unique-code.tsx(134,22): error TS7006: Parameter 'e' implicitly has an 'any' type.
core/components/account/deactivate-account-modal.tsx(8,32): error TS2307: Cannot find module '@plane/i18n' or its corresponding type declarations.
core/components/account/deactivate-account-modal.tsx(10,24): error TS2307: Cannot find module '@plane/propel/button' or its corresponding type declarations.
core/components/account/deactivate-account-modal.tsx(11,27): error TS2307: Cannot find module '@plane/propel/icons' or its corresponding type declarations.
core/components/account/deactivate-account-modal.tsx(12,38): error TS2307: Cannot find module '@plane/propel/toast' or its corresponding type declarations.
core/components/account/deactivate-account-modal.tsx(13,56): error TS2307: Cannot find module '@plane/ui' or its corresponding type declarations.
core/components/account/terms-and-conditions.tsx(9,28): error TS2307: Cannot find module '@plane/constants' or its corresponding type declarations.
core/components/active-cycles/workspace-active-cycles-upgrade.tsx(10,45): error TS2307: Cannot find module '@plane/constants' or its corresponding type declarations.
core/components/active-cycles/workspace-active-cycles-upgrade.tsx(11,32): error TS2307: Cannot find module '@plane/i18n' or its corresponding type declarations.
core/components/active-cycles/workspace-active-cycles-upgrade.tsx(12,34): error TS2307: Cannot find module '@plane/propel/button' or its corresponding type declarations.
core/components/active-cycles/workspace-active-cycles-upgrade.tsx(13,28): error TS2307: Cannot find module '@plane/propel/icons' or its corresponding type declarations.
core/components/active-cycles/workspace-active-cycles-upgrade.tsx(14,32): error TS2307: Cannot find module '@plane/ui' or its corresponding type declarations.
core/components/active-cycles/workspace-active-cycles-upgrade.tsx(15,20): error TS2307: Cannot find module '@plane/utils' or its corresponding type declarations.
core/components/analytics/analytics-section-wrapper.tsx(7,20): error TS2307: Cannot find module '@plane/utils' or its corresponding type declarations.
core/components/analytics/analytics-wrapper.tsx(9,32): error TS2307: Cannot find module '@plane/i18n' or its corresponding type declarations.
core/components/analytics/analytics-wrapper.tsx(10,20): error TS2307: Cannot find module '@plane/utils' or its corresponding type declarations.
core/components/analytics/empty-state.tsx(9,20): error TS2307: Cannot find module '@plane/utils' or its corresponding type declarations.
core/components/analytics/insight-card.tsx(9,47): error TS2307: Cannot find module '@plane/types' or its corresponding type declarations.
core/components/analytics/insight-card.tsx(10,24): error TS2307: Cannot find module '@plane/ui' or its corresponding type declarations.
core/components/analytics/insight-table/data-table.tsx(25,32): error TS2307: Cannot find module '@plane/i18n' or its corresponding type declarations.
core/components/analytics/insight-table/data-table.tsx(26,35): error TS2307: Cannot find module '@plane/propel/empty-state' or its corresponding type declarations.
core/components/analytics/insight-table/data-table.tsx(27,39): error TS2307: Cannot find module '@plane/propel/icons' or its corresponding type declarations.
core/components/analytics/insight-table/data-table.tsx(29,79): error TS2307: Cannot find module '@plane/propel/table' or its corresponding type declarations.
core/components/analytics/insight-table/data-table.tsx(30,20): error TS2307: Cannot find module '@plane/utils' or its corresponding type declarations.
core/components/analytics/insight-table/loader.tsx(9,79): error TS2307: Cannot find module '@plane/propel/table' or its corresponding type declarations.
core/components/analytics/insight-table/loader.tsx(10,24): error TS2307: Cannot find module '@plane/ui' or its corresponding type declarations.
core/components/analytics/insight-table/root.tsx(9,32): error TS2307: Cannot find module '@plane/i18n' or its corresponding type declarations.
core/components/analytics/insight-table/root.tsx(10,24): error TS2307: Cannot find module '@plane/propel/button' or its corresponding type declarations.
core/components/analytics/insight-table/root.tsx(11,64): error TS2307: Cannot find module '@plane/types' or its corresponding type declarations.
core/components/analytics/loaders.tsx(7,24): error TS2307: Cannot find module '@plane/ui' or its corresponding type declarations.
core/components/analytics/overview/active-project-item.tsx(8,22): error TS2307: Cannot find module '@plane/propel/emoji-icon-picker' or its corresponding type declarations.
core/components/analytics/overview/active-project-item.tsx(9,29): error TS2307: Cannot find module '@plane/propel/icons' or its corresponding type declarations.
core/components/analytics/overview/active-project-item.tsx(10,25): error TS2307: Cannot find module '@plane/propel/tooltip' or its corresponding type declarations.
core/components/analytics/overview/active-project-item.tsx(11,20): error TS2307: Cannot find module '@plane/utils' or its corresponding type declarations.
core/components/analytics/overview/active-projects.tsx(12,32): error TS2307: Cannot find module '@plane/i18n' or its corresponding type declarations.
core/components/analytics/overview/active-projects.tsx(13,24): error TS2307: Cannot find module '@plane/ui' or its corresponding type declarations.
core/components/analytics/overview/project-insights.tsx(12,32): error TS2307: Cannot find module '@plane/i18n' or its corresponding type declarations.
core/components/analytics/overview/project-insights.tsx(13,35): error TS2307: Cannot find module '@plane/propel/empty-state' or its corresponding type declarations.
core/components/analytics/overview/project-insights.tsx(14,33): error TS2307: Cannot find module '@plane/types' or its corresponding type declarations.
core/components/analytics/overview/project-insights.tsx(24,17): error TS2307: Cannot find module '@plane/propel/charts/radar-chart' or its corresponding type declarations.
core/components/analytics/overview/project-insights.tsx(74,17): error TS2322: Type '{ className: string; data: TChartData<string, string>[]; dataKey: string; radars: { key: string; name: string; fill: string; stroke: string; fillOpacity: number; dot: { r: number; fillOpacity: number; }; }[]; margin: { ...; }; showTooltip: true; angleAxis: { ...; }; }' is not assignable to type 'IntrinsicAttributes'.
  Property 'className' does not exist on type 'IntrinsicAttributes'.
core/components/analytics/select/analytics-params.tsx(13,66): error TS2307: Cannot find module '@plane/constants' or its corresponding type declarations.
core/components/analytics/select/analytics-params.tsx(14,36): error TS2307: Cannot find module '@plane/propel/icons' or its corresponding type declarations.
core/components/analytics/select/analytics-params.tsx(15,39): error TS2307: Cannot find module '@plane/types' or its corresponding type declarations.
core/components/analytics/select/analytics-params.tsx(16,34): error TS2307: Cannot find module '@plane/types' or its corresponding type declarations.
core/components/analytics/select/analytics-params.tsx(17,20): error TS2307: Cannot find module '@plane/utils' or its corresponding type declarations.
core/components/analytics/select/analytics-params.tsx(34,43): error TS7006: Parameter 'option' implicitly has an 'any' type.
core/components/analytics/select/analytics-params.tsx(38,43): error TS7006: Parameter 'option' implicitly has an 'any' type.
core/components/analytics/select/analytics-params.tsx(75,41): error TS7006: Parameter 'v' implicitly has an 'any' type.
core/components/analytics/select/analytics-params.tsx(96,43): error TS7006: Parameter 'v' implicitly has an 'any' type.
core/components/analytics/select/duration.tsx(12,51): error TS2307: Cannot find module '@plane/constants' or its corresponding type declarations.
core/components/analytics/select/duration.tsx(13,32): error TS2307: Cannot find module '@plane/i18n' or its corresponding type declarations.
core/components/analytics/select/duration.tsx(14,36): error TS2307: Cannot find module '@plane/ui' or its corresponding type declarations.
core/components/analytics/select/duration.tsx(33,58): error TS7006: Parameter 'option' implicitly has an 'any' type.
core/components/analytics/select/duration.tsx(50,60): error TS7006: Parameter 'opt' implicitly has an 'any' type.
core/components/analytics/select/project.tsx(9,34): error TS2307: Cannot find module '@plane/propel/button' or its corresponding type declarations.
core/components/analytics/select/project.tsx(10,22): error TS2307: Cannot find module '@plane/propel/emoji-icon-picker' or its corresponding type declarations.
core/components/analytics/select/project.tsx(11,46): error TS2307: Cannot find module '@plane/propel/icons' or its corresponding type declarations.
core/components/analytics/select/project.tsx(12,36): error TS2307: Cannot find module '@plane/ui' or its corresponding type declarations.
core/components/analytics/select/project.tsx(13,20): error TS2307: Cannot find module '@plane/utils' or its corresponding type declarations.
core/components/analytics/select/select-x-axis.tsx(8,41): error TS2307: Cannot find module '@plane/types' or its corresponding type declarations.
core/components/analytics/select/select-x-axis.tsx(9,30): error TS2307: Cannot find module '@plane/ui' or its corresponding type declarations.
core/components/analytics/select/select-y-axis.tsx(9,33): error TS2307: Cannot find module '@plane/constants' or its corresponding type declarations.
core/components/analytics/select/select-y-axis.tsx(10,29): error TS2307: Cannot find module '@plane/propel/icons' or its corresponding type declarations.
core/components/analytics/select/select-y-axis.tsx(11,39): error TS2307: Cannot find module '@plane/types' or its corresponding type declarations.
core/components/analytics/select/select-y-axis.tsx(13,30): error TS2307: Cannot find module '@plane/ui' or its corresponding type declarations.
core/components/analytics/tabs.tsx(7,35): error TS2307: Cannot find module '@plane/types' or its corresponding type declarations.
core/components/analytics/total-insights.tsx(11,36): error TS2307: Cannot find module '@plane/constants' or its corresponding type declarations.
core/components/analytics/total-insights.tsx(12,43): error TS2307: Cannot find module '@plane/constants' or its corresponding type declarations.
core/components/analytics/total-insights.tsx(13,32): error TS2307: Cannot find module '@plane/i18n' or its corresponding type declarations.
core/components/analytics/total-insights.tsx(14,61): error TS2307: Cannot find module '@plane/types' or its corresponding type declarations.
core/components/analytics/total-insights.tsx(15,20): error TS2307: Cannot find module '@plane/utils' or its corresponding type declarations.
core/components/analytics/total-insights.tsx(91,55): error TS7006: Parameter 'item' implicitly has an 'any' type.
core/components/analytics/trend-piece.tsx(10,20): error TS2307: Cannot find module '@plane/utils' or its corresponding type declarations.
core/components/analytics/use-analytics-tabs.tsx(8,32): error TS2307: Cannot find module '@plane/i18n' or its corresponding type declarations.
core/components/analytics/work-items/created-vs-resolved.tsx(12,32): error TS2307: Cannot find module '@plane/i18n' or its corresponding type declarations.
core/components/analytics/work-items/created-vs-resolved.tsx(13,27): error TS2307: Cannot find module '@plane/propel/charts/area-chart' or its corresponding type declarations.
core/components/analytics/work-items/created-vs-resolved.tsx(14,35): error TS2307: Cannot find module '@plane/propel/empty-state' or its corresponding type declarations.
core/components/analytics/work-items/created-vs-resolved.tsx(15,49): error TS2307: Cannot find module '@plane/types' or its corresponding type declarations.
core/components/analytics/work-items/created-vs-resolved.tsx(16,37): error TS2307: Cannot find module '@plane/utils' or its corresponding type declarations.
core/components/analytics/work-items/created-vs-resolved.tsx(57,44): error TS7006: Parameter 'datum' implicitly has an 'any' type.
core/components/analytics/work-items/customized-insights.tsx(11,32): error TS2307: Cannot find module '@plane/i18n' or its corresponding type declarations.
core/components/analytics/work-items/customized-insights.tsx(12,39): error TS2307: Cannot find module '@plane/types' or its corresponding type declarations.
core/components/analytics/work-items/customized-insights.tsx(13,54): error TS2307: Cannot find module '@plane/types' or its corresponding type declarations.
core/components/analytics/work-items/customized-insights.tsx(14,20): error TS2307: Cannot find module '@plane/utils' or its corresponding type declarations.
core/components/analytics/work-items/modal/content.tsx(11,48): error TS2307: Cannot find module '@plane/types' or its corresponding type declarations.
core/components/analytics/work-items/modal/content.tsx(12,25): error TS2307: Cannot find module '@plane/ui' or its corresponding type declarations.
core/components/analytics/work-items/modal/header.tsx(10,27): error TS2307: Cannot find module '@plane/propel/icons' or its corresponding type declarations.
core/components/analytics/work-items/modal/header.tsx(11,38): error TS2307: Cannot find module '@plane/types' or its corresponding type declarations.
core/components/analytics/work-items/modal/index.tsx(10,60): error TS2307: Cannot find module '@plane/propel/portal' or its corresponding type declarations.
core/components/analytics/work-items/modal/index.tsx(11,48): error TS2307: Cannot find module '@plane/types' or its corresponding type declarations.
core/components/analytics/work-items/priority-chart.tsx(15,45): error TS2307: Cannot find module '@plane/constants' or its corresponding type declarations.
core/components/analytics/work-items/priority-chart.tsx(16,102): error TS2307: Cannot find module '@plane/constants' or its corresponding type declarations.
core/components/analytics/work-items/priority-chart.tsx(17,32): error TS2307: Cannot find module '@plane/i18n' or its corresponding type declarations.
core/components/analytics/work-items/priority-chart.tsx(18,24): error TS2307: Cannot find module '@plane/propel/button' or its corresponding type declarations.
core/components/analytics/work-items/priority-chart.tsx(19,26): error TS2307: Cannot find module '@plane/propel/charts/bar-chart' or its corresponding type declarations.
core/components/analytics/work-items/priority-chart.tsx(20,35): error TS2307: Cannot find module '@plane/propel/empty-state' or its corresponding type declarations.
core/components/analytics/work-items/priority-chart.tsx(21,90): error TS2307: Cannot find module '@plane/types' or its corresponding type declarations.
core/components/analytics/work-items/priority-chart.tsx(100,18): error TS7006: Parameter 'payload' implicitly has an 'any' type.
core/components/analytics/work-items/priority-chart.tsx(114,32): error TS7006: Parameter 'datum' implicitly has an 'any' type.
core/components/analytics/work-items/priority-chart.tsx(133,31): error TS7006: Parameter 'value' implicitly has an 'any' type.
core/components/analytics/work-items/priority-chart.tsx(134,34): error TS7006: Parameter 'value' implicitly has an 'any' type.
core/components/analytics/work-items/priority-chart.tsx(143,41): error TS7006: Parameter 'item' implicitly has an 'any' type.
core/components/analytics/work-items/priority-chart.tsx(147,41): error TS7006: Parameter 'item' implicitly has an 'any' type.
core/components/analytics/work-items/utils.ts(8,47): error TS2307: Cannot find module '@plane/types' or its corresponding type declarations.
core/components/analytics/work-items/utils.ts(9,36): error TS2307: Cannot find module '@plane/types' or its corresponding type declarations.
core/components/analytics/work-items/workitems-insight-table.tsx(13,32): error TS2307: Cannot find module '@plane/i18n' or its corresponding type declarations.
core/components/analytics/work-items/workitems-insight-table.tsx(14,22): error TS2307: Cannot find module '@plane/propel/emoji-icon-picker' or its corresponding type declarations.
core/components/analytics/work-items/workitems-insight-table.tsx(15,29): error TS2307: Cannot find module '@plane/propel/icons' or its corresponding type declarations.
core/components/analytics/work-items/workitems-insight-table.tsx(17,68): error TS2307: Cannot find module '@plane/types' or its corresponding type declarations.
core/components/analytics/work-items/workitems-insight-table.tsx(19,24): error TS2307: Cannot find module '@plane/ui' or its corresponding type declarations.
core/components/analytics/work-items/workitems-insight-table.tsx(20,28): error TS2307: Cannot find module '@plane/utils' or its corresponding type declarations.
core/components/api-token/delete-token-modal.tsx(10,32): error TS2307: Cannot find module '@plane/i18n' or its corresponding type declarations.
core/components/api-token/delete-token-modal.tsx(11,38): error TS2307: Cannot find module '@plane/propel/toast' or its corresponding type declarations.
core/components/api-token/delete-token-modal.tsx(12,33): error TS2307: Cannot find module '@plane/services' or its corresponding type declarations.
core/components/api-token/delete-token-modal.tsx(13,32): error TS2307: Cannot find module '@plane/types' or its corresponding type declarations.
core/components/api-token/delete-token-modal.tsx(15,32): error TS2307: Cannot find module '@plane/ui' or its corresponding type declarations.
core/components/api-token/delete-token-modal.tsx(17,33): error TS2307: Cannot find module '@plane/constants' or its corresponding type declarations.
core/components/api-token/delete-token-modal.tsx(60,15): error TS7006: Parameter 'err' implicitly has an 'any' type.
core/components/api-token/empty-state.tsx(9,24): error TS2307: Cannot find module '@plane/propel/button' or its corresponding type declarations.
core/components/api-token/modal/create-token-modal.tsx(10,38): error TS2307: Cannot find module '@plane/propel/toast' or its corresponding type declarations.
core/components/api-token/modal/create-token-modal.tsx(11,33): error TS2307: Cannot find module '@plane/services' or its corresponding type declarations.
core/components/api-token/modal/create-token-modal.tsx(12,32): error TS2307: Cannot find module '@plane/types' or its corresponding type declarations.
core/components/api-token/modal/create-token-modal.tsx(13,56): error TS2307: Cannot find module '@plane/ui' or its corresponding type declarations.
core/components/api-token/modal/create-token-modal.tsx(14,50): error TS2307: Cannot find module '@plane/utils' or its corresponding type declarations.
core/components/api-token/modal/create-token-modal.tsx(16,33): error TS2307: Cannot find module '@plane/constants' or its corresponding type declarations.
core/components/api-token/modal/create-token-modal.tsx(59,14): error TS7006: Parameter 'res' implicitly has an 'any' type.
core/components/api-token/modal/create-token-modal.tsx(73,15): error TS7006: Parameter 'err' implicitly has an 'any' type.
core/components/api-token/modal/form.tsx(12,32): error TS2307: Cannot find module '@plane/i18n' or its corresponding type declarations.
core/components/api-token/modal/form.tsx(13,24): error TS2307: Cannot find module '@plane/propel/button' or its corresponding type declarations.
core/components/api-token/modal/form.tsx(14,38): error TS2307: Cannot find module '@plane/propel/toast' or its corresponding type declarations.
core/components/api-token/modal/form.tsx(15,32): error TS2307: Cannot find module '@plane/types' or its corresponding type declarations.
core/components/api-token/modal/form.tsx(17,61): error TS2307: Cannot find module '@plane/ui' or its corresponding type declarations.
core/components/api-token/modal/form.tsx(18,62): error TS2307: Cannot find module '@plane/utils' or its corresponding type declarations.
core/components/api-token/modal/generated-token-details.tsx(7,32): error TS2307: Cannot find module '@plane/i18n' or its corresponding type declarations.
core/components/api-token/modal/generated-token-details.tsx(8,24): error TS2307: Cannot find module '@plane/propel/button' or its corresponding type declarations.
core/components/api-token/modal/generated-token-details.tsx(9,26): error TS2307: Cannot find module '@plane/propel/icons' or its corresponding type declarations.
core/components/api-token/modal/generated-token-details.tsx(10,38): error TS2307: Cannot find module '@plane/propel/toast' or its corresponding type declarations.
core/components/api-token/modal/generated-token-details.tsx(11,25): error TS2307: Cannot find module '@plane/propel/tooltip' or its corresponding type declarations.
core/components/api-token/modal/generated-token-details.tsx(12,32): error TS2307: Cannot find module '@plane/types' or its corresponding type declarations.
core/components/api-token/modal/generated-token-details.tsx(14,79): error TS2307: Cannot find module '@plane/utils' or its corresponding type declarations.
core/components/api-token/token-list-item.tsx(10,51): error TS2307: Cannot find module '@plane/constants' or its corresponding type declarations.
core/components/api-token/token-list-item.tsx(11,25): error TS2307: Cannot find module '@plane/propel/tooltip' or its corresponding type declarations.
core/components/api-token/token-list-item.tsx(12,32): error TS2307: Cannot find module '@plane/types' or its corresponding type declarations.
core/components/api-token/token-list-item.tsx(13,76): error TS2307: Cannot find module '@plane/utils' or its corresponding type declarations.
core/components/appearance/theme-switcher.tsx(11,37): error TS2307: Cannot find module '@plane/constants' or its corresponding type declarations.
core/components/appearance/theme-switcher.tsx(12,31): error TS2307: Cannot find module '@plane/constants' or its corresponding type declarations.
core/components/appearance/theme-switcher.tsx(13,32): error TS2307: Cannot find module '@plane/i18n' or its corresponding type declarations.
core/components/appearance/theme-switcher.tsx(14,33): error TS2307: Cannot find module '@plane/propel/toast' or its corresponding type declarations.
core/components/appearance/theme-switcher.tsx(15,34): error TS2307: Cannot find module '@plane/utils' or its corresponding type declarations.
core/components/appearance/theme-switcher.tsx(39,49): error TS7006: Parameter 't' implicitly has an 'any' type.
core/components/archives/archive-tabs-list.tsx(11,31): error TS2307: Cannot find module '@plane/types' or its corresponding type declarations.
core/components/auth-screens/footer.tsx(8,65): error TS2307: Cannot find module '@plane/propel/icons' or its corresponding type declarations.
core/components/auth-screens/header.tsx(10,39): error TS2307: Cannot find module '@plane/constants' or its corresponding type declarations.
core/components/auth-screens/header.tsx(11,32): error TS2307: Cannot find module '@plane/i18n' or its corresponding type declarations.
core/components/auth-screens/header.tsx(12,29): error TS2307: Cannot find module '@plane/propel/icons' or its corresponding type declarations.
core/components/auth-screens/not-authorized-view.tsx(10,20): error TS2307: Cannot find module '@plane/utils' or its corresponding type declarations.
core/components/auth-screens/project/project-access-restriction.tsx(9,32): error TS2307: Cannot find module '@plane/i18n' or its corresponding type declarations.
core/components/auth-screens/project/project-access-restriction.tsx(10,36): error TS2307: Cannot find module '@plane/propel/empty-state' or its corresponding type declarations.
core/components/auth-screens/workspace/not-a-member.tsx(9,24): error TS2307: Cannot find module '@plane/propel/button' or its corresponding type declarations.
core/components/automation/auto-archive-automation.tsx(12,84): error TS2307: Cannot find module '@plane/constants' or its corresponding type declarations.
core/components/automation/auto-archive-automation.tsx(13,32): error TS2307: Cannot find module '@plane/i18n' or its corresponding type declarations.
core/components/automation/auto-archive-automation.tsx(14,31): error TS2307: Cannot find module '@plane/types' or its corresponding type declarations.
core/components/automation/auto-archive-automation.tsx(15,52): error TS2307: Cannot find module '@plane/ui' or its corresponding type declarations.
core/components/automation/auto-archive-automation.tsx(101,55): error TS7006: Parameter 'month' implicitly has an 'any' type.
core/components/automation/auto-close-automation.tsx(12,95): error TS2307: Cannot find module '@plane/constants' or its corresponding type declarations.
core/components/automation/auto-close-automation.tsx(13,32): error TS2307: Cannot find module '@plane/i18n' or its corresponding type declarations.
core/components/automation/auto-close-automation.tsx(14,51): error TS2307: Cannot find module '@plane/propel/icons' or its corresponding type declarations.
core/components/automation/auto-close-automation.tsx(15,31): error TS2307: Cannot find module '@plane/types' or its corresponding type declarations.
core/components/automation/auto-close-automation.tsx(16,72): error TS2307: Cannot find module '@plane/ui' or its corresponding type declarations.
core/components/automation/auto-close-automation.tsx(132,57): error TS7006: Parameter 'month' implicitly has an 'any' type.
core/components/automation/select-month-modal.tsx(10,24): error TS2307: Cannot find module '@plane/propel/button' or its corresponding type declarations.
core/components/automation/select-month-modal.tsx(11,31): error TS2307: Cannot find module '@plane/types' or its corresponding type declarations.
core/components/automation/select-month-modal.tsx(13,63): error TS2307: Cannot find module '@plane/ui' or its corresponding type declarations.
core/components/base-layouts/constants.ts(7,69): error TS2307: Cannot find module '@plane/propel/icons' or its corresponding type declarations.
core/components/base-layouts/constants.ts(8,40): error TS2307: Cannot find module '@plane/types' or its corresponding type declarations.
core/components/base-layouts/gantt/layout.tsx(9,37): error TS2307: Cannot find module '@plane/types' or its corresponding type declarations.
core/components/base-layouts/gantt/layout.tsx(15,8): error TS2307: Cannot find module '@plane/types' or its corresponding type declarations.
core/components/base-layouts/gantt/layout.tsx(16,20): error TS2307: Cannot find module '@plane/utils' or its corresponding type declarations.
core/components/base-layouts/gantt/layout.tsx(55,21): error TS7006: Parameter 'group' implicitly has an 'any' type.
core/components/base-layouts/gantt/sidebar.tsx(10,61): error TS2307: Cannot find module '@plane/types' or its corresponding type declarations.
core/components/base-layouts/gantt/sidebar.tsx(11,29): error TS2307: Cannot find module '@plane/ui' or its corresponding type declarations.
core/components/base-layouts/gantt/sidebar.tsx(12,20): error TS2307: Cannot find module '@plane/utils' or its corresponding type declarations.
core/components/base-layouts/kanban/group-header.tsx(7,40): error TS2307: Cannot find module '@plane/types' or its corresponding type declarations.
core/components/base-layouts/kanban/group.tsx(8,32): error TS2307: Cannot find module '@plane/i18n' or its corresponding type declarations.
core/components/base-layouts/kanban/group.tsx(9,75): error TS2307: Cannot find module '@plane/types' or its corresponding type declarations.
core/components/base-layouts/kanban/group.tsx(10,20): error TS2307: Cannot find module '@plane/utils' or its corresponding type declarations.
core/components/base-layouts/kanban/group.tsx(68,25): error TS7006: Parameter 'itemId' implicitly has an 'any' type.
core/components/base-layouts/kanban/group.tsx(68,33): error TS7006: Parameter 'index' implicitly has an 'any' type.
core/components/base-layouts/kanban/item.tsx(11,74): error TS2307: Cannot find module '@plane/types' or its corresponding type declarations.
core/components/base-layouts/kanban/layout.tsx(8,70): error TS2307: Cannot find module '@plane/types' or its corresponding type declarations.
core/components/base-layouts/kanban/layout.tsx(9,20): error TS2307: Cannot find module '@plane/utils' or its corresponding type declarations.
core/components/base-layouts/kanban/layout.tsx(48,20): error TS7006: Parameter 'group' implicitly has an 'any' type.
core/components/base-layouts/layout-switcher.tsx(7,32): error TS2307: Cannot find module '@plane/i18n' or its corresponding type declarations.
core/components/base-layouts/layout-switcher.tsx(8,25): error TS2307: Cannot find module '@plane/propel/tooltip' or its corresponding type declarations.
core/components/base-layouts/layout-switcher.tsx(9,38): error TS2307: Cannot find module '@plane/types' or its corresponding type declarations.
core/components/base-layouts/layout-switcher.tsx(10,20): error TS2307: Cannot find module '@plane/utils' or its corresponding type declarations.
core/components/base-layouts/list/group-header.tsx(7,40): error TS2307: Cannot find module '@plane/types' or its corresponding type declarations.
core/components/base-layouts/list/group.tsx(8,32): error TS2307: Cannot find module '@plane/i18n' or its corresponding type declarations.
core/components/base-layouts/list/group.tsx(9,71): error TS2307: Cannot find module '@plane/types' or its corresponding type declarations.
core/components/base-layouts/list/group.tsx(10,20): error TS2307: Cannot find module '@plane/ui' or its corresponding type declarations.
core/components/base-layouts/list/item.tsx(11,70): error TS2307: Cannot find module '@plane/types' or its corresponding type declarations.
core/components/base-layouts/list/layout.tsx(8,66): error TS2307: Cannot find module '@plane/types' or its corresponding type declarations.
core/components/base-layouts/list/layout.tsx(9,20): error TS2307: Cannot find module '@plane/ui' or its corresponding type declarations.
core/components/base-layouts/list/layout.tsx(48,22): error TS7006: Parameter 'group' implicitly has an 'any' type.
core/components/base-layouts/loaders/layout-loader.tsx(7,38): error TS2307: Cannot find module '@plane/types' or its corresponding type declarations.
core/components/breadcrumbs/project.tsx(8,22): error TS2307: Cannot find module '@plane/propel/emoji-icon-picker' or its corresponding type declarations.
core/components/breadcrumbs/project.tsx(9,29): error TS2307: Cannot find module '@plane/propel/icons' or its corresponding type declarations.
core/components/breadcrumbs/project.tsx(11,48): error TS2307: Cannot find module '@plane/types' or its corresponding type declarations.
core/components/breadcrumbs/project.tsx(12,65): error TS2307: Cannot find module '@plane/ui' or its corresponding type declarations.
core/components/breadcrumbs/project.tsx(17,31): error TS2307: Cannot find module '@plane/types' or its corresponding type declarations.
core/components/browse/workItem-detail.tsx(8,29): error TS2307: Cannot find module '@plane/types' or its corresponding type declarations.
core/components/chart/utils.ts(8,96): error TS2307: Cannot find module '@plane/constants' or its corresponding type declarations.
core/components/chart/utils.ts(9,62): error TS2307: Cannot find module '@plane/types' or its corresponding type declarations.
core/components/chart/utils.ts(16,8): error TS2307: Cannot find module '@plane/utils' or its corresponding type declarations.
core/components/chart/utils.ts(73,60): error TS7006: Parameter 'datum' implicitly has an 'any' type.
core/components/chart/utils.ts(130,18): error TS2571: Object is of type 'unknown'.
core/components/chart/utils.ts(130,53): error TS18046: 'hsl' is of type 'unknown'.
core/components/chart/utils.ts(131,20): error TS2571: Object is of type 'unknown'.
core/components/chart/utils.ts(131,55): error TS18046: 'hsl' is of type 'unknown'.
core/components/chart/utils.ts(134,53): error TS18046: 'a' is of type 'unknown'.
core/components/chart/utils.ts(134,59): error TS18046: 'b' is of type 'unknown'.
core/components/chart/utils.ts(145,26): error TS18046: 'nextBaseColor' is of type 'unknown'.
core/components/chart/utils.ts(145,44): error TS18046: 'baseColor' is of type 'unknown'.
core/components/chart/utils.ts(157,23): error TS18046: 'baseColor' is of type 'unknown'.
core/components/chart/utils.ts(160,22): error TS18046: 'baseColor' is of type 'unknown'.
core/components/chart/utils.ts(161,24): error TS18046: 'baseColor' is of type 'unknown'.
core/components/comments/card/display.tsx(12,35): error TS2307: Cannot find module '@plane/editor' or its corresponding type declarations.
core/components/comments/card/display.tsx(13,31): error TS2307: Cannot find module '@plane/hooks' or its corresponding type declarations.
core/components/comments/card/display.tsx(14,37): error TS2307: Cannot find module '@plane/propel/icons' or its corresponding type declarations.
core/components/comments/card/display.tsx(15,46): error TS2307: Cannot find module '@plane/types' or its corresponding type declarations.
core/components/comments/card/display.tsx(16,57): error TS2307: Cannot find module '@plane/types' or its corresponding type declarations.
core/components/comments/card/display.tsx(17,92): error TS2307: Cannot find module '@plane/utils' or its corresponding type declarations.
core/components/comments/card/display.tsx(23,58): error TS2307: Cannot find module '@plane/propel/emoji-reaction' or its corresponding type declarations.
core/components/comments/card/display.tsx(24,33): error TS2307: Cannot find module '@plane/ui' or its corresponding type declarations.
core/components/comments/card/edit-form.tsx(10,35): error TS2307: Cannot find module '@plane/editor' or its corresponding type declarations.
core/components/comments/card/edit-form.tsx(11,38): error TS2307: Cannot find module '@plane/propel/icons' or its corresponding type declarations.
core/components/comments/card/edit-form.tsx(13,57): error TS2307: Cannot find module '@plane/types' or its corresponding type declarations.
core/components/comments/card/edit-form.tsx(14,36): error TS2307: Cannot find module '@plane/utils' or its corresponding type declarations.
core/components/comments/card/edit-form.tsx(91,22): error TS7006: Parameter '_comment_json' implicitly has an 'any' type.
core/components/comments/card/edit-form.tsx(91,37): error TS7006: Parameter 'comment_html' implicitly has an 'any' type.
core/components/comments/card/edit-form.tsx(92,29): error TS7006: Parameter 'e' implicitly has an 'any' type.
core/components/comments/card/edit-form.tsx(98,30): error TS7006: Parameter 'blockId' implicitly has an 'any' type.
core/components/comments/card/edit-form.tsx(98,39): error TS7006: Parameter 'file' implicitly has an 'any' type.
core/components/comments/card/root.tsx(10,35): error TS2307: Cannot find module '@plane/editor' or its corresponding type declarations.
core/components/comments/card/root.tsx(11,57): error TS2307: Cannot find module '@plane/types' or its corresponding type declarations.
core/components/comments/comment-block.tsx(11,34): error TS2307: Cannot find module '@plane/propel/icons' or its corresponding type declarations.
core/components/comments/comment-block.tsx(12,36): error TS2307: Cannot find module '@plane/types' or its corresponding type declarations.
core/components/comments/comment-block.tsx(13,20): error TS2307: Cannot find module '@plane/utils' or its corresponding type declarations.
core/components/comments/comment-create.tsx(11,46): error TS2307: Cannot find module '@plane/constants' or its corresponding type declarations.
core/components/comments/comment-create.tsx(12,35): error TS2307: Cannot find module '@plane/editor' or its corresponding type declarations.
core/components/comments/comment-create.tsx(13,57): error TS2307: Cannot find module '@plane/types' or its corresponding type declarations.
core/components/comments/comment-create.tsx(14,36): error TS2307: Cannot find module '@plane/utils' or its corresponding type declarations.
core/components/comments/comment-create.tsx(124,35): error TS7006: Parameter 'e' implicitly has an 'any' type.
core/components/comments/comment-create.tsx(132,28): error TS7006: Parameter 'comment_json' implicitly has an 'any' type.
core/components/comments/comment-create.tsx(132,42): error TS7006: Parameter 'comment_html' implicitly has an 'any' type.
core/components/comments/comment-create.tsx(136,36): error TS7006: Parameter 'blockId' implicitly has an 'any' type.
core/components/comments/comment-create.tsx(136,45): error TS7006: Parameter 'file' implicitly has an 'any' type.
core/components/comments/comment-reaction.tsx(10,31): error TS2307: Cannot find module '@plane/propel/emoji-icon-picker' or its corresponding type declarations.
core/components/comments/comment-reaction.tsx(11,57): error TS2307: Cannot find module '@plane/propel/emoji-reaction' or its corresponding type declarations.
core/components/comments/comment-reaction.tsx(12,40): error TS2307: Cannot find module '@plane/propel/emoji-reaction' or its corresponding type declarations.
core/components/comments/comment-reaction.tsx(13,57): error TS2307: Cannot find module '@plane/types' or its corresponding type declarations.
core/components/comments/comments.tsx(11,35): error TS2307: Cannot find module '@plane/constants' or its corresponding type declarations.
core/components/comments/comments.tsx(12,57): error TS2307: Cannot find module '@plane/types' or its corresponding type declarations.
core/components/comments/quick-actions.tsx(11,46): error TS2307: Cannot find module '@plane/constants' or its corresponding type declarations.
core/components/comments/quick-actions.tsx(12,32): error TS2307: Cannot find module '@plane/i18n' or its corresponding type declarations.
core/components/comments/quick-actions.tsx(13,28): error TS2307: Cannot find module '@plane/propel/icon-button' or its corresponding type declarations.
core/components/comments/quick-actions.tsx(14,68): error TS2307: Cannot find module '@plane/propel/icons' or its corresponding type declarations.
core/components/comments/quick-actions.tsx(15,57): error TS2307: Cannot find module '@plane/types' or its corresponding type declarations.
core/components/comments/quick-actions.tsx(16,39): error TS2307: Cannot find module '@plane/ui' or its corresponding type declarations.
core/components/comments/quick-actions.tsx(17,28): error TS2307: Cannot find module '@plane/ui' or its corresponding type declarations.
core/components/comments/quick-actions.tsx(18,20): error TS2307: Cannot find module '@plane/utils' or its corresponding type declarations.
core/components/common/access-field.tsx(9,32): error TS2307: Cannot find module '@plane/i18n' or its corresponding type declarations.
core/components/common/access-field.tsx(10,32): error TS2307: Cannot find module '@plane/propel/icons' or its corresponding type declarations.
core/components/common/access-field.tsx(11,25): error TS2307: Cannot find module '@plane/propel/tooltip' or its corresponding type declarations.
core/components/common/access-field.tsx(13,20): error TS2307: Cannot find module '@plane/utils' or its corresponding type declarations.
core/components/common/activity/activity-block.tsx(10,25): error TS2307: Cannot find module '@plane/propel/tooltip' or its corresponding type declarations.
core/components/common/activity/activity-block.tsx(11,45): error TS2307: Cannot find module '@plane/types' or its corresponding type declarations.
core/components/common/activity/activity-block.tsx(14,76): error TS2307: Cannot find module '@plane/utils' or its corresponding type declarations.
core/components/common/activity/activity-item.tsx(9,39): error TS2307: Cannot find module '@plane/types' or its corresponding type declarations.
core/components/common/activity/helper.tsx(41,8): error TS2307: Cannot find module '@plane/propel/icons' or its corresponding type declarations.
core/components/common/activity/helper.tsx(43,39): error TS2307: Cannot find module '@plane/types' or its corresponding type declarations.
core/components/common/activity/user.tsx(10,45): error TS2307: Cannot find module '@plane/types' or its corresponding type declarations.
core/components/common/applied-filters/date.tsx(9,44): error TS2307: Cannot find module '@plane/constants' or its corresponding type declarations.
core/components/common/applied-filters/date.tsx(10,27): error TS2307: Cannot find module '@plane/propel/icons' or its corresponding type declarations.
core/components/common/applied-filters/date.tsx(12,60): error TS2307: Cannot find module '@plane/utils' or its corresponding type declarations.
core/components/common/applied-filters/date.tsx(26,58): error TS7006: Parameter 'd' implicitly has an 'any' type.
core/components/common/applied-filters/members.tsx(8,27): error TS2307: Cannot find module '@plane/propel/icons' or its corresponding type declarations.
core/components/common/applied-filters/members.tsx(10,24): error TS2307: Cannot find module '@plane/ui' or its corresponding type declarations.
core/components/common/applied-filters/members.tsx(12,28): error TS2307: Cannot find module '@plane/utils' or its corresponding type declarations.
core/components/common/breadcrumb-link.tsx(10,29): error TS2307: Cannot find module '@plane/ui' or its corresponding type declarations.
core/components/common/count-chip.tsx(8,20): error TS2307: Cannot find module '@plane/utils' or its corresponding type declarations.
core/components/common/cover-image.tsx(7,20): error TS2307: Cannot find module '@plane/utils' or its corresponding type declarations.
core/components/common/empty-state.tsx(10,24): error TS2307: Cannot find module '@plane/propel/button' or its corresponding type declarations.
core/components/common/filters/created-at.tsx(10,44): error TS2307: Cannot find module '@plane/constants' or its corresponding type declarations.
core/components/common/filters/created-at.tsx(11,32): error TS2307: Cannot find module '@plane/utils' or its corresponding type declarations.
core/components/common/filters/created-at.tsx(30,62): error TS7006: Parameter 'd' implicitly has an 'any' type.
core/components/common/filters/created-at.tsx(64,37): error TS7006: Parameter 'option' implicitly has an 'any' type.
core/components/common/filters/created-by.tsx(11,32): error TS2307: Cannot find module '@plane/ui' or its corresponding type declarations.
core/components/common/filters/created-by.tsx(13,28): error TS2307: Cannot find module '@plane/utils' or its corresponding type declarations.
core/components/common/layout-error-boundary.tsx(10,32): error TS2307: Cannot find module '@plane/i18n' or its corresponding type declarations.
core/components/common/layout-error-boundary.tsx(11,24): error TS2307: Cannot find module '@plane/propel/button' or its corresponding type declarations.
core/components/common/layout/sidebar/property-list-item.tsx(8,20): error TS2307: Cannot find module '@plane/utils' or its corresponding type declarations.
core/components/common/new-empty-state.tsx(10,24): error TS2307: Cannot find module '@plane/propel/button' or its corresponding type declarations.
core/components/common/page-access-icon.tsx(8,29): error TS2307: Cannot find module '@plane/constants' or its corresponding type declarations.
core/components/common/page-access-icon.tsx(9,26): error TS2307: Cannot find module '@plane/propel/icons' or its corresponding type declarations.
core/components/common/page-access-icon.tsx(10,28): error TS2307: Cannot find module '@plane/types' or its corresponding type declarations.
core/components/common/pro-icon.tsx(9,20): error TS2307: Cannot find module '@plane/utils' or its corresponding type declarations.
core/components/common/quick-actions-factory.tsx(8,32): error TS2307: Cannot find module '@plane/i18n' or its corresponding type declarations.
core/components/common/quick-actions-factory.tsx(9,29): error TS2307: Cannot find module '@plane/propel/icons' or its corresponding type declarations.
core/components/common/quick-actions-factory.tsx(10,39): error TS2307: Cannot find module '@plane/ui' or its corresponding type declarations.
core/components/common/quick-actions-helper.tsx(8,68): error TS2307: Cannot find module '@plane/types' or its corresponding type declarations.
core/components/common/quick-actions-helper.tsx(9,39): error TS2307: Cannot find module '@plane/ui' or its corresponding type declarations.
core/components/common/switcher-label.tsx(8,22): error TS2307: Cannot find module '@plane/propel/emoji-icon-picker' or its corresponding type declarations.
core/components/common/switcher-label.tsx(9,32): error TS2307: Cannot find module '@plane/propel/icons' or its corresponding type declarations.
core/components/common/switcher-label.tsx(10,33): error TS2307: Cannot find module '@plane/types' or its corresponding type declarations.
core/components/common/switcher-label.tsx(11,42): error TS2307: Cannot find module '@plane/utils' or its corresponding type declarations.
core/components/core/activity.tsx(35,8): error TS2307: Cannot find module '@plane/propel/icons' or its corresponding type declarations.
core/components/core/activity.tsx(36,25): error TS2307: Cannot find module '@plane/propel/tooltip' or its corresponding type declarations.
core/components/core/activity.tsx(37,37): error TS2307: Cannot find module '@plane/types' or its corresponding type declarations.
core/components/core/activity.tsx(38,82): error TS2307: Cannot find module '@plane/utils' or its corresponding type declarations.
core/components/core/app-header.tsx(10,21): error TS2307: Cannot find module '@plane/ui' or its corresponding type declarations.
core/components/core/app-header.tsx(12,20): error TS2307: Cannot find module '@plane/utils' or its corresponding type declarations.
core/components/core/content-overflow-HOC.tsx(10,32): error TS2307: Cannot find module '@plane/i18n' or its corresponding type declarations.
core/components/core/content-overflow-HOC.tsx(11,20): error TS2307: Cannot find module '@plane/utils' or its corresponding type declarations.
core/components/core/content-wrapper.tsx(9,20): error TS2307: Cannot find module '@plane/utils' or its corresponding type declarations.
core/components/core/description-versions/dropdown-item.tsx(9,32): error TS2307: Cannot find module '@plane/i18n' or its corresponding type declarations.
core/components/core/description-versions/dropdown-item.tsx(10,42): error TS2307: Cannot find module '@plane/types' or its corresponding type declarations.
core/components/core/description-versions/dropdown-item.tsx(11,36): error TS2307: Cannot find module '@plane/ui' or its corresponding type declarations.
core/components/core/description-versions/dropdown-item.tsx(12,46): error TS2307: Cannot find module '@plane/utils' or its corresponding type declarations.
core/components/core/description-versions/dropdown.tsx(10,32): error TS2307: Cannot find module '@plane/i18n' or its corresponding type declarations.
core/components/core/description-versions/dropdown.tsx(11,42): error TS2307: Cannot find module '@plane/types' or its corresponding type declarations.
core/components/core/description-versions/dropdown.tsx(12,28): error TS2307: Cannot find module '@plane/ui' or its corresponding type declarations.
core/components/core/description-versions/dropdown.tsx(13,34): error TS2307: Cannot find module '@plane/utils' or its corresponding type declarations.
core/components/core/description-versions/modal.tsx(10,35): error TS2307: Cannot find module '@plane/editor' or its corresponding type declarations.
core/components/core/description-versions/modal.tsx(11,32): error TS2307: Cannot find module '@plane/i18n' or its corresponding type declarations.
core/components/core/description-versions/modal.tsx(12,24): error TS2307: Cannot find module '@plane/propel/button' or its corresponding type declarations.
core/components/core/description-versions/modal.tsx(13,61): error TS2307: Cannot find module '@plane/propel/icons' or its corresponding type declarations.
core/components/core/description-versions/modal.tsx(14,38): error TS2307: Cannot find module '@plane/propel/toast' or its corresponding type declarations.
core/components/core/description-versions/modal.tsx(15,25): error TS2307: Cannot find module '@plane/propel/tooltip' or its corresponding type declarations.
core/components/core/description-versions/modal.tsx(16,42): error TS2307: Cannot find module '@plane/types' or its corresponding type declarations.
core/components/core/description-versions/modal.tsx(17,72): error TS2307: Cannot find module '@plane/ui' or its corresponding type declarations.
core/components/core/description-versions/modal.tsx(18,50): error TS2307: Cannot find module '@plane/utils' or its corresponding type declarations.
core/components/core/description-versions/modal.tsx(24,28): error TS2307: Cannot find module '@plane/propel/icon-button' or its corresponding type declarations.
core/components/core/description-versions/root.tsx(11,83): error TS2307: Cannot find module '@plane/types' or its corresponding type declarations.
core/components/core/description-versions/root.tsx(12,20): error TS2307: Cannot find module '@plane/utils' or its corresponding type declarations.
core/components/core/description-versions/root.tsx(55,48): error TS7006: Parameter 'version' implicitly has an 'any' type.
core/components/core/description-versions/root.tsx(56,51): error TS7006: Parameter 'version' implicitly has an 'any' type.
core/components/core/filters/date-filter-modal.tsx(8,24): error TS2307: Cannot find module '@plane/propel/button' or its corresponding type declarations.
core/components/core/filters/date-filter-modal.tsx(9,26): error TS2307: Cannot find module '@plane/propel/calendar' or its corresponding type declarations.
core/components/core/filters/date-filter-modal.tsx(10,27): error TS2307: Cannot find module '@plane/propel/icons' or its corresponding type declarations.
core/components/core/filters/date-filter-modal.tsx(11,56): error TS2307: Cannot find module '@plane/ui' or its corresponding type declarations.
core/components/core/filters/date-filter-modal.tsx(12,74): error TS2307: Cannot find module '@plane/utils' or its corresponding type declarations.
core/components/core/filters/date-filter-select.tsx(10,55): error TS2307: Cannot find module '@plane/propel/icons' or its corresponding type declarations.
core/components/core/filters/date-filter-select.tsx(11,30): error TS2307: Cannot find module '@plane/ui' or its corresponding type declarations.
core/components/core/image-picker-popover.tsx(16,83): error TS2307: Cannot find module '@plane/constants' or its corresponding type declarations.
core/components/core/image-picker-popover.tsx(17,41): error TS2307: Cannot find module '@plane/hooks' or its corresponding type declarations.
core/components/core/image-picker-popover.tsx(18,22): error TS2307: Cannot find module '@plane/propel/tabs' or its corresponding type declarations.
core/components/core/image-picker-popover.tsx(19,42): error TS2307: Cannot find module '@plane/propel/button' or its corresponding type declarations.
core/components/core/image-picker-popover.tsx(20,38): error TS2307: Cannot find module '@plane/propel/toast' or its corresponding type declarations.
core/components/core/image-picker-popover.tsx(21,32): error TS2307: Cannot find module '@plane/types' or its corresponding type declarations.
core/components/core/image-picker-popover.tsx(22,31): error TS2307: Cannot find module '@plane/ui' or its corresponding type declarations.
core/components/core/image-picker-popover.tsx(227,43): error TS7006: Parameter 'e' implicitly has an 'any' type.
core/components/core/image-picker-popover.tsx(234,42): error TS7006: Parameter 'e' implicitly has an 'any' type.
core/components/core/list/list-item.tsx(9,25): error TS2307: Cannot find module '@plane/propel/tooltip' or its corresponding type declarations.
core/components/core/list/list-item.tsx(10,34): error TS2307: Cannot find module '@plane/ui' or its corresponding type declarations.
core/components/core/list/list-item.tsx(12,20): error TS2307: Cannot find module '@plane/utils' or its corresponding type declarations.
core/components/core/list/list-root.tsx(8,34): error TS2307: Cannot find module '@plane/ui' or its corresponding type declarations.
core/components/core/modals/bulk-delete-issues-modal-item.tsx(10,43): error TS2307: Cannot find module '@plane/types' or its corresponding type declarations.
core/components/core/modals/bulk-delete-issues-modal.tsx(15,32): error TS2307: Cannot find module '@plane/i18n' or its corresponding type declarations.
core/components/core/modals/bulk-delete-issues-modal.tsx(16,24): error TS2307: Cannot find module '@plane/propel/button' or its corresponding type declarations.
core/components/core/modals/bulk-delete-issues-modal.tsx(17,28): error TS2307: Cannot find module '@plane/propel/icons' or its corresponding type declarations.
core/components/core/modals/bulk-delete-issues-modal.tsx(18,38): error TS2307: Cannot find module '@plane/propel/toast' or its corresponding type declarations.
core/components/core/modals/bulk-delete-issues-modal.tsx(19,50): error TS2307: Cannot find module '@plane/types' or its corresponding type declarations.
core/components/core/modals/bulk-delete-issues-modal.tsx(20,34): error TS2307: Cannot find module '@plane/types' or its corresponding type declarations.
core/components/core/modals/bulk-delete-issues-modal.tsx(21,64): error TS2307: Cannot find module '@plane/ui' or its corresponding type declarations.
core/components/core/modals/change-email-modal.tsx(11,32): error TS2307: Cannot find module '@plane/i18n' or its corresponding type declarations.
core/components/core/modals/change-email-modal.tsx(12,24): error TS2307: Cannot find module '@plane/propel/button' or its corresponding type declarations.
core/components/core/modals/change-email-modal.tsx(13,38): error TS2307: Cannot find module '@plane/propel/toast' or its corresponding type declarations.
core/components/core/modals/change-email-modal.tsx(14,63): error TS2307: Cannot find module '@plane/ui' or its corresponding type declarations.
core/components/core/modals/change-email-modal.tsx(15,20): error TS2307: Cannot find module '@plane/utils' or its corresponding type declarations.
core/components/core/modals/existing-issues-list-modal.tsx(11,32): error TS2307: Cannot find module '@plane/i18n' or its corresponding type declarations.
core/components/core/modals/existing-issues-list-modal.tsx(13,24): error TS2307: Cannot find module '@plane/propel/button' or its corresponding type declarations.
core/components/core/modals/existing-issues-list-modal.tsx(14,39): error TS2307: Cannot find module '@plane/propel/icons' or its corresponding type declarations.
core/components/core/modals/existing-issues-list-modal.tsx(15,38): error TS2307: Cannot find module '@plane/propel/toast' or its corresponding type declarations.
core/components/core/modals/existing-issues-list-modal.tsx(16,25): error TS2307: Cannot find module '@plane/propel/tooltip' or its corresponding type declarations.
core/components/core/modals/existing-issues-list-modal.tsx(17,71): error TS2307: Cannot find module '@plane/types' or its corresponding type declarations.
core/components/core/modals/existing-issues-list-modal.tsx(19,78): error TS2307: Cannot find module '@plane/ui' or its corresponding type declarations.
core/components/core/modals/existing-issues-list-modal.tsx(20,51): error TS2307: Cannot find module '@plane/utils' or its corresponding type declarations.
core/components/core/modals/gpt-assistant-popover.tsx(15,35): error TS2307: Cannot find module '@plane/editor' or its corresponding type declarations.
core/components/core/modals/gpt-assistant-popover.tsx(16,24): error TS2307: Cannot find module '@plane/propel/button' or its corresponding type declarations.
core/components/core/modals/gpt-assistant-popover.tsx(17,38): error TS2307: Cannot find module '@plane/propel/toast' or its corresponding type declarations.
core/components/core/modals/gpt-assistant-popover.tsx(18,23): error TS2307: Cannot find module '@plane/ui' or its corresponding type declarations.
core/components/core/modals/issue-search-modal-empty-state.tsx(10,32): error TS2307: Cannot find module '@plane/i18n' or its corresponding type declarations.
core/components/core/modals/issue-search-modal-empty-state.tsx(11,43): error TS2307: Cannot find module '@plane/types' or its corresponding type declarations.
core/components/core/modals/user-image-upload-modal.tsx(11,84): error TS2307: Cannot find module '@plane/constants' or its corresponding type declarations.
core/components/core/modals/user-image-upload-modal.tsx(12,24): error TS2307: Cannot find module '@plane/propel/button' or its corresponding type declarations.
core/components/core/modals/user-image-upload-modal.tsx(13,40): error TS2307: Cannot find module '@plane/propel/icons' or its corresponding type declarations.
core/components/core/modals/user-image-upload-modal.tsx(14,38): error TS2307: Cannot find module '@plane/propel/toast' or its corresponding type declarations.
core/components/core/modals/user-image-upload-modal.tsx(15,32): error TS2307: Cannot find module '@plane/types' or its corresponding type declarations.
core/components/core/modals/user-image-upload-modal.tsx(16,56): error TS2307: Cannot find module '@plane/ui' or its corresponding type declarations.
core/components/core/modals/user-image-upload-modal.tsx(17,65): error TS2307: Cannot find module '@plane/utils' or its corresponding type declarations.
core/components/core/modals/workspace-image-upload-modal.tsx(12,84): error TS2307: Cannot find module '@plane/constants' or its corresponding type declarations.
core/components/core/modals/workspace-image-upload-modal.tsx(13,24): error TS2307: Cannot find module '@plane/propel/button' or its corresponding type declarations.
core/components/core/modals/workspace-image-upload-modal.tsx(14,40): error TS2307: Cannot find module '@plane/propel/icons' or its corresponding type declarations.
core/components/core/modals/workspace-image-upload-modal.tsx(15,38): error TS2307: Cannot find module '@plane/propel/toast' or its corresponding type declarations.
core/components/core/modals/workspace-image-upload-modal.tsx(16,32): error TS2307: Cannot find module '@plane/types' or its corresponding type declarations.
core/components/core/modals/workspace-image-upload-modal.tsx(17,56): error TS2307: Cannot find module '@plane/ui' or its corresponding type declarations.
core/components/core/modals/workspace-image-upload-modal.tsx(18,65): error TS2307: Cannot find module '@plane/utils' or its corresponding type declarations.
core/components/core/multiple-select/entity-select-action.tsx(9,26): error TS2307: Cannot find module '@plane/ui' or its corresponding type declarations.
core/components/core/multiple-select/entity-select-action.tsx(11,20): error TS2307: Cannot find module '@plane/utils' or its corresponding type declarations.
core/components/core/multiple-select/entity-select-action.tsx(34,17): error TS7006: Parameter 'e' implicitly has an 'any' type.
core/components/core/multiple-select/group-select-action.tsx(8,26): error TS2307: Cannot find module '@plane/ui' or its corresponding type declarations.
core/components/core/multiple-select/group-select-action.tsx(10,20): error TS2307: Cannot find module '@plane/utils' or its corresponding type declarations.
core/components/core/render-if-visible-HOC.tsx(9,20): error TS2307: Cannot find module '@plane/utils' or its corresponding type declarations.
core/components/core/sidebar/progress-chart.tsx(9,27): error TS2307: Cannot find module '@plane/propel/charts/area-chart' or its corresponding type declarations.
core/components/core/sidebar/progress-chart.tsx(10,69): error TS2307: Cannot find module '@plane/types' or its corresponding type declarations.
core/components/core/sidebar/progress-chart.tsx(11,48): error TS2307: Cannot find module '@plane/utils' or its corresponding type declarations.
core/components/core/sidebar/progress-stats/assignee.tsx(9,32): error TS2307: Cannot find module '@plane/i18n' or its corresponding type declarations.
core/components/core/sidebar/progress-stats/assignee.tsx(10,24): error TS2307: Cannot find module '@plane/ui' or its corresponding type declarations.
core/components/core/sidebar/progress-stats/assignee.tsx(11,28): error TS2307: Cannot find module '@plane/utils' or its corresponding type declarations.
core/components/core/sidebar/progress-stats/label.tsx(9,32): error TS2307: Cannot find module '@plane/i18n' or its corresponding type declarations.
core/components/core/sidebar/progress-stats/shared.ts(7,47): error TS2307: Cannot find module '@plane/shared-state' or its corresponding type declarations.
core/components/core/sidebar/progress-stats/shared.ts(8,92): error TS2307: Cannot find module '@plane/types' or its corresponding type declarations.
core/components/core/sidebar/progress-stats/state_group.tsx(9,32): error TS2307: Cannot find module '@plane/propel/icons' or its corresponding type declarations.
core/components/core/sidebar/progress-stats/state_group.tsx(10,35): error TS2307: Cannot find module '@plane/types' or its corresponding type declarations.
core/components/core/theme/color-inputs.tsx(11,33): error TS2307: Cannot find module '@plane/types' or its corresponding type declarations.
core/components/core/theme/color-inputs.tsx(12,34): error TS2307: Cannot find module '@plane/ui' or its corresponding type declarations.
core/components/core/theme/color-inputs.tsx(50,28): error TS7006: Parameter 'val' implicitly has an 'any' type.
core/components/core/theme/color-inputs.tsx(83,28): error TS7006: Parameter 'val' implicitly has an 'any' type.
core/components/core/theme/custom-theme-selector.tsx(11,32): error TS2307: Cannot find module '@plane/i18n' or its corresponding type declarations.
core/components/core/theme/custom-theme-selector.tsx(12,24): error TS2307: Cannot find module '@plane/propel/button' or its corresponding type declarations.
core/components/core/theme/custom-theme-selector.tsx(13,38): error TS2307: Cannot find module '@plane/propel/toast' or its corresponding type declarations.
core/components/core/theme/custom-theme-selector.tsx(14,33): error TS2307: Cannot find module '@plane/types' or its corresponding type declarations.
core/components/core/theme/custom-theme-selector.tsx(15,34): error TS2307: Cannot find module '@plane/utils' or its corresponding type declarations.
core/components/core/theme/download-config-button.tsx(10,32): error TS2307: Cannot find module '@plane/i18n' or its corresponding type declarations.
core/components/core/theme/download-config-button.tsx(11,24): error TS2307: Cannot find module '@plane/propel/button' or its corresponding type declarations.
core/components/core/theme/download-config-button.tsx(12,38): error TS2307: Cannot find module '@plane/propel/toast' or its corresponding type declarations.
core/components/core/theme/download-config-button.tsx(13,33): error TS2307: Cannot find module '@plane/types' or its corresponding type declarations.
core/components/core/theme/import-config-button.tsx(11,32): error TS2307: Cannot find module '@plane/i18n' or its corresponding type declarations.
core/components/core/theme/import-config-button.tsx(12,24): error TS2307: Cannot find module '@plane/propel/button' or its corresponding type declarations.
core/components/core/theme/import-config-button.tsx(13,38): error TS2307: Cannot find module '@plane/propel/toast' or its corresponding type declarations.
core/components/core/theme/import-config-button.tsx(14,33): error TS2307: Cannot find module '@plane/types' or its corresponding type declarations.
core/components/core/theme/theme-mode-selector.tsx(11,33): error TS2307: Cannot find module '@plane/types' or its corresponding type declarations.
core/components/core/theme/theme-switch.tsx(8,37): error TS2307: Cannot find module '@plane/constants' or its corresponding type declarations.
core/components/core/theme/theme-switch.tsx(9,31): error TS2307: Cannot find module '@plane/constants' or its corresponding type declarations.
core/components/core/theme/theme-switch.tsx(10,32): error TS2307: Cannot find module '@plane/i18n' or its corresponding type declarations.
core/components/core/theme/theme-switch.tsx(12,30): error TS2307: Cannot find module '@plane/ui' or its corresponding type declarations.
core/components/core/theme/theme-switch.tsx(62,27): error TS7006: Parameter 'themeOption' implicitly has an 'any' type.
core/components/cycles/active-cycle/cycle-stats.tsx(15,32): error TS2307: Cannot find module '@plane/i18n' or its corresponding type declarations.
core/components/cycles/active-cycle/cycle-stats.tsx(16,30): error TS2307: Cannot find module '@plane/propel/icons' or its corresponding type declarations.
core/components/cycles/active-cycle/cycle-stats.tsx(17,25): error TS2307: Cannot find module '@plane/propel/tooltip' or its corresponding type declarations.
core/components/cycles/active-cycle/cycle-stats.tsx(18,47): error TS2307: Cannot find module '@plane/shared-state' or its corresponding type declarations.
core/components/cycles/active-cycle/cycle-stats.tsx(19,29): error TS2307: Cannot find module '@plane/types' or its corresponding type declarations.
core/components/cycles/active-cycle/cycle-stats.tsx(20,34): error TS2307: Cannot find module '@plane/types' or its corresponding type declarations.
core/components/cycles/active-cycle/cycle-stats.tsx(22,32): error TS2307: Cannot find module '@plane/ui' or its corresponding type declarations.
core/components/cycles/active-cycle/cycle-stats.tsx(23,85): error TS2307: Cannot find module '@plane/utils' or its corresponding type declarations.
core/components/cycles/active-cycle/cycle-stats.tsx(84,15): error TS2339: Property 'fetchNextActiveCycleIssues' does not exist on type 'IModuleIssues | IArchivedIssues | IWorkspaceIssues | IProfileIssues | IProjectViewIssues | IWorkspaceDraftIssues'.
core/components/cycles/active-cycle/cycle-stats.tsx(271,53): error TS7006: Parameter 'assignee' implicitly has an 'any' type.
core/components/cycles/active-cycle/cycle-stats.tsx(271,63): error TS7006: Parameter 'index' implicitly has an 'any' type.
core/components/cycles/active-cycle/cycle-stats.tsx(333,49): error TS7006: Parameter 'label' implicitly has an 'any' type.
core/components/cycles/active-cycle/cycle-stats.tsx(333,56): error TS7006: Parameter 'index' implicitly has an 'any' type.
core/components/cycles/active-cycle/productivity.tsx(12,32): error TS2307: Cannot find module '@plane/i18n' or its corresponding type declarations.
core/components/cycles/active-cycle/productivity.tsx(13,49): error TS2307: Cannot find module '@plane/types' or its corresponding type declarations.
core/components/cycles/active-cycle/productivity.tsx(14,24): error TS2307: Cannot find module '@plane/ui' or its corresponding type declarations.
core/components/cycles/active-cycle/progress.tsx(10,47): error TS2307: Cannot find module '@plane/constants' or its corresponding type declarations.
core/components/cycles/active-cycle/progress.tsx(11,32): error TS2307: Cannot find module '@plane/i18n' or its corresponding type declarations.
core/components/cycles/active-cycle/progress.tsx(12,47): error TS2307: Cannot find module '@plane/shared-state' or its corresponding type declarations.
core/components/cycles/active-cycle/progress.tsx(13,29): error TS2307: Cannot find module '@plane/types' or its corresponding type declarations.
core/components/cycles/active-cycle/progress.tsx(14,49): error TS2307: Cannot find module '@plane/ui' or its corresponding type declarations.
core/components/cycles/active-cycle/progress.tsx(35,68): error TS7006: Parameter 'group' implicitly has an 'any' type.
core/components/cycles/active-cycle/progress.tsx(35,75): error TS7006: Parameter 'index' implicitly has an 'any' type.
core/components/cycles/active-cycle/root.tsx(10,36): error TS2307: Cannot find module '@plane/propel/empty-state' or its corresponding type declarations.
core/components/cycles/active-cycle/root.tsx(12,32): error TS2307: Cannot find module '@plane/i18n' or its corresponding type declarations.
core/components/cycles/active-cycle/root.tsx(13,29): error TS2307: Cannot find module '@plane/types' or its corresponding type declarations.
core/components/cycles/active-cycle/root.tsx(14,21): error TS2307: Cannot find module '@plane/ui' or its corresponding type declarations.
core/components/cycles/active-cycle/use-cycles-details.ts(11,47): error TS2307: Cannot find module '@plane/shared-state' or its corresponding type declarations.
core/components/cycles/active-cycle/use-cycles-details.ts(12,34): error TS2307: Cannot find module '@plane/types' or its corresponding type declarations.
core/components/cycles/active-cycle/use-cycles-details.ts(14,42): error TS2307: Cannot find module '@plane/constants' or its corresponding type declarations.
core/components/cycles/active-cycle/use-cycles-details.ts(34,15): error TS2339: Property 'getActiveCycleById' does not exist on type 'IModuleIssues | IArchivedIssues | IWorkspaceIssues | IProfileIssues | IProjectViewIssues | IWorkspaceDraftIssues'.
core/components/cycles/active-cycle/use-cycles-details.ts(34,64): error TS2339: Property 'fetchActiveCycleIssues' does not exist on type 'IModuleIssues | IArchivedIssues | IWorkspaceIssues | IProfileIssues | IProjectViewIssues | IWorkspaceDraftIssues'.
core/components/cycles/active-cycle/use-cycles-details.ts(82,9): error TS2684: The 'this' context of type '((workspaceSlug: string, projectId: string, filters: TWorkItemFilterExpression) => Promise<void>) | ((workspaceSlug: string, viewId: string, filters: TWorkItemFilterExpression) => Promise<void>) | ((workspaceSlug: string, projectId: string, moduleId: string, filters: TWorkItemFilterExpression) => Promise<...>) | ((w...' is not assignable to method's 'this' of type '(this: ((workspaceSlug: string, projectId: string, filters: TWorkItemFilterExpression) => Promise<void>) | ((workspaceSlug: string, viewId: string, filters: TWorkItemFilterExpression) => Promise<...>) | ((workspaceSlug: string, projectId: string, moduleId: string, filters: TWorkItemFilterExpression) => Promise<...>)...'.
  Type '(workspaceSlug: string, projectId: string, moduleId: string, filters: TWorkItemFilterExpression) => Promise<void>' is not assignable to type '(this: ((workspaceSlug: string, projectId: string, filters: TWorkItemFilterExpression) => Promise<void>) | ((workspaceSlug: string, viewId: string, filters: TWorkItemFilterExpression) => Promise<...>) | ((workspaceSlug: string, projectId: string, moduleId: string, filters: TWorkItemFilterExpression) => Promise<...>)...'.
    Target signature provides too few arguments. Expected 4 or more, but got 3.
core/components/cycles/analytics-sidebar/issue-progress.tsx(13,32): error TS2307: Cannot find module '@plane/i18n' or its corresponding type declarations.
core/components/cycles/analytics-sidebar/issue-progress.tsx(14,48): error TS2307: Cannot find module '@plane/propel/icons' or its corresponding type declarations.
core/components/cycles/analytics-sidebar/issue-progress.tsx(15,64): error TS2307: Cannot find module '@plane/types' or its corresponding type declarations.
core/components/cycles/analytics-sidebar/issue-progress.tsx(16,34): error TS2307: Cannot find module '@plane/types' or its corresponding type declarations.
core/components/cycles/analytics-sidebar/issue-progress.tsx(17,25): error TS2307: Cannot find module '@plane/utils' or its corresponding type declarations.
core/components/cycles/analytics-sidebar/progress-stats.tsx(10,32): error TS2307: Cannot find module '@plane/i18n' or its corresponding type declarations.
core/components/cycles/analytics-sidebar/progress-stats.tsx(11,47): error TS2307: Cannot find module '@plane/shared-state' or its corresponding type declarations.
core/components/cycles/analytics-sidebar/progress-stats.tsx(12,85): error TS2307: Cannot find module '@plane/types' or its corresponding type declarations.
core/components/cycles/analytics-sidebar/progress-stats.tsx(13,35): error TS2307: Cannot find module '@plane/utils' or its corresponding type declarations.
core/components/cycles/analytics-sidebar/progress-stats.tsx(72,53): error TS7006: Parameter 'assignee' implicitly has an 'any' type.
core/components/cycles/analytics-sidebar/progress-stats.tsx(79,61): error TS7006: Parameter 'assignee' implicitly has an 'any' type.
core/components/cycles/analytics-sidebar/progress-stats.tsx(89,50): error TS7006: Parameter 'label' implicitly has an 'any' type.
core/components/cycles/analytics-sidebar/progress-stats.tsx(96,58): error TS7006: Parameter 'label' implicitly has an 'any' type.
core/components/cycles/analytics-sidebar/root.tsx(10,24): error TS2307: Cannot find module '@plane/ui' or its corresponding type declarations.
core/components/cycles/analytics-sidebar/sidebar-chart.tsx(10,32): error TS2307: Cannot find module '@plane/i18n' or its corresponding type declarations.
core/components/cycles/analytics-sidebar/sidebar-chart.tsx(11,41): error TS2307: Cannot find module '@plane/types' or its corresponding type declarations.
core/components/cycles/analytics-sidebar/sidebar-chart.tsx(12,24): error TS2307: Cannot find module '@plane/ui' or its corresponding type declarations.
core/components/cycles/analytics-sidebar/sidebar-chart.tsx(13,25): error TS2307: Cannot find module '@plane/utils' or its corresponding type declarations.
core/components/cycles/analytics-sidebar/sidebar-details.tsx(12,33): error TS2307: Cannot find module '@plane/constants' or its corresponding type declarations.
core/components/cycles/analytics-sidebar/sidebar-details.tsx(13,32): error TS2307: Cannot find module '@plane/i18n' or its corresponding type declarations.
core/components/cycles/analytics-sidebar/sidebar-details.tsx(14,52): error TS2307: Cannot find module '@plane/propel/icons' or its corresponding type declarations.
core/components/cycles/analytics-sidebar/sidebar-details.tsx(15,29): error TS2307: Cannot find module '@plane/types' or its corresponding type declarations.
core/components/cycles/analytics-sidebar/sidebar-details.tsx(17,47): error TS2307: Cannot find module '@plane/ui' or its corresponding type declarations.
core/components/cycles/analytics-sidebar/sidebar-details.tsx(19,28): error TS2307: Cannot find module '@plane/utils' or its corresponding type declarations.
core/components/cycles/analytics-sidebar/sidebar-details.tsx(102,53): error TS7006: Parameter 'member' implicitly has an 'any' type.
core/components/cycles/analytics-sidebar/sidebar-header.tsx(12,71): error TS2307: Cannot find module '@plane/constants' or its corresponding type declarations.
core/components/cycles/analytics-sidebar/sidebar-header.tsx(13,32): error TS2307: Cannot find module '@plane/i18n' or its corresponding type declarations.
core/components/cycles/analytics-sidebar/sidebar-header.tsx(14,34): error TS2307: Cannot find module '@plane/propel/icons' or its corresponding type declarations.
core/components/cycles/analytics-sidebar/sidebar-header.tsx(15,38): error TS2307: Cannot find module '@plane/propel/toast' or its corresponding type declarations.
core/components/cycles/analytics-sidebar/sidebar-header.tsx(16,29): error TS2307: Cannot find module '@plane/types' or its corresponding type declarations.
core/components/cycles/analytics-sidebar/sidebar-header.tsx(17,53): error TS2307: Cannot find module '@plane/utils' or its corresponding type declarations.
core/components/cycles/analytics-sidebar/sidebar-header.tsx(61,43): error TS7006: Parameter 'status' implicitly has an 'any' type.
core/components/cycles/applied-filters/date.tsx(9,43): error TS2307: Cannot find module '@plane/constants' or its corresponding type declarations.
core/components/cycles/applied-filters/date.tsx(10,27): error TS2307: Cannot find module '@plane/propel/icons' or its corresponding type declarations.
core/components/cycles/applied-filters/date.tsx(11,60): error TS2307: Cannot find module '@plane/utils' or its corresponding type declarations.
core/components/cycles/applied-filters/date.tsx(26,57): error TS7006: Parameter 'd' implicitly has an 'any' type.
core/components/cycles/applied-filters/root.tsx(9,57): error TS2307: Cannot find module '@plane/constants' or its corresponding type declarations.
core/components/cycles/applied-filters/root.tsx(10,32): error TS2307: Cannot find module '@plane/i18n' or its corresponding type declarations.
core/components/cycles/applied-filters/root.tsx(11,27): error TS2307: Cannot find module '@plane/propel/icons' or its corresponding type declarations.
core/components/cycles/applied-filters/root.tsx(12,36): error TS2307: Cannot find module '@plane/types' or its corresponding type declarations.
core/components/cycles/applied-filters/root.tsx(13,21): error TS2307: Cannot find module '@plane/ui' or its corresponding type declarations.
core/components/cycles/applied-filters/root.tsx(14,46): error TS2307: Cannot find module '@plane/utils' or its corresponding type declarations.
core/components/cycles/applied-filters/root.tsx(60,19): error TS2740: Type '{}' is missing the following properties from type 'string[]': length, pop, push, concat, and 29 more.
core/components/cycles/applied-filters/root.tsx(63,38): error TS2345: Argument of type 'string | number | symbol' is not assignable to parameter of type 'string'.
  Type 'number' is not assignable to type 'string'.
core/components/cycles/applied-filters/root.tsx(67,19): error TS2740: Type '{}' is missing the following properties from type 'string[]': length, pop, push, concat, and 29 more.
core/components/cycles/applied-filters/status.tsx(9,30): error TS2307: Cannot find module '@plane/constants' or its corresponding type declarations.
core/components/cycles/applied-filters/status.tsx(10,32): error TS2307: Cannot find module '@plane/i18n' or its corresponding type declarations.
core/components/cycles/applied-filters/status.tsx(11,27): error TS2307: Cannot find module '@plane/propel/icons' or its corresponding type declarations.
core/components/cycles/applied-filters/status.tsx(12,20): error TS2307: Cannot find module '@plane/utils' or its corresponding type declarations.
core/components/cycles/applied-filters/status.tsx(27,50): error TS7006: Parameter 's' implicitly has an 'any' type.
core/components/cycles/archived-cycles/header.tsx(12,41): error TS2307: Cannot find module '@plane/hooks' or its corresponding type declarations.
core/components/cycles/archived-cycles/header.tsx(13,39): error TS2307: Cannot find module '@plane/propel/icons' or its corresponding type declarations.
core/components/cycles/archived-cycles/header.tsx(16,36): error TS2307: Cannot find module '@plane/types' or its corresponding type declarations.
core/components/cycles/archived-cycles/header.tsx(17,43): error TS2307: Cannot find module '@plane/utils' or its corresponding type declarations.
core/components/cycles/archived-cycles/modal.tsx(9,24): error TS2307: Cannot find module '@plane/propel/button' or its corresponding type declarations.
core/components/cycles/archived-cycles/modal.tsx(10,38): error TS2307: Cannot find module '@plane/propel/toast' or its corresponding type declarations.
core/components/cycles/archived-cycles/modal.tsx(11,56): error TS2307: Cannot find module '@plane/ui' or its corresponding type declarations.
core/components/cycles/archived-cycles/root.tsx(12,32): error TS2307: Cannot find module '@plane/i18n' or its corresponding type declarations.
core/components/cycles/archived-cycles/root.tsx(13,36): error TS2307: Cannot find module '@plane/propel/empty-state' or its corresponding type declarations.
core/components/cycles/archived-cycles/root.tsx(14,36): error TS2307: Cannot find module '@plane/types' or its corresponding type declarations.
core/components/cycles/archived-cycles/root.tsx(15,39): error TS2307: Cannot find module '@plane/utils' or its corresponding type declarations.
core/components/cycles/archived-cycles/root.tsx(52,40): error TS7006: Parameter 'val' implicitly has an 'any' type.
core/components/cycles/cycle-peek-overview.tsx(11,37): error TS2307: Cannot find module '@plane/utils' or its corresponding type declarations.
core/components/cycles/cycles-view-header.tsx(11,41): error TS2307: Cannot find module '@plane/hooks' or its corresponding type declarations.
core/components/cycles/cycles-view-header.tsx(12,28): error TS2307: Cannot find module '@plane/propel/icon-button' or its corresponding type declarations.
core/components/cycles/cycles-view-header.tsx(13,32): error TS2307: Cannot find module '@plane/i18n' or its corresponding type declarations.
core/components/cycles/cycles-view-header.tsx(14,39): error TS2307: Cannot find module '@plane/propel/icons' or its corresponding type declarations.
core/components/cycles/cycles-view-header.tsx(15,36): error TS2307: Cannot find module '@plane/types' or its corresponding type declarations.
core/components/cycles/cycles-view-header.tsx(16,43): error TS2307: Cannot find module '@plane/utils' or its corresponding type declarations.
core/components/cycles/cycles-view.tsx(9,32): error TS2307: Cannot find module '@plane/i18n' or its corresponding type declarations.
core/components/cycles/delete-modal.tsx(11,40): error TS2307: Cannot find module '@plane/constants' or its corresponding type declarations.
core/components/cycles/delete-modal.tsx(12,32): error TS2307: Cannot find module '@plane/i18n' or its corresponding type declarations.
core/components/cycles/delete-modal.tsx(13,38): error TS2307: Cannot find module '@plane/propel/toast' or its corresponding type declarations.
core/components/cycles/delete-modal.tsx(14,29): error TS2307: Cannot find module '@plane/types' or its corresponding type declarations.
core/components/cycles/delete-modal.tsx(16,32): error TS2307: Cannot find module '@plane/ui' or its corresponding type declarations.
core/components/cycles/dropdowns/estimate-type-dropdown.tsx(9,41): error TS2307: Cannot find module '@plane/types' or its corresponding type declarations.
core/components/cycles/dropdowns/estimate-type-dropdown.tsx(10,33): error TS2307: Cannot find module '@plane/types' or its corresponding type declarations.
core/components/cycles/dropdowns/estimate-type-dropdown.tsx(11,30): error TS2307: Cannot find module '@plane/ui' or its corresponding type declarations.
core/components/cycles/dropdowns/filters/end-date.tsx(10,43): error TS2307: Cannot find module '@plane/constants' or its corresponding type declarations.
core/components/cycles/dropdowns/filters/end-date.tsx(11,32): error TS2307: Cannot find module '@plane/utils' or its corresponding type declarations.
core/components/cycles/dropdowns/filters/end-date.tsx(30,61): error TS7006: Parameter 'd' implicitly has an 'any' type.
core/components/cycles/dropdowns/filters/end-date.tsx(64,37): error TS7006: Parameter 'option' implicitly has an 'any' type.
core/components/cycles/dropdowns/filters/root.tsx(9,39): error TS2307: Cannot find module '@plane/propel/icons' or its corresponding type declarations.
core/components/cycles/dropdowns/filters/root.tsx(11,50): error TS2307: Cannot find module '@plane/types' or its corresponding type declarations.
core/components/cycles/dropdowns/filters/start-date.tsx(10,43): error TS2307: Cannot find module '@plane/constants' or its corresponding type declarations.
core/components/cycles/dropdowns/filters/start-date.tsx(12,32): error TS2307: Cannot find module '@plane/utils' or its corresponding type declarations.
core/components/cycles/dropdowns/filters/start-date.tsx(31,61): error TS7006: Parameter 'd' implicitly has an 'any' type.
core/components/cycles/dropdowns/filters/start-date.tsx(65,37): error TS7006: Parameter 'option' implicitly has an 'any' type.
core/components/cycles/dropdowns/filters/status.tsx(9,30): error TS2307: Cannot find module '@plane/constants' or its corresponding type declarations.
core/components/cycles/dropdowns/filters/status.tsx(10,32): error TS2307: Cannot find module '@plane/i18n' or its corresponding type declarations.
core/components/cycles/dropdowns/filters/status.tsx(11,35): error TS2307: Cannot find module '@plane/types' or its corresponding type declarations.
core/components/cycles/dropdowns/filters/status.tsx(30,48): error TS7006: Parameter 'p' implicitly has an 'any' type.
core/components/cycles/dropdowns/filters/status.tsx(42,34): error TS7006: Parameter 'status' implicitly has an 'any' type.
core/components/cycles/form.tsx(10,29): error TS2307: Cannot find module '@plane/constants' or its corresponding type declarations.
core/components/cycles/form.tsx(12,32): error TS2307: Cannot find module '@plane/i18n' or its corresponding type declarations.
core/components/cycles/form.tsx(13,24): error TS2307: Cannot find module '@plane/propel/button' or its corresponding type declarations.
core/components/cycles/form.tsx(14,29): error TS2307: Cannot find module '@plane/types' or its corresponding type declarations.
core/components/cycles/form.tsx(16,33): error TS2307: Cannot find module '@plane/ui' or its corresponding type declarations.
core/components/cycles/form.tsx(17,66): error TS2307: Cannot find module '@plane/utils' or its corresponding type declarations.
core/components/cycles/list/cycle-list-group-header.tsx(9,49): error TS2307: Cannot find module '@plane/propel/icons' or its corresponding type declarations.
core/components/cycles/list/cycle-list-group-header.tsx(10,35): error TS2307: Cannot find module '@plane/types' or its corresponding type declarations.
core/components/cycles/list/cycle-list-group-header.tsx(12,21): error TS2307: Cannot find module '@plane/ui' or its corresponding type declarations.
core/components/cycles/list/cycle-list-group-header.tsx(14,20): error TS2307: Cannot find module '@plane/utils' or its corresponding type declarations.
core/components/cycles/list/cycle-list-item-action.tsx(14,80): error TS2307: Cannot find module '@plane/constants' or its corresponding type declarations.
core/components/cycles/list/cycle-list-item-action.tsx(15,33): error TS2307: Cannot find module '@plane/hooks' or its corresponding type declarations.
core/components/cycles/list/cycle-list-item-action.tsx(16,32): error TS2307: Cannot find module '@plane/i18n' or its corresponding type declarations.
core/components/cycles/list/cycle-list-item-action.tsx(17,66): error TS2307: Cannot find module '@plane/propel/icons' or its corresponding type declarations.
core/components/cycles/list/cycle-list-item-action.tsx(18,33): error TS2307: Cannot find module '@plane/propel/toast' or its corresponding type declarations.
core/components/cycles/list/cycle-list-item-action.tsx(19,25): error TS2307: Cannot find module '@plane/propel/tooltip' or its corresponding type declarations.
core/components/cycles/list/cycle-list-item-action.tsx(20,43): error TS2307: Cannot find module '@plane/types' or its corresponding type declarations.
core/components/cycles/list/cycle-list-item-action.tsx(21,51): error TS2307: Cannot find module '@plane/ui' or its corresponding type declarations.
core/components/cycles/list/cycle-list-item-action.tsx(22,58): error TS2307: Cannot find module '@plane/utils' or its corresponding type declarations.
core/components/cycles/list/cycle-list-item-action.tsx(278,50): error TS7006: Parameter 'assignee_id' implicitly has an 'any' type.
core/components/cycles/list/cycle-list-item-action.tsx(293,21): error TS7006: Parameter 'e' implicitly has an 'any' type.
core/components/cycles/list/cycle-list-project-group-header.tsx(9,22): error TS2307: Cannot find module '@plane/propel/emoji-icon-picker' or its corresponding type declarations.
core/components/cycles/list/cycle-list-project-group-header.tsx(10,34): error TS2307: Cannot find module '@plane/propel/icons' or its corresponding type declarations.
core/components/cycles/list/cycle-list-project-group-header.tsx(12,21): error TS2307: Cannot find module '@plane/ui' or its corresponding type declarations.
core/components/cycles/list/cycle-list-project-group-header.tsx(14,20): error TS2307: Cannot find module '@plane/utils' or its corresponding type declarations.
core/components/cycles/list/cycles-list-item.tsx(11,27): error TS2307: Cannot find module '@plane/propel/icons' or its corresponding type declarations.
core/components/cycles/list/cycles-list-item.tsx(13,35): error TS2307: Cannot find module '@plane/types' or its corresponding type declarations.
core/components/cycles/list/cycles-list-item.tsx(14,43): error TS2307: Cannot find module '@plane/ui' or its corresponding type declarations.
core/components/cycles/list/cycles-list-item.tsx(16,61): error TS2307: Cannot find module '@plane/utils' or its corresponding type declarations.
core/components/cycles/list/root.tsx(11,32): error TS2307: Cannot find module '@plane/i18n' or its corresponding type declarations.
core/components/cycles/list/root.tsx(12,45): error TS2307: Cannot find module '@plane/ui' or its corresponding type declarations.
core/components/cycles/modal.tsx(10,38): error TS2307: Cannot find module '@plane/propel/toast' or its corresponding type declarations.
core/components/cycles/modal.tsx(11,67): error TS2307: Cannot find module '@plane/types' or its corresponding type declarations.
core/components/cycles/modal.tsx(13,56): error TS2307: Cannot find module '@plane/ui' or its corresponding type declarations.
core/components/cycles/modal.tsx(15,44): error TS2307: Cannot find module '@plane/utils' or its corresponding type declarations.
core/components/cycles/quick-actions.tsx(11,57): error TS2307: Cannot find module '@plane/constants' or its corresponding type declarations.
core/components/cycles/quick-actions.tsx(12,32): error TS2307: Cannot find module '@plane/i18n' or its corresponding type declarations.
core/components/cycles/quick-actions.tsx(13,28): error TS2307: Cannot find module '@plane/propel/icon-button' or its corresponding type declarations.
core/components/cycles/quick-actions.tsx(14,38): error TS2307: Cannot find module '@plane/propel/toast' or its corresponding type declarations.
core/components/cycles/quick-actions.tsx(15,39): error TS2307: Cannot find module '@plane/ui' or its corresponding type declarations.
core/components/cycles/quick-actions.tsx(16,41): error TS2307: Cannot find module '@plane/ui' or its corresponding type declarations.
core/components/cycles/quick-actions.tsx(17,40): error TS2307: Cannot find module '@plane/utils' or its corresponding type declarations.
core/components/cycles/transfer-issues-modal.tsx(11,64): error TS2307: Cannot find module '@plane/propel/icons' or its corresponding type declarations.
core/components/cycles/transfer-issues-modal.tsx(12,38): error TS2307: Cannot find module '@plane/propel/toast' or its corresponding type declarations.
core/components/cycles/transfer-issues-modal.tsx(13,34): error TS2307: Cannot find module '@plane/types' or its corresponding type declarations.
core/components/cycles/transfer-issues-modal.tsx(14,56): error TS2307: Cannot find module '@plane/ui' or its corresponding type declarations.
core/components/cycles/transfer-issues-modal.tsx(32,15): error TS2339: Property 'transferIssuesFromCycle' does not exist on type 'IModuleIssues | IArchivedIssues | IWorkspaceIssues | IProfileIssues | IProjectViewIssues | IWorkspaceDraftIssues'.
core/components/cycles/transfer-issues.tsx(10,24): error TS2307: Cannot find module '@plane/propel/button' or its corresponding type declarations.
core/components/cycles/transfer-issues.tsx(11,30): error TS2307: Cannot find module '@plane/propel/icons' or its corresponding type declarations.
core/components/dropdowns/buttons.tsx(9,24): error TS2307: Cannot find module '@plane/propel/button' or its corresponding type declarations.
core/components/dropdowns/buttons.tsx(10,25): error TS2307: Cannot find module '@plane/propel/tooltip' or its corresponding type declarations.
core/components/dropdowns/buttons.tsx(11,20): error TS2307: Cannot find module '@plane/utils' or its corresponding type declarations.
core/components/dropdowns/cycle/cycle-options.tsx(15,32): error TS2307: Cannot find module '@plane/i18n' or its corresponding type declarations.
core/components/dropdowns/cycle/cycle-options.tsx(17,66): error TS2307: Cannot find module '@plane/propel/icons' or its corresponding type declarations.
core/components/dropdowns/cycle/cycle-options.tsx(18,35): error TS2307: Cannot find module '@plane/types' or its corresponding type declarations.
core/components/dropdowns/cycle/index.tsx(10,32): error TS2307: Cannot find module '@plane/i18n' or its corresponding type declarations.
core/components/dropdowns/cycle/index.tsx(12,44): error TS2307: Cannot find module '@plane/propel/icons' or its corresponding type declarations.
core/components/dropdowns/cycle/index.tsx(13,31): error TS2307: Cannot find module '@plane/ui' or its corresponding type declarations.
core/components/dropdowns/cycle/index.tsx(15,20): error TS2307: Cannot find module '@plane/utils' or its corresponding type declarations.
core/components/dropdowns/date-range.tsx(15,32): error TS2307: Cannot find module '@plane/i18n' or its corresponding type declarations.
core/components/dropdowns/date-range.tsx(17,41): error TS2307: Cannot find module '@plane/propel/calendar' or its corresponding type declarations.
core/components/dropdowns/date-range.tsx(18,26): error TS2307: Cannot find module '@plane/propel/calendar' or its corresponding type declarations.
core/components/dropdowns/date-range.tsx(19,48): error TS2307: Cannot find module '@plane/propel/icons' or its corresponding type declarations.
core/components/dropdowns/date-range.tsx(20,31): error TS2307: Cannot find module '@plane/ui' or its corresponding type declarations.
core/components/dropdowns/date-range.tsx(21,41): error TS2307: Cannot find module '@plane/utils' or its corresponding type declarations.
core/components/dropdowns/date-range.tsx(217,27): error TS7006: Parameter 'e' implicitly has an 'any' type.
core/components/dropdowns/date-range.tsx(250,27): error TS7006: Parameter 'e' implicitly has an 'any' type.
core/components/dropdowns/date-range.tsx(297,19): error TS7006: Parameter 'e' implicitly has an 'any' type.
core/components/dropdowns/date.tsx(14,30): error TS2307: Cannot find module '@plane/propel/calendar' or its corresponding type declarations.
core/components/dropdowns/date.tsx(15,26): error TS2307: Cannot find module '@plane/propel/calendar' or its corresponding type declarations.
core/components/dropdowns/date.tsx(16,27): error TS2307: Cannot find module '@plane/propel/icons' or its corresponding type declarations.
core/components/dropdowns/date.tsx(17,31): error TS2307: Cannot find module '@plane/ui' or its corresponding type declarations.
core/components/dropdowns/date.tsx(18,50): error TS2307: Cannot find module '@plane/utils' or its corresponding type declarations.
core/components/dropdowns/date.tsx(156,23): error TS7006: Parameter 'e' implicitly has an 'any' type.
core/components/dropdowns/date.tsx(173,19): error TS7006: Parameter 'e' implicitly has an 'any' type.
core/components/dropdowns/estimate.tsx(14,32): error TS2307: Cannot find module '@plane/i18n' or its corresponding type declarations.
core/components/dropdowns/estimate.tsx(15,78): error TS2307: Cannot find module '@plane/propel/icons' or its corresponding type declarations.
core/components/dropdowns/estimate.tsx(16,33): error TS2307: Cannot find module '@plane/types' or its corresponding type declarations.
core/components/dropdowns/estimate.tsx(17,31): error TS2307: Cannot find module '@plane/ui' or its corresponding type declarations.
core/components/dropdowns/estimate.tsx(18,56): error TS2307: Cannot find module '@plane/utils' or its corresponding type declarations.
core/components/dropdowns/intake-state/base.tsx(13,32): error TS2307: Cannot find module '@plane/i18n' or its corresponding type declarations.
core/components/dropdowns/intake-state/base.tsx(14,67): error TS2307: Cannot find module '@plane/propel/icons' or its corresponding type declarations.
core/components/dropdowns/intake-state/base.tsx(15,35): error TS2307: Cannot find module '@plane/types' or its corresponding type declarations.
core/components/dropdowns/intake-state/base.tsx(16,40): error TS2307: Cannot find module '@plane/ui' or its corresponding type declarations.
core/components/dropdowns/intake-state/base.tsx(17,20): error TS2307: Cannot find module '@plane/utils' or its corresponding type declarations.
core/components/dropdowns/layout.tsx(10,34): error TS2307: Cannot find module '@plane/constants' or its corresponding type declarations.
core/components/dropdowns/layout.tsx(11,32): error TS2307: Cannot find module '@plane/i18n' or its corresponding type declarations.
core/components/dropdowns/layout.tsx(12,27): error TS2307: Cannot find module '@plane/propel/icons' or its corresponding type declarations.
core/components/dropdowns/layout.tsx(13,35): error TS2307: Cannot find module '@plane/types' or its corresponding type declarations.
core/components/dropdowns/layout.tsx(14,34): error TS2307: Cannot find module '@plane/propel/button' or its corresponding type declarations.
core/components/dropdowns/layout.tsx(15,26): error TS2307: Cannot find module '@plane/ui' or its corresponding type declarations.
core/components/dropdowns/layout.tsx(16,20): error TS2307: Cannot find module '@plane/utils' or its corresponding type declarations.
core/components/dropdowns/layout.tsx(32,88): error TS18046: 'layout' is of type 'unknown'.
core/components/dropdowns/layout.tsx(39,15): error TS18046: 'issueLayout' is of type 'unknown'.
core/components/dropdowns/layout.tsx(40,16): error TS18046: 'issueLayout' is of type 'unknown'.
core/components/dropdowns/member/avatar.tsx(9,37): error TS2307: Cannot find module '@plane/propel/icons' or its corresponding type declarations.
core/components/dropdowns/member/avatar.tsx(11,37): error TS2307: Cannot find module '@plane/ui' or its corresponding type declarations.
core/components/dropdowns/member/avatar.tsx(12,32): error TS2307: Cannot find module '@plane/utils' or its corresponding type declarations.
core/components/dropdowns/member/base.tsx(10,32): error TS2307: Cannot find module '@plane/i18n' or its corresponding type declarations.
core/components/dropdowns/member/base.tsx(11,33): error TS2307: Cannot find module '@plane/propel/icons' or its corresponding type declarations.
core/components/dropdowns/member/base.tsx(13,32): error TS2307: Cannot find module '@plane/types' or its corresponding type declarations.
core/components/dropdowns/member/base.tsx(14,31): error TS2307: Cannot find module '@plane/ui' or its corresponding type declarations.
core/components/dropdowns/member/base.tsx(16,20): error TS2307: Cannot find module '@plane/utils' or its corresponding type declarations.
core/components/dropdowns/member/member-options.tsx(15,32): error TS2307: Cannot find module '@plane/i18n' or its corresponding type declarations.
core/components/dropdowns/member/member-options.tsx(16,58): error TS2307: Cannot find module '@plane/propel/icons' or its corresponding type declarations.
core/components/dropdowns/member/member-options.tsx(17,47): error TS2307: Cannot find module '@plane/propel/pill' or its corresponding type declarations.
core/components/dropdowns/member/member-options.tsx(18,32): error TS2307: Cannot find module '@plane/types' or its corresponding type declarations.
core/components/dropdowns/member/member-options.tsx(19,24): error TS2307: Cannot find module '@plane/ui' or its corresponding type declarations.
core/components/dropdowns/member/member-options.tsx(20,63): error TS2307: Cannot find module '@plane/utils' or its corresponding type declarations.
core/components/dropdowns/member/member-options.tsx(158,18): error TS7006: Parameter 'option' implicitly has an 'any' type.
core/components/dropdowns/merged-date.tsx(10,42): error TS2307: Cannot find module '@plane/utils' or its corresponding type declarations.
core/components/dropdowns/module/base.tsx(11,32): error TS2307: Cannot find module '@plane/i18n' or its corresponding type declarations.
core/components/dropdowns/module/base.tsx(12,30): error TS2307: Cannot find module '@plane/types' or its corresponding type declarations.
core/components/dropdowns/module/base.tsx(13,31): error TS2307: Cannot find module '@plane/ui' or its corresponding type declarations.
core/components/dropdowns/module/base.tsx(14,20): error TS2307: Cannot find module '@plane/utils' or its corresponding type declarations.
core/components/dropdowns/module/button-content.tsx(8,56): error TS2307: Cannot find module '@plane/propel/icons' or its corresponding type declarations.
core/components/dropdowns/module/button-content.tsx(9,25): error TS2307: Cannot find module '@plane/propel/tooltip' or its corresponding type declarations.
core/components/dropdowns/module/button-content.tsx(10,20): error TS2307: Cannot find module '@plane/utils' or its corresponding type declarations.
core/components/dropdowns/module/module-options.tsx(13,32): error TS2307: Cannot find module '@plane/i18n' or its corresponding type declarations.
core/components/dropdowns/module/module-options.tsx(14,51): error TS2307: Cannot find module '@plane/propel/icons' or its corresponding type declarations.
core/components/dropdowns/module/module-options.tsx(15,30): error TS2307: Cannot find module '@plane/types' or its corresponding type declarations.
core/components/dropdowns/module/module-options.tsx(16,41): error TS2307: Cannot find module '@plane/utils' or its corresponding type declarations.
core/components/dropdowns/module/module-options.tsx(139,36): error TS7006: Parameter 'option' implicitly has an 'any' type.
core/components/dropdowns/priority.tsx(12,34): error TS2307: Cannot find module '@plane/constants' or its corresponding type declarations.
core/components/dropdowns/priority.tsx(13,32): error TS2307: Cannot find module '@plane/i18n' or its corresponding type declarations.
core/components/dropdowns/priority.tsx(15,70): error TS2307: Cannot find module '@plane/propel/icons' or its corresponding type declarations.
core/components/dropdowns/priority.tsx(16,25): error TS2307: Cannot find module '@plane/propel/tooltip' or its corresponding type declarations.
core/components/dropdowns/priority.tsx(17,39): error TS2307: Cannot find module '@plane/types' or its corresponding type declarations.
core/components/dropdowns/priority.tsx(19,31): error TS2307: Cannot find module '@plane/ui' or its corresponding type declarations.
core/components/dropdowns/priority.tsx(21,20): error TS2307: Cannot find module '@plane/utils' or its corresponding type declarations.
core/components/dropdowns/priority.tsx(69,50): error TS7006: Parameter 'p' implicitly has an 'any' type.
core/components/dropdowns/priority.tsx(93,11): error TS7053: Element implicitly has an 'any' type because expression of type 'any' can't be used to index type '{ urgent: string; high: string; medium: string; low: string; none: string; }'.
core/components/dropdowns/priority.tsx(160,50): error TS7006: Parameter 'p' implicitly has an 'any' type.
core/components/dropdowns/priority.tsx(184,11): error TS7053: Element implicitly has an 'any' type because expression of type 'any' can't be used to index type '{ urgent: string; high: string; medium: string; low: string; none: string; }'.
core/components/dropdowns/priority.tsx(252,50): error TS7006: Parameter 'p' implicitly has an 'any' type.
core/components/dropdowns/priority.tsx(366,41): error TS7006: Parameter 'priority' implicitly has an 'any' type.
core/components/dropdowns/priority.tsx(378,46): error TS7006: Parameter 'o' implicitly has an 'any' type.
core/components/dropdowns/priority.tsx(488,38): error TS7006: Parameter 'option' implicitly has an 'any' type.
core/components/dropdowns/project/base.tsx(13,32): error TS2307: Cannot find module '@plane/i18n' or its corresponding type declarations.
core/components/dropdowns/project/base.tsx(14,22): error TS2307: Cannot find module '@plane/propel/emoji-icon-picker' or its corresponding type declarations.
core/components/dropdowns/project/base.tsx(15,69): error TS2307: Cannot find module '@plane/propel/icons' or its corresponding type declarations.
core/components/dropdowns/project/base.tsx(16,31): error TS2307: Cannot find module '@plane/ui' or its corresponding type declarations.
core/components/dropdowns/project/base.tsx(17,41): error TS2307: Cannot find module '@plane/utils' or its corresponding type declarations.
core/components/dropdowns/project/base.tsx(22,31): error TS2307: Cannot find module '@plane/types' or its corresponding type declarations.
core/components/dropdowns/project/base.tsx(264,40): error TS7006: Parameter 'option' implicitly has an 'any' type.
core/components/dropdowns/state/base.tsx(13,32): error TS2307: Cannot find module '@plane/i18n' or its corresponding type declarations.
core/components/dropdowns/state/base.tsx(14,61): error TS2307: Cannot find module '@plane/propel/icons' or its corresponding type declarations.
core/components/dropdowns/state/base.tsx(15,29): error TS2307: Cannot find module '@plane/types' or its corresponding type declarations.
core/components/dropdowns/state/base.tsx(16,40): error TS2307: Cannot find module '@plane/ui' or its corresponding type declarations.
core/components/dropdowns/state/base.tsx(17,20): error TS2307: Cannot find module '@plane/utils' or its corresponding type declarations.
core/components/editor/document/editor.tsx(9,39): error TS2307: Cannot find module '@plane/editor' or its corresponding type declarations.
core/components/editor/document/editor.tsx(10,93): error TS2307: Cannot find module '@plane/editor' or its corresponding type declarations.
core/components/editor/document/editor.tsx(11,81): error TS2307: Cannot find module '@plane/types' or its corresponding type declarations.
core/components/editor/document/editor.tsx(12,20): error TS2307: Cannot find module '@plane/utils' or its corresponding type declarations.
core/components/editor/document/editor.tsx(90,32): error TS7006: Parameter 'query' implicitly has an 'any' type.
core/components/editor/embeds/mentions/root.tsx(9,53): error TS2307: Cannot find module '@plane/editor' or its corresponding type declarations.
core/components/editor/embeds/mentions/user.tsx(11,22): error TS2307: Cannot find module '@plane/constants' or its corresponding type declarations.
core/components/editor/embeds/mentions/user.tsx(12,25): error TS2307: Cannot find module '@plane/propel/popover' or its corresponding type declarations.
core/components/editor/embeds/mentions/user.tsx(13,24): error TS2307: Cannot find module '@plane/ui' or its corresponding type declarations.
core/components/editor/embeds/mentions/user.tsx(14,32): error TS2307: Cannot find module '@plane/utils' or its corresponding type declarations.
core/components/editor/lite-text/editor.tsx(9,51): error TS2307: Cannot find module '@plane/constants' or its corresponding type declarations.
core/components/editor/lite-text/editor.tsx(11,39): error TS2307: Cannot find module '@plane/editor' or its corresponding type declarations.
core/components/editor/lite-text/editor.tsx(12,71): error TS2307: Cannot find module '@plane/editor' or its corresponding type declarations.
core/components/editor/lite-text/editor.tsx(13,32): error TS2307: Cannot find module '@plane/i18n' or its corresponding type declarations.
core/components/editor/lite-text/editor.tsx(14,35): error TS2307: Cannot find module '@plane/types' or its corresponding type declarations.
core/components/editor/lite-text/editor.tsx(15,36): error TS2307: Cannot find module '@plane/utils' or its corresponding type declarations.
core/components/editor/lite-text/editor.tsx(149,33): error TS7006: Parameter 'ready' implicitly has an 'any' type.
core/components/editor/lite-text/editor.tsx(155,38): error TS7006: Parameter 'query' implicitly has an 'any' type.
core/components/editor/lite-text/editor.tsx(161,43): error TS7006: Parameter 'id' implicitly has an 'any' type.
core/components/editor/lite-text/editor.tsx(181,15): error TS2578: Unused '@ts-expect-error' directive.
core/components/editor/lite-text/editor.tsx(206,15): error TS2578: Unused '@ts-expect-error' directive.
core/components/editor/lite-text/lite-toolbar.tsx(10,38): error TS2307: Cannot find module '@plane/editor' or its corresponding type declarations.
core/components/editor/lite-text/lite-toolbar.tsx(11,28): error TS2307: Cannot find module '@plane/editor' or its corresponding type declarations.
core/components/editor/lite-text/toolbar.tsx(10,46): error TS2307: Cannot find module '@plane/constants' or its corresponding type declarations.
core/components/editor/lite-text/toolbar.tsx(12,35): error TS2307: Cannot find module '@plane/editor' or its corresponding type declarations.
core/components/editor/lite-text/toolbar.tsx(14,32): error TS2307: Cannot find module '@plane/i18n' or its corresponding type declarations.
core/components/editor/lite-text/toolbar.tsx(16,24): error TS2307: Cannot find module '@plane/propel/button' or its corresponding type declarations.
core/components/editor/lite-text/toolbar.tsx(17,37): error TS2307: Cannot find module '@plane/propel/icons' or its corresponding type declarations.
core/components/editor/lite-text/toolbar.tsx(18,32): error TS2307: Cannot find module '@plane/propel/icons' or its corresponding type declarations.
core/components/editor/lite-text/toolbar.tsx(19,25): error TS2307: Cannot find module '@plane/propel/tooltip' or its corresponding type declarations.
core/components/editor/lite-text/toolbar.tsx(21,20): error TS2307: Cannot find module '@plane/utils' or its corresponding type declarations.
core/components/editor/lite-text/toolbar.tsx(22,38): error TS2307: Cannot find module '@plane/editor' or its corresponding type declarations.
core/components/editor/lite-text/toolbar.tsx(23,31): error TS2307: Cannot find module '@plane/editor' or its corresponding type declarations.
core/components/editor/lite-text/toolbar.tsx(87,20): error TS18046: 'item' is of type 'unknown'.
core/components/editor/lite-text/toolbar.tsx(88,14): error TS18046: 'item' is of type 'unknown'.
core/components/editor/lite-text/toolbar.tsx(142,39): error TS7006: Parameter 'item' implicitly has an 'any' type.
core/components/editor/pdf/document.tsx(21,35): error TS2307: Cannot find module '@plane/utils' or its corresponding type declarations.
core/components/editor/rich-text/description-input/loader.tsx(8,24): error TS2307: Cannot find module '@plane/ui' or its corresponding type declarations.
core/components/editor/rich-text/description-input/loader.tsx(9,20): error TS2307: Cannot find module '@plane/utils' or its corresponding type declarations.
core/components/editor/rich-text/description-input/root.tsx(12,48): error TS2307: Cannot find module '@plane/editor' or its corresponding type declarations.
core/components/editor/rich-text/description-input/root.tsx(13,32): error TS2307: Cannot find module '@plane/i18n' or its corresponding type declarations.
core/components/editor/rich-text/description-input/root.tsx(14,61): error TS2307: Cannot find module '@plane/types' or its corresponding type declarations.
core/components/editor/rich-text/description-input/root.tsx(15,47): error TS2307: Cannot find module '@plane/utils' or its corresponding type declarations.
core/components/editor/rich-text/description-input/root.tsx(245,22): error TS7006: Parameter 'description_json' implicitly has an 'any' type.
core/components/editor/rich-text/description-input/root.tsx(245,40): error TS7006: Parameter 'description_html' implicitly has an 'any' type.
core/components/editor/rich-text/description-input/root.tsx(245,58): error TS7006: Parameter 'options' implicitly has an 'any' type.
core/components/editor/rich-text/description-input/root.tsx(255,41): error TS7006: Parameter 'payload' implicitly has an 'any' type.
core/components/editor/rich-text/description-input/root.tsx(262,30): error TS7006: Parameter 'blockId' implicitly has an 'any' type.
core/components/editor/rich-text/description-input/root.tsx(262,39): error TS7006: Parameter 'file' implicitly has an 'any' type.
core/components/editor/rich-text/editor.tsx(9,39): error TS2307: Cannot find module '@plane/editor' or its corresponding type declarations.
core/components/editor/rich-text/editor.tsx(10,71): error TS2307: Cannot find module '@plane/editor' or its corresponding type declarations.
core/components/editor/rich-text/editor.tsx(11,81): error TS2307: Cannot find module '@plane/types' or its corresponding type declarations.
core/components/editor/rich-text/editor.tsx(12,20): error TS2307: Cannot find module '@plane/utils' or its corresponding type declarations.
core/components/editor/rich-text/editor.tsx(89,32): error TS7006: Parameter 'query' implicitly has an 'any' type.
core/components/editor/rich-text/editor.tsx(95,37): error TS7006: Parameter 'id' implicitly has an 'any' type.
core/components/editor/sticky-editor/color-palette.tsx(7,30): error TS2307: Cannot find module '@plane/types' or its corresponding type declarations.
core/components/editor/sticky-editor/editor.tsx(9,51): error TS2307: Cannot find module '@plane/constants' or its corresponding type declarations.
core/components/editor/sticky-editor/editor.tsx(11,39): error TS2307: Cannot find module '@plane/editor' or its corresponding type declarations.
core/components/editor/sticky-editor/editor.tsx(12,71): error TS2307: Cannot find module '@plane/editor' or its corresponding type declarations.
core/components/editor/sticky-editor/editor.tsx(14,30): error TS2307: Cannot find module '@plane/types' or its corresponding type declarations.
core/components/editor/sticky-editor/editor.tsx(16,20): error TS2307: Cannot find module '@plane/utils' or its corresponding type declarations.
core/components/editor/sticky-editor/editor.tsx(45,55): error TS2345: Argument of type '(props: StickyEditorWrapperProps, ref: ForwardedRef<EditorRefApi>) => Element' is not assignable to parameter of type 'ForwardRefRenderFunction<EditorRefApi, Omit<StickyEditorWrapperProps, "ref">>'.
  Types of parameters 'props' and 'props' are incompatible.
    Type 'Omit<StickyEditorWrapperProps, "ref">' is missing the following properties from type 'StickyEditorWrapperProps': workspaceSlug, workspaceId, uploadFile, duplicateFile, and 2 more.
core/components/editor/sticky-editor/editor.tsx(119,15): error TS2578: Unused '@ts-expect-error' directive.
core/components/editor/sticky-editor/toolbar.tsx(10,35): error TS2307: Cannot find module '@plane/editor' or its corresponding type declarations.
core/components/editor/sticky-editor/toolbar.tsx(12,41): error TS2307: Cannot find module '@plane/hooks' or its corresponding type declarations.
core/components/editor/sticky-editor/toolbar.tsx(13,27): error TS2307: Cannot find module '@plane/propel/icons' or its corresponding type declarations.
core/components/editor/sticky-editor/toolbar.tsx(14,25): error TS2307: Cannot find module '@plane/propel/tooltip' or its corresponding type declarations.
core/components/editor/sticky-editor/toolbar.tsx(15,30): error TS2307: Cannot find module '@plane/types' or its corresponding type declarations.
core/components/editor/sticky-editor/toolbar.tsx(17,20): error TS2307: Cannot find module '@plane/utils' or its corresponding type declarations.
core/components/editor/sticky-editor/toolbar.tsx(18,38): error TS2307: Cannot find module '@plane/editor' or its corresponding type declarations.
core/components/editor/sticky-editor/toolbar.tsx(19,31): error TS2307: Cannot find module '@plane/editor' or its corresponding type declarations.
core/components/editor/sticky-editor/toolbar.tsx(49,20): error TS18046: 'item' is of type 'unknown'.
core/components/editor/sticky-editor/toolbar.tsx(50,14): error TS18046: 'item' is of type 'unknown'.
core/components/editor/sticky-editor/toolbar.tsx(87,41): error TS7006: Parameter 'item' implicitly has an 'any' type.
core/components/empty-state/comic-box-button.tsx(12,24): error TS2307: Cannot find module '@plane/propel/button' or its corresponding type declarations.
core/components/empty-state/detailed-empty-state-root.tsx(10,24): error TS2307: Cannot find module '@plane/propel/button' or its corresponding type declarations.
core/components/empty-state/detailed-empty-state-root.tsx(12,20): error TS2307: Cannot find module '@plane/utils' or its corresponding type declarations.
core/components/empty-state/section-empty-state-root.tsx(7,20): error TS2307: Cannot find module '@plane/utils' or its corresponding type declarations.
core/components/empty-state/simple-empty-state-root.tsx(9,20): error TS2307: Cannot find module '@plane/utils' or its corresponding type declarations.
core/components/epic-modal/modal.tsx(8,29): error TS2307: Cannot find module '@plane/types' or its corresponding type declarations.
core/components/estimates/create/helper.tsx(7,42): error TS2307: Cannot find module '@plane/types' or its corresponding type declarations.
core/components/estimates/create/helper.tsx(8,33): error TS2307: Cannot find module '@plane/types' or its corresponding type declarations.
core/components/estimates/create/modal.tsx(10,51): error TS2307: Cannot find module '@plane/constants' or its corresponding type declarations.
core/components/estimates/create/modal.tsx(11,32): error TS2307: Cannot find module '@plane/i18n' or its corresponding type declarations.
core/components/estimates/create/modal.tsx(12,24): error TS2307: Cannot find module '@plane/propel/button' or its corresponding type declarations.
core/components/estimates/create/modal.tsx(13,33): error TS2307: Cannot find module '@plane/propel/icons' or its corresponding type declarations.
core/components/estimates/create/modal.tsx(14,38): error TS2307: Cannot find module '@plane/propel/toast' or its corresponding type declarations.
core/components/estimates/create/modal.tsx(15,104): error TS2307: Cannot find module '@plane/types' or its corresponding type declarations.
core/components/estimates/create/modal.tsx(16,56): error TS2307: Cannot find module '@plane/ui' or its corresponding type declarations.
core/components/estimates/create/modal.tsx(51,28): error TS7006: Parameter 'prev' implicitly has an 'any' type.
core/components/estimates/create/modal.tsx(118,30): error TS7006: Parameter 'prev' implicitly has an 'any' type.
core/components/estimates/create/stage-one.tsx(9,51): error TS2307: Cannot find module '@plane/constants' or its corresponding type declarations.
core/components/estimates/create/stage-one.tsx(10,32): error TS2307: Cannot find module '@plane/i18n' or its corresponding type declarations.
core/components/estimates/create/stage-one.tsx(11,25): error TS2307: Cannot find module '@plane/propel/tooltip' or its corresponding type declarations.
core/components/estimates/create/stage-one.tsx(12,42): error TS2307: Cannot find module '@plane/types' or its corresponding type declarations.
core/components/estimates/create/stage-one.tsx(15,52): error TS2307: Cannot find module '@plane/utils' or its corresponding type declarations.
core/components/estimates/create/stage-one.tsx(108,32): error TS7006: Parameter 'template' implicitly has an 'any' type.
core/components/estimates/delete/modal.tsx(10,24): error TS2307: Cannot find module '@plane/propel/button' or its corresponding type declarations.
core/components/estimates/delete/modal.tsx(11,38): error TS2307: Cannot find module '@plane/propel/toast' or its corresponding type declarations.
core/components/estimates/delete/modal.tsx(12,56): error TS2307: Cannot find module '@plane/ui' or its corresponding type declarations.
core/components/estimates/empty-screen.tsx(9,32): error TS2307: Cannot find module '@plane/i18n' or its corresponding type declarations.
core/components/estimates/estimate-disable-switch.tsx(8,32): error TS2307: Cannot find module '@plane/i18n' or its corresponding type declarations.
core/components/estimates/estimate-disable-switch.tsx(9,38): error TS2307: Cannot find module '@plane/propel/toast' or its corresponding type declarations.
core/components/estimates/estimate-disable-switch.tsx(10,30): error TS2307: Cannot find module '@plane/ui' or its corresponding type declarations.
core/components/estimates/estimate-list-item-buttons.tsx(8,51): error TS2307: Cannot find module '@plane/constants' or its corresponding type declarations.
core/components/estimates/estimate-list-item-buttons.tsx(9,27): error TS2307: Cannot find module '@plane/propel/icons' or its corresponding type declarations.
core/components/estimates/estimate-list-item.tsx(9,33): error TS2307: Cannot find module '@plane/constants' or its corresponding type declarations.
core/components/estimates/estimate-list-item.tsx(10,52): error TS2307: Cannot find module '@plane/utils' or its corresponding type declarations.
core/components/estimates/inputs/number-input.tsx(7,32): error TS2307: Cannot find module '@plane/i18n' or its corresponding type declarations.
core/components/estimates/inputs/root.tsx(8,42): error TS2307: Cannot find module '@plane/types' or its corresponding type declarations.
core/components/estimates/inputs/root.tsx(9,33): error TS2307: Cannot find module '@plane/types' or its corresponding type declarations.
core/components/estimates/inputs/text-input.tsx(7,32): error TS2307: Cannot find module '@plane/i18n' or its corresponding type declarations.
core/components/estimates/loader-screen.tsx(7,24): error TS2307: Cannot find module '@plane/ui' or its corresponding type declarations.
core/components/estimates/points/create-root.tsx(11,31): error TS2307: Cannot find module '@plane/constants' or its corresponding type declarations.
core/components/estimates/points/create-root.tsx(12,24): error TS2307: Cannot find module '@plane/propel/button' or its corresponding type declarations.
core/components/estimates/points/create-root.tsx(13,26): error TS2307: Cannot find module '@plane/propel/icons' or its corresponding type declarations.
core/components/estimates/points/create-root.tsx(14,85): error TS2307: Cannot find module '@plane/types' or its corresponding type declarations.
core/components/estimates/points/create-root.tsx(15,26): error TS2307: Cannot find module '@plane/ui' or its corresponding type declarations.
core/components/estimates/points/create.tsx(11,66): error TS2307: Cannot find module '@plane/constants' or its corresponding type declarations.
core/components/estimates/points/create.tsx(12,32): error TS2307: Cannot find module '@plane/i18n' or its corresponding type declarations.
core/components/estimates/points/create.tsx(13,38): error TS2307: Cannot find module '@plane/propel/icons' or its corresponding type declarations.
core/components/estimates/points/create.tsx(14,38): error TS2307: Cannot find module '@plane/propel/toast' or its corresponding type declarations.
core/components/estimates/points/create.tsx(15,25): error TS2307: Cannot find module '@plane/propel/tooltip' or its corresponding type declarations.
core/components/estimates/points/create.tsx(16,91): error TS2307: Cannot find module '@plane/types' or its corresponding type declarations.
core/components/estimates/points/create.tsx(17,25): error TS2307: Cannot find module '@plane/ui' or its corresponding type declarations.
core/components/estimates/points/create.tsx(18,51): error TS2307: Cannot find module '@plane/utils' or its corresponding type declarations.
core/components/estimates/points/preview.tsx(11,48): error TS2307: Cannot find module '@plane/constants' or its corresponding type declarations.
core/components/estimates/points/preview.tsx(12,32): error TS2307: Cannot find module '@plane/i18n' or its corresponding type declarations.
core/components/estimates/points/preview.tsx(13,37): error TS2307: Cannot find module '@plane/propel/icons' or its corresponding type declarations.
core/components/estimates/points/preview.tsx(14,91): error TS2307: Cannot find module '@plane/types' or its corresponding type declarations.
core/components/estimates/points/preview.tsx(15,52): error TS2307: Cannot find module '@plane/utils' or its corresponding type declarations.
core/components/estimates/points/update.tsx(11,66): error TS2307: Cannot find module '@plane/constants' or its corresponding type declarations.
core/components/estimates/points/update.tsx(12,32): error TS2307: Cannot find module '@plane/i18n' or its corresponding type declarations.
core/components/estimates/points/update.tsx(13,38): error TS2307: Cannot find module '@plane/propel/icons' or its corresponding type declarations.
core/components/estimates/points/update.tsx(14,38): error TS2307: Cannot find module '@plane/propel/toast' or its corresponding type declarations.
core/components/estimates/points/update.tsx(15,25): error TS2307: Cannot find module '@plane/propel/tooltip' or its corresponding type declarations.
core/components/estimates/points/update.tsx(16,91): error TS2307: Cannot find module '@plane/types' or its corresponding type declarations.
core/components/estimates/points/update.tsx(17,25): error TS2307: Cannot find module '@plane/ui' or its corresponding type declarations.
core/components/estimates/points/update.tsx(18,51): error TS2307: Cannot find module '@plane/utils' or its corresponding type declarations.
core/components/estimates/radio-select.tsx(9,20): error TS2307: Cannot find module '@plane/utils' or its corresponding type declarations.
core/components/estimates/root.tsx(11,32): error TS2307: Cannot find module '@plane/i18n' or its corresponding type declarations.
core/components/estimates/root.tsx(16,35): error TS2307: Cannot find module '@plane/propel/empty-state' or its corresponding type declarations.
core/components/exporter/column.tsx(8,34): error TS2307: Cannot find module '@plane/types' or its corresponding type declarations.
core/components/exporter/column.tsx(9,58): error TS2307: Cannot find module '@plane/utils' or its corresponding type declarations.
core/components/exporter/export-form.tsx(17,8): error TS2307: Cannot find module '@plane/constants' or its corresponding type declarations.
core/components/exporter/export-form.tsx(18,32): error TS2307: Cannot find module '@plane/i18n' or its corresponding type declarations.
core/components/exporter/export-form.tsx(19,24): error TS2307: Cannot find module '@plane/propel/button' or its corresponding type declarations.
core/components/exporter/export-form.tsx(20,38): error TS2307: Cannot find module '@plane/propel/toast' or its corresponding type declarations.
core/components/exporter/export-form.tsx(23,48): error TS2307: Cannot find module '@plane/types' or its corresponding type declarations.
core/components/exporter/export-form.tsx(24,50): error TS2307: Cannot find module '@plane/ui' or its corresponding type declarations.
core/components/exporter/export-form.tsx(200,40): error TS7006: Parameter 'service' implicitly has an 'any' type.
core/components/exporter/export-modal.tsx(12,32): error TS2307: Cannot find module '@plane/i18n' or its corresponding type declarations.
core/components/exporter/export-modal.tsx(13,24): error TS2307: Cannot find module '@plane/propel/button' or its corresponding type declarations.
core/components/exporter/export-modal.tsx(14,38): error TS2307: Cannot find module '@plane/propel/toast' or its corresponding type declarations.
core/components/exporter/export-modal.tsx(15,46): error TS2307: Cannot find module '@plane/types' or its corresponding type declarations.
core/components/exporter/export-modal.tsx(17,86): error TS2307: Cannot find module '@plane/ui' or its corresponding type declarations.
core/components/exporter/guide.tsx(12,38): error TS2307: Cannot find module '@plane/constants' or its corresponding type declarations.
core/components/exporter/prev-exports.tsx(12,32): error TS2307: Cannot find module '@plane/i18n' or its corresponding type declarations.
core/components/exporter/prev-exports.tsx(13,24): error TS2307: Cannot find module '@plane/propel/button' or its corresponding type declarations.
core/components/exporter/prev-exports.tsx(14,35): error TS2307: Cannot find module '@plane/propel/empty-state' or its corresponding type declarations.
core/components/exporter/prev-exports.tsx(15,34): error TS2307: Cannot find module '@plane/types' or its corresponding type declarations.
core/components/exporter/prev-exports.tsx(16,23): error TS2307: Cannot find module '@plane/ui' or its corresponding type declarations.
core/components/exporter/prev-exports.tsx(20,38): error TS2307: Cannot find module '@plane/constants' or its corresponding type declarations.
core/components/exporter/prev-exports.tsx(65,40): error TS7006: Parameter 'service' implicitly has an 'any' type.
core/components/exporter/single-export.tsx(9,24): error TS2307: Cannot find module '@plane/propel/button' or its corresponding type declarations.
core/components/exporter/single-export.tsx(10,34): error TS2307: Cannot find module '@plane/types' or its corresponding type declarations.
core/components/exporter/single-export.tsx(12,46): error TS2307: Cannot find module '@plane/utils' or its corresponding type declarations.
core/components/gantt-chart/blocks/block-row-list.tsx(8,52): error TS2307: Cannot find module '@plane/types' or its corresponding type declarations.
core/components/gantt-chart/blocks/block-row.tsx(11,52): error TS2307: Cannot find module '@plane/types' or its corresponding type declarations.
core/components/gantt-chart/blocks/block-row.tsx(12,20): error TS2307: Cannot find module '@plane/utils' or its corresponding type declarations.
core/components/gantt-chart/blocks/block.tsx(11,49): error TS2307: Cannot find module '@plane/types' or its corresponding type declarations.
core/components/gantt-chart/blocks/block.tsx(12,20): error TS2307: Cannot find module '@plane/utils' or its corresponding type declarations.
core/components/gantt-chart/blocks/blocks-list.tsx(8,49): error TS2307: Cannot find module '@plane/types' or its corresponding type declarations.
core/components/gantt-chart/chart/header.tsx(9,32): error TS2307: Cannot find module '@plane/i18n' or its corresponding type declarations.
core/components/gantt-chart/chart/header.tsx(11,34): error TS2307: Cannot find module '@plane/types' or its corresponding type declarations.
core/components/gantt-chart/chart/header.tsx(12,21): error TS2307: Cannot find module '@plane/ui' or its corresponding type declarations.
core/components/gantt-chart/chart/header.tsx(14,20): error TS2307: Cannot find module '@plane/utils' or its corresponding type declarations.
core/components/gantt-chart/chart/main-content.tsx(17,8): error TS2307: Cannot find module '@plane/types' or its corresponding type declarations.
core/components/gantt-chart/chart/main-content.tsx(18,29): error TS2307: Cannot find module '@plane/utils' or its corresponding type declarations.
core/components/gantt-chart/chart/root.tsx(12,95): error TS2307: Cannot find module '@plane/types' or its corresponding type declarations.
core/components/gantt-chart/chart/root.tsx(13,20): error TS2307: Cannot find module '@plane/utils' or its corresponding type declarations.
core/components/gantt-chart/chart/root.tsx(106,32): error TS7053: Element implicitly has an 'any' type because expression of type 'TGanttViews' can't be used to index type '{ week: { generateChart: (weekPayload: ChartDataType, side: "right" | "left" | null, targetDate?: Date | undefined, startOfWeek?: EStartOfTheWeek) => { state: ChartDataType; payload: IWeekBlock[]; scrollWidth: number; }; mergeRenderPayloads: (a: IWeekBlock[], b: IWeekBlock[]) => IWeekBlock[]; }; month: { ...; }; qua...'.
core/components/gantt-chart/chart/views/month.tsx(9,20): error TS2307: Cannot find module '@plane/utils' or its corresponding type declarations.
core/components/gantt-chart/chart/views/quarter.tsx(9,20): error TS2307: Cannot find module '@plane/utils' or its corresponding type declarations.
core/components/gantt-chart/chart/views/week.tsx(9,20): error TS2307: Cannot find module '@plane/utils' or its corresponding type declarations.
core/components/gantt-chart/contexts/index.tsx(8,36): error TS2307: Cannot find module '@plane/types' or its corresponding type declarations.
core/components/gantt-chart/data/index.ts(8,68): error TS2307: Cannot find module '@plane/types' or its corresponding type declarations.
core/components/gantt-chart/data/index.ts(9,33): error TS2307: Cannot find module '@plane/types' or its corresponding type declarations.
core/components/gantt-chart/helpers/add-block.tsx(10,26): error TS2307: Cannot find module '@plane/propel/icons' or its corresponding type declarations.
core/components/gantt-chart/helpers/add-block.tsx(12,25): error TS2307: Cannot find module '@plane/propel/tooltip' or its corresponding type declarations.
core/components/gantt-chart/helpers/add-block.tsx(13,52): error TS2307: Cannot find module '@plane/types' or its corresponding type declarations.
core/components/gantt-chart/helpers/add-block.tsx(15,65): error TS2307: Cannot find module '@plane/utils' or its corresponding type declarations.
core/components/gantt-chart/helpers/blockResizables/left-resizable.tsx(10,41): error TS2307: Cannot find module '@plane/utils' or its corresponding type declarations.
core/components/gantt-chart/helpers/blockResizables/right-resizable.tsx(10,41): error TS2307: Cannot find module '@plane/utils' or its corresponding type declarations.
core/components/gantt-chart/helpers/blockResizables/use-gantt-resizable.ts(9,38): error TS2307: Cannot find module '@plane/propel/toast' or its corresponding type declarations.
core/components/gantt-chart/helpers/blockResizables/use-gantt-resizable.ts(10,62): error TS2307: Cannot find module '@plane/types' or its corresponding type declarations.
core/components/gantt-chart/helpers/draggable.tsx(11,34): error TS2307: Cannot find module '@plane/types' or its corresponding type declarations.
core/components/gantt-chart/helpers/draggable.tsx(13,20): error TS2307: Cannot find module '@plane/utils' or its corresponding type declarations.
core/components/gantt-chart/root.tsx(10,67): error TS2307: Cannot find module '@plane/types' or its corresponding type declarations.
core/components/gantt-chart/sidebar/gantt-dnd-HOC.tsx(12,41): error TS2307: Cannot find module '@plane/hooks' or its corresponding type declarations.
core/components/gantt-chart/sidebar/gantt-dnd-HOC.tsx(13,38): error TS2307: Cannot find module '@plane/propel/toast' or its corresponding type declarations.
core/components/gantt-chart/sidebar/gantt-dnd-HOC.tsx(14,31): error TS2307: Cannot find module '@plane/ui' or its corresponding type declarations.
core/components/gantt-chart/sidebar/issues/block.tsx(9,34): error TS2307: Cannot find module '@plane/types' or its corresponding type declarations.
core/components/gantt-chart/sidebar/issues/block.tsx(10,21): error TS2307: Cannot find module '@plane/ui' or its corresponding type declarations.
core/components/gantt-chart/sidebar/issues/block.tsx(11,20): error TS2307: Cannot find module '@plane/utils' or its corresponding type declarations.
core/components/gantt-chart/sidebar/issues/sidebar.tsx(11,37): error TS2307: Cannot find module '@plane/types' or its corresponding type declarations.
core/components/gantt-chart/sidebar/issues/sidebar.tsx(12,39): error TS2307: Cannot find module '@plane/types' or its corresponding type declarations.
core/components/gantt-chart/sidebar/issues/sidebar.tsx(13,24): error TS2307: Cannot find module '@plane/ui' or its corresponding type declarations.
core/components/gantt-chart/sidebar/modules/block.tsx(9,21): error TS2307: Cannot find module '@plane/ui' or its corresponding type declarations.
core/components/gantt-chart/sidebar/modules/block.tsx(11,20): error TS2307: Cannot find module '@plane/utils' or its corresponding type declarations.
core/components/gantt-chart/sidebar/modules/sidebar.tsx(9,37): error TS2307: Cannot find module '@plane/types' or its corresponding type declarations.
core/components/gantt-chart/sidebar/modules/sidebar.tsx(10,39): error TS2307: Cannot find module '@plane/types' or its corresponding type declarations.
core/components/gantt-chart/sidebar/modules/sidebar.tsx(11,24): error TS2307: Cannot find module '@plane/ui' or its corresponding type declarations.
core/components/gantt-chart/sidebar/root.tsx(9,32): error TS2307: Cannot find module '@plane/i18n' or its corresponding type declarations.
core/components/gantt-chart/sidebar/root.tsx(11,39): error TS2307: Cannot find module '@plane/types' or its corresponding type declarations.
core/components/gantt-chart/sidebar/root.tsx(12,34): error TS2307: Cannot find module '@plane/ui' or its corresponding type declarations.
core/components/gantt-chart/sidebar/root.tsx(13,20): error TS2307: Cannot find module '@plane/utils' or its corresponding type declarations.
core/components/gantt-chart/sidebar/utils.ts(7,67): error TS2307: Cannot find module '@plane/types' or its corresponding type declarations.
core/components/gantt-chart/views/helpers.ts(7,49): error TS2307: Cannot find module '@plane/types' or its corresponding type declarations.
core/components/gantt-chart/views/helpers.ts(8,62): error TS2307: Cannot find module '@plane/utils' or its corresponding type declarations.
core/components/gantt-chart/views/month-view.ts(9,36): error TS2307: Cannot find module '@plane/types' or its corresponding type declarations.
core/components/gantt-chart/views/quarter-view.ts(8,36): error TS2307: Cannot find module '@plane/types' or its corresponding type declarations.
core/components/gantt-chart/views/week-view.ts(8,36): error TS2307: Cannot find module '@plane/types' or its corresponding type declarations.
core/components/gantt-chart/views/week-view.ts(9,33): error TS2307: Cannot find module '@plane/types' or its corresponding type declarations.
core/components/global/product-updates/changelog.tsx(10,24): error TS2307: Cannot find module '@plane/ui' or its corresponding type declarations.
core/components/global/product-updates/fallback.tsx(7,36): error TS2307: Cannot find module '@plane/propel/empty-state' or its corresponding type declarations.
core/components/global/product-updates/footer.tsx(7,39): error TS2307: Cannot find module '@plane/constants' or its corresponding type declarations.
core/components/global/product-updates/footer.tsx(8,32): error TS2307: Cannot find module '@plane/i18n' or its corresponding type declarations.
core/components/global/product-updates/footer.tsx(10,34): error TS2307: Cannot find module '@plane/propel/button' or its corresponding type declarations.
core/components/global/product-updates/footer.tsx(11,27): error TS2307: Cannot find module '@plane/propel/icons' or its corresponding type declarations.
core/components/global/product-updates/footer.tsx(13,20): error TS2307: Cannot find module '@plane/utils' or its corresponding type declarations.
core/components/global/product-updates/header.tsx(9,32): error TS2307: Cannot find module '@plane/i18n' or its corresponding type declarations.
core/components/global/product-updates/header.tsx(11,20): error TS2307: Cannot find module '@plane/utils' or its corresponding type declarations.
core/components/global/product-updates/modal.tsx(9,56): error TS2307: Cannot find module '@plane/ui' or its corresponding type declarations.
core/components/global/timezone-select.tsx(9,36): error TS2307: Cannot find module '@plane/ui' or its corresponding type declarations.
core/components/global/timezone-select.tsx(10,20): error TS2307: Cannot find module '@plane/utils' or its corresponding type declarations.
core/components/global/version-number.tsx(8,32): error TS2307: Cannot find module '@plane/i18n' or its corresponding type declarations.
core/components/home/home-dashboard-widgets.tsx(11,32): error TS2307: Cannot find module '@plane/i18n' or its corresponding type declarations.
core/components/home/home-dashboard-widgets.tsx(12,56): error TS2307: Cannot find module '@plane/types' or its corresponding type declarations.
core/components/home/root.tsx(11,32): error TS2307: Cannot find module '@plane/ui' or its corresponding type declarations.
core/components/home/user-greetings.tsx(8,32): error TS2307: Cannot find module '@plane/i18n' or its corresponding type declarations.
core/components/home/user-greetings.tsx(9,28): error TS2307: Cannot find module '@plane/types' or its corresponding type declarations.
core/components/home/widgets/empty-states/links.tsx(7,32): error TS2307: Cannot find module '@plane/i18n' or its corresponding type declarations.
core/components/home/widgets/empty-states/links.tsx(8,35): error TS2307: Cannot find module '@plane/propel/empty-state' or its corresponding type declarations.
core/components/home/widgets/empty-states/no-projects.tsx(14,57): error TS2307: Cannot find module '@plane/constants' or its corresponding type declarations.
core/components/home/widgets/empty-states/no-projects.tsx(15,33): error TS2307: Cannot find module '@plane/hooks' or its corresponding type declarations.
core/components/home/widgets/empty-states/no-projects.tsx(16,32): error TS2307: Cannot find module '@plane/i18n' or its corresponding type declarations.
core/components/home/widgets/empty-states/no-projects.tsx(17,72): error TS2307: Cannot find module '@plane/propel/icons' or its corresponding type declarations.
core/components/home/widgets/empty-states/no-projects.tsx(18,32): error TS2307: Cannot find module '@plane/utils' or its corresponding type declarations.
core/components/home/widgets/empty-states/recents.tsx(7,32): error TS2307: Cannot find module '@plane/i18n' or its corresponding type declarations.
core/components/home/widgets/empty-states/recents.tsx(8,35): error TS2307: Cannot find module '@plane/propel/empty-state' or its corresponding type declarations.
core/components/home/widgets/empty-states/recents.tsx(9,39): error TS2307: Cannot find module '@plane/propel/empty-state' or its corresponding type declarations.
core/components/home/widgets/empty-states/stickies.tsx(7,32): error TS2307: Cannot find module '@plane/i18n' or its corresponding type declarations.
core/components/home/widgets/empty-states/stickies.tsx(8,35): error TS2307: Cannot find module '@plane/propel/empty-state' or its corresponding type declarations.
core/components/home/widgets/links/action.tsx(7,32): error TS2307: Cannot find module '@plane/i18n' or its corresponding type declarations.
core/components/home/widgets/links/action.tsx(8,26): error TS2307: Cannot find module '@plane/propel/icons' or its corresponding type declarations.
core/components/home/widgets/links/create-update-link-modal.tsx(12,32): error TS2307: Cannot find module '@plane/i18n' or its corresponding type declarations.
core/components/home/widgets/links/create-update-link-modal.tsx(13,24): error TS2307: Cannot find module '@plane/propel/button' or its corresponding type declarations.
core/components/home/widgets/links/create-update-link-modal.tsx(14,42): error TS2307: Cannot find module '@plane/types' or its corresponding type declarations.
core/components/home/widgets/links/create-update-link-modal.tsx(15,34): error TS2307: Cannot find module '@plane/ui' or its corresponding type declarations.
core/components/home/widgets/links/link-detail.tsx(10,32): error TS2307: Cannot find module '@plane/i18n' or its corresponding type declarations.
core/components/home/widgets/links/link-detail.tsx(11,59): error TS2307: Cannot find module '@plane/propel/icons' or its corresponding type declarations.
core/components/home/widgets/links/link-detail.tsx(12,38): error TS2307: Cannot find module '@plane/propel/toast' or its corresponding type declarations.
core/components/home/widgets/links/link-detail.tsx(13,39): error TS2307: Cannot find module '@plane/ui' or its corresponding type declarations.
core/components/home/widgets/links/link-detail.tsx(14,31): error TS2307: Cannot find module '@plane/ui' or its corresponding type declarations.
core/components/home/widgets/links/link-detail.tsx(16,37): error TS2307: Cannot find module '@plane/utils' or its corresponding type declarations.
core/components/home/widgets/links/root.tsx(11,32): error TS2307: Cannot find module '@plane/i18n' or its corresponding type declarations.
core/components/home/widgets/links/root.tsx(12,26): error TS2307: Cannot find module '@plane/propel/icons' or its corresponding type declarations.
core/components/home/widgets/links/root.tsx(13,39): error TS2307: Cannot find module '@plane/types' or its corresponding type declarations.
core/components/home/widgets/links/use-links.tsx(8,32): error TS2307: Cannot find module '@plane/i18n' or its corresponding type declarations.
core/components/home/widgets/links/use-links.tsx(9,38): error TS2307: Cannot find module '@plane/propel/toast' or its corresponding type declarations.
core/components/home/widgets/links/use-links.tsx(10,35): error TS2307: Cannot find module '@plane/types' or its corresponding type declarations.
core/components/home/widgets/loaders/home-loader.tsx(9,24): error TS2307: Cannot find module '@plane/ui' or its corresponding type declarations.
core/components/home/widgets/loaders/quick-links.tsx(9,24): error TS2307: Cannot find module '@plane/ui' or its corresponding type declarations.
core/components/home/widgets/loaders/recent-activity.tsx(9,24): error TS2307: Cannot find module '@plane/ui' or its corresponding type declarations.
core/components/home/widgets/manage/index.tsx(10,32): error TS2307: Cannot find module '@plane/i18n' or its corresponding type declarations.
core/components/home/widgets/manage/index.tsx(11,40): error TS2307: Cannot find module '@plane/ui' or its corresponding type declarations.
core/components/home/widgets/manage/widget-item-drag-handle.tsx(10,28): error TS2307: Cannot find module '@plane/ui' or its corresponding type declarations.
core/components/home/widgets/manage/widget-item-drag-handle.tsx(12,20): error TS2307: Cannot find module '@plane/utils' or its corresponding type declarations.
core/components/home/widgets/manage/widget-item.tsx(22,32): error TS2307: Cannot find module '@plane/i18n' or its corresponding type declarations.
core/components/home/widgets/manage/widget-item.tsx(23,38): error TS2307: Cannot find module '@plane/types' or its corresponding type declarations.
core/components/home/widgets/manage/widget-item.tsx(25,45): error TS2307: Cannot find module '@plane/ui' or its corresponding type declarations.
core/components/home/widgets/manage/widget-item.tsx(27,20): error TS2307: Cannot find module '@plane/utils' or its corresponding type declarations.
core/components/home/widgets/manage/widget-list.tsx(13,32): error TS2307: Cannot find module '@plane/i18n' or its corresponding type declarations.
core/components/home/widgets/manage/widget-list.tsx(14,38): error TS2307: Cannot find module '@plane/propel/toast' or its corresponding type declarations.
core/components/home/widgets/manage/widget.helpers.ts(8,97): error TS2307: Cannot find module '@plane/types' or its corresponding type declarations.
core/components/home/widgets/recents/filters.tsx(8,32): error TS2307: Cannot find module '@plane/i18n' or its corresponding type declarations.
core/components/home/widgets/recents/filters.tsx(9,33): error TS2307: Cannot find module '@plane/propel/icons' or its corresponding type declarations.
core/components/home/widgets/recents/filters.tsx(10,48): error TS2307: Cannot find module '@plane/types' or its corresponding type declarations.
core/components/home/widgets/recents/filters.tsx(11,28): error TS2307: Cannot find module '@plane/ui' or its corresponding type declarations.
core/components/home/widgets/recents/filters.tsx(12,20): error TS2307: Cannot find module '@plane/utils' or its corresponding type declarations.
core/components/home/widgets/recents/index.tsx(10,32): error TS2307: Cannot find module '@plane/i18n' or its corresponding type declarations.
core/components/home/widgets/recents/index.tsx(12,54): error TS2307: Cannot find module '@plane/propel/icons' or its corresponding type declarations.
core/components/home/widgets/recents/index.tsx(13,87): error TS2307: Cannot find module '@plane/types' or its corresponding type declarations.
core/components/home/widgets/recents/issue.tsx(9,61): error TS2307: Cannot find module '@plane/propel/icons' or its corresponding type declarations.
core/components/home/widgets/recents/issue.tsx(10,25): error TS2307: Cannot find module '@plane/propel/tooltip' or its corresponding type declarations.
core/components/home/widgets/recents/issue.tsx(11,60): error TS2307: Cannot find module '@plane/types' or its corresponding type declarations.
core/components/home/widgets/recents/issue.tsx(12,35): error TS2307: Cannot find module '@plane/types' or its corresponding type declarations.
core/components/home/widgets/recents/issue.tsx(14,56): error TS2307: Cannot find module '@plane/utils' or its corresponding type declarations.
core/components/home/widgets/recents/page.tsx(8,22): error TS2307: Cannot find module '@plane/propel/emoji-icon-picker' or its corresponding type declarations.
core/components/home/widgets/recents/page.tsx(9,26): error TS2307: Cannot find module '@plane/propel/icons' or its corresponding type declarations.
core/components/home/widgets/recents/page.tsx(11,59): error TS2307: Cannot find module '@plane/types' or its corresponding type declarations.
core/components/home/widgets/recents/page.tsx(12,24): error TS2307: Cannot find module '@plane/ui' or its corresponding type declarations.
core/components/home/widgets/recents/page.tsx(13,59): error TS2307: Cannot find module '@plane/utils' or its corresponding type declarations.
core/components/home/widgets/recents/project.tsx(9,22): error TS2307: Cannot find module '@plane/propel/emoji-icon-picker' or its corresponding type declarations.
core/components/home/widgets/recents/project.tsx(10,62): error TS2307: Cannot find module '@plane/types' or its corresponding type declarations.
core/components/home/widgets/recents/project.tsx(11,34): error TS2307: Cannot find module '@plane/utils' or its corresponding type declarations.
core/components/icons/locked-component.tsx(7,26): error TS2307: Cannot find module '@plane/propel/icons' or its corresponding type declarations.
core/components/icons/locked-component.tsx(8,25): error TS2307: Cannot find module '@plane/propel/tooltip' or its corresponding type declarations.
core/components/inbox/content/inbox-issue-header.tsx(11,57): error TS2307: Cannot find module '@plane/constants' or its corresponding type declarations.
core/components/inbox/content/inbox-issue-header.tsx(12,32): error TS2307: Cannot find module '@plane/i18n' or its corresponding type declarations.
core/components/inbox/content/inbox-issue-header.tsx(13,24): error TS2307: Cannot find module '@plane/propel/button' or its corresponding type declarations.
core/components/inbox/content/inbox-issue-header.tsx(14,50): error TS2307: Cannot find module '@plane/propel/icon-button' or its corresponding type declarations.
core/components/inbox/content/inbox-issue-header.tsx(24,8): error TS2307: Cannot find module '@plane/propel/icons' or its corresponding type declarations.
core/components/inbox/content/inbox-issue-header.tsx(25,38): error TS2307: Cannot find module '@plane/propel/toast' or its corresponding type declarations.
core/components/inbox/content/inbox-issue-header.tsx(26,45): error TS2307: Cannot find module '@plane/types' or its corresponding type declarations.
core/components/inbox/content/inbox-issue-header.tsx(27,35): error TS2307: Cannot find module '@plane/types' or its corresponding type declarations.
core/components/inbox/content/inbox-issue-header.tsx(28,46): error TS2307: Cannot find module '@plane/ui' or its corresponding type declarations.
core/components/inbox/content/inbox-issue-header.tsx(29,79): error TS2307: Cannot find module '@plane/utils' or its corresponding type declarations.
core/components/inbox/content/inbox-issue-mobile-header.tsx(9,50): error TS2307: Cannot find module '@plane/propel/icon-button' or its corresponding type declarations.
core/components/inbox/content/inbox-issue-mobile-header.tsx(18,8): error TS2307: Cannot find module '@plane/propel/icons' or its corresponding type declarations.
core/components/inbox/content/inbox-issue-mobile-header.tsx(19,45): error TS2307: Cannot find module '@plane/types' or its corresponding type declarations.
core/components/inbox/content/inbox-issue-mobile-header.tsx(21,52): error TS2307: Cannot find module '@plane/ui' or its corresponding type declarations.
core/components/inbox/content/inbox-issue-mobile-header.tsx(22,63): error TS2307: Cannot find module '@plane/utils' or its corresponding type declarations.
core/components/inbox/content/issue-properties.tsx(15,8): error TS2307: Cannot find module '@plane/propel/icons' or its corresponding type declarations.
core/components/inbox/content/issue-properties.tsx(16,25): error TS2307: Cannot find module '@plane/propel/tooltip' or its corresponding type declarations.
core/components/inbox/content/issue-properties.tsx(17,58): error TS2307: Cannot find module '@plane/types' or its corresponding type declarations.
core/components/inbox/content/issue-properties.tsx(18,29): error TS2307: Cannot find module '@plane/ui' or its corresponding type declarations.
core/components/inbox/content/issue-properties.tsx(19,75): error TS2307: Cannot find module '@plane/utils' or its corresponding type declarations.
core/components/inbox/content/issue-root.tsx(11,35): error TS2307: Cannot find module '@plane/editor' or its corresponding type declarations.
core/components/inbox/content/issue-root.tsx(12,38): error TS2307: Cannot find module '@plane/propel/toast' or its corresponding type declarations.
core/components/inbox/content/issue-root.tsx(13,53): error TS2307: Cannot find module '@plane/types' or its corresponding type declarations.
core/components/inbox/content/issue-root.tsx(14,70): error TS2307: Cannot find module '@plane/types' or its corresponding type declarations.
core/components/inbox/content/root.tsx(10,57): error TS2307: Cannot find module '@plane/constants' or its corresponding type declarations.
core/components/inbox/content/root.tsx(11,45): error TS2307: Cannot find module '@plane/types' or its corresponding type declarations.
core/components/inbox/content/root.tsx(13,32): error TS2307: Cannot find module '@plane/ui' or its corresponding type declarations.
core/components/inbox/inbox-filter/applied-filters/date.tsx(8,46): error TS2307: Cannot find module '@plane/constants' or its corresponding type declarations.
core/components/inbox/inbox-filter/applied-filters/date.tsx(9,27): error TS2307: Cannot find module '@plane/propel/icons' or its corresponding type declarations.
core/components/inbox/inbox-filter/applied-filters/date.tsx(10,48): error TS2307: Cannot find module '@plane/types' or its corresponding type declarations.
core/components/inbox/inbox-filter/applied-filters/date.tsx(12,21): error TS2307: Cannot find module '@plane/ui' or its corresponding type declarations.
core/components/inbox/inbox-filter/applied-filters/date.tsx(13,37): error TS2307: Cannot find module '@plane/utils' or its corresponding type declarations.
core/components/inbox/inbox-filter/applied-filters/date.tsx(32,60): error TS7006: Parameter 'd' implicitly has an 'any' type.
core/components/inbox/inbox-filter/applied-filters/date.tsx(42,62): error TS7006: Parameter 'v' implicitly has an 'any' type.
core/components/inbox/inbox-filter/applied-filters/date.tsx(50,28): error TS7006: Parameter 'value' implicitly has an 'any' type.
core/components/inbox/inbox-filter/applied-filters/label.tsx(9,27): error TS2307: Cannot find module '@plane/propel/icons' or its corresponding type declarations.
core/components/inbox/inbox-filter/applied-filters/label.tsx(10,21): error TS2307: Cannot find module '@plane/ui' or its corresponding type declarations.
core/components/inbox/inbox-filter/applied-filters/label.tsx(27,62): error TS7006: Parameter 'v' implicitly has an 'any' type.
core/components/inbox/inbox-filter/applied-filters/label.tsx(35,28): error TS7006: Parameter 'value' implicitly has an 'any' type.
core/components/inbox/inbox-filter/applied-filters/member.tsx(10,27): error TS2307: Cannot find module '@plane/propel/icons' or its corresponding type declarations.
core/components/inbox/inbox-filter/applied-filters/member.tsx(11,50): error TS2307: Cannot find module '@plane/types' or its corresponding type declarations.
core/components/inbox/inbox-filter/applied-filters/member.tsx(13,29): error TS2307: Cannot find module '@plane/ui' or its corresponding type declarations.
core/components/inbox/inbox-filter/applied-filters/member.tsx(15,28): error TS2307: Cannot find module '@plane/utils' or its corresponding type declarations.
core/components/inbox/inbox-filter/applied-filters/member.tsx(37,62): error TS7006: Parameter 'v' implicitly has an 'any' type.
core/components/inbox/inbox-filter/applied-filters/member.tsx(45,28): error TS7006: Parameter 'value' implicitly has an 'any' type.
core/components/inbox/inbox-filter/applied-filters/priority.tsx(8,34): error TS2307: Cannot find module '@plane/constants' or its corresponding type declarations.
core/components/inbox/inbox-filter/applied-filters/priority.tsx(9,32): error TS2307: Cannot find module '@plane/i18n' or its corresponding type declarations.
core/components/inbox/inbox-filter/applied-filters/priority.tsx(10,41): error TS2307: Cannot find module '@plane/propel/icons' or its corresponding type declarations.
core/components/inbox/inbox-filter/applied-filters/priority.tsx(11,39): error TS2307: Cannot find module '@plane/types' or its corresponding type declarations.
core/components/inbox/inbox-filter/applied-filters/priority.tsx(12,21): error TS2307: Cannot find module '@plane/ui' or its corresponding type declarations.
core/components/inbox/inbox-filter/applied-filters/priority.tsx(23,28): error TS7006: Parameter 'p' implicitly has an 'any' type.
core/components/inbox/inbox-filter/applied-filters/priority.tsx(26,62): error TS7006: Parameter 'v' implicitly has an 'any' type.
core/components/inbox/inbox-filter/applied-filters/priority.tsx(34,28): error TS7006: Parameter 'value' implicitly has an 'any' type.
core/components/inbox/inbox-filter/applied-filters/root.tsx(9,40): error TS2307: Cannot find module '@plane/ui' or its corresponding type declarations.
core/components/inbox/inbox-filter/applied-filters/state.tsx(8,27): error TS2307: Cannot find module '@plane/constants' or its corresponding type declarations.
core/components/inbox/inbox-filter/applied-filters/state.tsx(9,43): error TS2307: Cannot find module '@plane/propel/icons' or its corresponding type declarations.
core/components/inbox/inbox-filter/applied-filters/state.tsx(10,21): error TS2307: Cannot find module '@plane/ui' or its corresponding type declarations.
core/components/inbox/inbox-filter/applied-filters/state.tsx(24,62): error TS7006: Parameter 'v' implicitly has an 'any' type.
core/components/inbox/inbox-filter/applied-filters/state.tsx(32,28): error TS7006: Parameter 'value' implicitly has an 'any' type.
core/components/inbox/inbox-filter/applied-filters/status.tsx(8,30): error TS2307: Cannot find module '@plane/constants' or its corresponding type declarations.
core/components/inbox/inbox-filter/applied-filters/status.tsx(9,32): error TS2307: Cannot find module '@plane/i18n' or its corresponding type declarations.
core/components/inbox/inbox-filter/applied-filters/status.tsx(10,27): error TS2307: Cannot find module '@plane/propel/icons' or its corresponding type declarations.
core/components/inbox/inbox-filter/applied-filters/status.tsx(11,40): error TS2307: Cannot find module '@plane/types' or its corresponding type declarations.
core/components/inbox/inbox-filter/applied-filters/status.tsx(13,21): error TS2307: Cannot find module '@plane/ui' or its corresponding type declarations.
core/components/inbox/inbox-filter/applied-filters/status.tsx(24,81): error TS7006: Parameter 's' implicitly has an 'any' type.
core/components/inbox/inbox-filter/applied-filters/status.tsx(27,62): error TS7006: Parameter 'v' implicitly has an 'any' type.
core/components/inbox/inbox-filter/applied-filters/status.tsx(33,28): error TS7006: Parameter 'value' implicitly has an 'any' type.
core/components/inbox/inbox-filter/filters/date.tsx(10,46): error TS2307: Cannot find module '@plane/constants' or its corresponding type declarations.
core/components/inbox/inbox-filter/filters/date.tsx(11,48): error TS2307: Cannot find module '@plane/types' or its corresponding type declarations.
core/components/inbox/inbox-filter/filters/date.tsx(40,64): error TS7006: Parameter 'd' implicitly has an 'any' type.
core/components/inbox/inbox-filter/filters/date.tsx(79,37): error TS7006: Parameter 'option' implicitly has an 'any' type.
core/components/inbox/inbox-filter/filters/filter-selection.tsx(9,39): error TS2307: Cannot find module '@plane/propel/icons' or its corresponding type declarations.
core/components/inbox/inbox-filter/filters/labels.tsx(9,34): error TS2307: Cannot find module '@plane/types' or its corresponding type declarations.
core/components/inbox/inbox-filter/filters/labels.tsx(10,24): error TS2307: Cannot find module '@plane/ui' or its corresponding type declarations.
core/components/inbox/inbox-filter/filters/labels.tsx(47,56): error TS7006: Parameter 'v' implicitly has an 'any' type.
core/components/inbox/inbox-filter/filters/members.tsx(11,50): error TS2307: Cannot find module '@plane/types' or its corresponding type declarations.
core/components/inbox/inbox-filter/filters/members.tsx(13,32): error TS2307: Cannot find module '@plane/ui' or its corresponding type declarations.
core/components/inbox/inbox-filter/filters/members.tsx(15,28): error TS2307: Cannot find module '@plane/utils' or its corresponding type declarations.
core/components/inbox/inbox-filter/filters/members.tsx(64,56): error TS7006: Parameter 'v' implicitly has an 'any' type.
core/components/inbox/inbox-filter/filters/priority.tsx(9,34): error TS2307: Cannot find module '@plane/constants' or its corresponding type declarations.
core/components/inbox/inbox-filter/filters/priority.tsx(10,32): error TS2307: Cannot find module '@plane/i18n' or its corresponding type declarations.
core/components/inbox/inbox-filter/filters/priority.tsx(11,30): error TS2307: Cannot find module '@plane/propel/icons' or its corresponding type declarations.
core/components/inbox/inbox-filter/filters/priority.tsx(12,39): error TS2307: Cannot find module '@plane/types' or its corresponding type declarations.
core/components/inbox/inbox-filter/filters/priority.tsx(33,52): error TS7006: Parameter 'p' implicitly has an 'any' type.
core/components/inbox/inbox-filter/filters/priority.tsx(36,56): error TS7006: Parameter 'v' implicitly has an 'any' type.
core/components/inbox/inbox-filter/filters/priority.tsx(48,34): error TS7006: Parameter 'priority' implicitly has an 'any' type.
core/components/inbox/inbox-filter/filters/state.tsx(9,27): error TS2307: Cannot find module '@plane/constants' or its corresponding type declarations.
core/components/inbox/inbox-filter/filters/state.tsx(10,32): error TS2307: Cannot find module '@plane/propel/icons' or its corresponding type declarations.
core/components/inbox/inbox-filter/filters/state.tsx(11,29): error TS2307: Cannot find module '@plane/types' or its corresponding type declarations.
core/components/inbox/inbox-filter/filters/state.tsx(12,24): error TS2307: Cannot find module '@plane/ui' or its corresponding type declarations.
core/components/inbox/inbox-filter/filters/state.tsx(45,56): error TS7006: Parameter 'v' implicitly has an 'any' type.
core/components/inbox/inbox-filter/filters/status.tsx(10,30): error TS2307: Cannot find module '@plane/constants' or its corresponding type declarations.
core/components/inbox/inbox-filter/filters/status.tsx(11,32): error TS2307: Cannot find module '@plane/i18n' or its corresponding type declarations.
core/components/inbox/inbox-filter/filters/status.tsx(12,40): error TS2307: Cannot find module '@plane/types' or its corresponding type declarations.
core/components/inbox/inbox-filter/filters/status.tsx(35,6): error TS7006: Parameter 's' implicitly has an 'any' type.
core/components/inbox/inbox-filter/filters/status.tsx(42,56): error TS7006: Parameter 'v' implicitly has an 'any' type.
core/components/inbox/inbox-filter/filters/status.tsx(59,34): error TS7006: Parameter 'status' implicitly has an 'any' type.
core/components/inbox/inbox-filter/root.tsx(8,34): error TS2307: Cannot find module '@plane/propel/button' or its corresponding type declarations.
core/components/inbox/inbox-filter/root.tsx(10,33): error TS2307: Cannot find module '@plane/propel/icons' or its corresponding type declarations.
core/components/inbox/inbox-filter/root.tsx(11,20): error TS2307: Cannot find module '@plane/utils' or its corresponding type declarations.
core/components/inbox/inbox-filter/sorting/order-by.tsx(9,75): error TS2307: Cannot find module '@plane/constants' or its corresponding type declarations.
core/components/inbox/inbox-filter/sorting/order-by.tsx(10,32): error TS2307: Cannot find module '@plane/i18n' or its corresponding type declarations.
core/components/inbox/inbox-filter/sorting/order-by.tsx(11,34): error TS2307: Cannot find module '@plane/propel/button' or its corresponding type declarations.
core/components/inbox/inbox-filter/sorting/order-by.tsx(12,44): error TS2307: Cannot find module '@plane/propel/icons' or its corresponding type declarations.
core/components/inbox/inbox-filter/sorting/order-by.tsx(13,82): error TS2307: Cannot find module '@plane/types' or its corresponding type declarations.
core/components/inbox/inbox-filter/sorting/order-by.tsx(14,28): error TS2307: Cannot find module '@plane/ui' or its corresponding type declarations.
core/components/inbox/inbox-filter/sorting/order-by.tsx(17,20): error TS2307: Cannot find module '@plane/utils' or its corresponding type declarations.
core/components/inbox/inbox-filter/sorting/order-by.tsx(28,40): error TS7006: Parameter 'option' implicitly has an 'any' type.
core/components/inbox/inbox-filter/sorting/order-by.tsx(53,42): error TS7006: Parameter 'option' implicitly has an 'any' type.
core/components/inbox/inbox-filter/sorting/order-by.tsx(64,41): error TS7006: Parameter 'option' implicitly has an 'any' type.
core/components/inbox/inbox-issue-status.tsx(11,30): error TS2307: Cannot find module '@plane/constants' or its corresponding type declarations.
core/components/inbox/inbox-issue-status.tsx(12,32): error TS2307: Cannot find module '@plane/i18n' or its corresponding type declarations.
core/components/inbox/inbox-issue-status.tsx(13,41): error TS2307: Cannot find module '@plane/utils' or its corresponding type declarations.
core/components/inbox/inbox-issue-status.tsx(29,53): error TS7006: Parameter 's' implicitly has an 'any' type.
core/components/inbox/inbox-status-icon.tsx(8,26): error TS2307: Cannot find module '@plane/propel/icons' or its corresponding type declarations.
core/components/inbox/inbox-status-icon.tsx(9,40): error TS2307: Cannot find module '@plane/types' or its corresponding type declarations.
core/components/inbox/inbox-status-icon.tsx(10,35): error TS2307: Cannot find module '@plane/types' or its corresponding type declarations.
core/components/inbox/inbox-status-icon.tsx(11,20): error TS2307: Cannot find module '@plane/utils' or its corresponding type declarations.
core/components/inbox/modals/create-modal/create-root.tsx(13,29): error TS2307: Cannot find module '@plane/constants' or its corresponding type declarations.
core/components/inbox/modals/create-modal/create-root.tsx(14,35): error TS2307: Cannot find module '@plane/editor' or its corresponding type declarations.
core/components/inbox/modals/create-modal/create-root.tsx(15,32): error TS2307: Cannot find module '@plane/i18n' or its corresponding type declarations.
core/components/inbox/modals/create-modal/create-root.tsx(16,24): error TS2307: Cannot find module '@plane/propel/button' or its corresponding type declarations.
core/components/inbox/modals/create-modal/create-root.tsx(17,38): error TS2307: Cannot find module '@plane/propel/toast' or its corresponding type declarations.
core/components/inbox/modals/create-modal/create-root.tsx(18,29): error TS2307: Cannot find module '@plane/types' or its corresponding type declarations.
core/components/inbox/modals/create-modal/create-root.tsx(19,30): error TS2307: Cannot find module '@plane/ui' or its corresponding type declarations.
core/components/inbox/modals/create-modal/create-root.tsx(20,57): error TS2307: Cannot find module '@plane/utils' or its corresponding type declarations.
core/components/inbox/modals/create-modal/issue-description.tsx(10,29): error TS2307: Cannot find module '@plane/constants' or its corresponding type declarations.
core/components/inbox/modals/create-modal/issue-description.tsx(11,35): error TS2307: Cannot find module '@plane/editor' or its corresponding type declarations.
core/components/inbox/modals/create-modal/issue-description.tsx(12,32): error TS2307: Cannot find module '@plane/i18n' or its corresponding type declarations.
core/components/inbox/modals/create-modal/issue-description.tsx(13,29): error TS2307: Cannot find module '@plane/types' or its corresponding type declarations.
core/components/inbox/modals/create-modal/issue-description.tsx(14,32): error TS2307: Cannot find module '@plane/types' or its corresponding type declarations.
core/components/inbox/modals/create-modal/issue-description.tsx(15,24): error TS2307: Cannot find module '@plane/ui' or its corresponding type declarations.
core/components/inbox/modals/create-modal/issue-description.tsx(16,60): error TS2307: Cannot find module '@plane/utils' or its corresponding type declarations.
core/components/inbox/modals/create-modal/issue-description.tsx(80,21): error TS7006: Parameter 'isFocused' implicitly has an 'any' type.
core/components/inbox/modals/create-modal/issue-description.tsx(80,32): error TS7006: Parameter 'description' implicitly has an 'any' type.
core/components/inbox/modals/create-modal/issue-description.tsx(81,37): error TS7006: Parameter 'payload' implicitly has an 'any' type.
core/components/inbox/modals/create-modal/issue-description.tsx(90,26): error TS7006: Parameter 'blockId' implicitly has an 'any' type.
core/components/inbox/modals/create-modal/issue-description.tsx(90,35): error TS7006: Parameter 'file' implicitly has an 'any' type.
core/components/inbox/modals/create-modal/issue-properties.tsx(9,29): error TS2307: Cannot find module '@plane/constants' or its corresponding type declarations.
core/components/inbox/modals/create-modal/issue-properties.tsx(10,36): error TS2307: Cannot find module '@plane/propel/icons' or its corresponding type declarations.
core/components/inbox/modals/create-modal/issue-properties.tsx(11,51): error TS2307: Cannot find module '@plane/types' or its corresponding type declarations.
core/components/inbox/modals/create-modal/issue-properties.tsx(12,28): error TS2307: Cannot find module '@plane/ui' or its corresponding type declarations.
core/components/inbox/modals/create-modal/issue-properties.tsx(13,66): error TS2307: Cannot find module '@plane/utils' or its corresponding type declarations.
core/components/inbox/modals/create-modal/issue-title.tsx(9,29): error TS2307: Cannot find module '@plane/constants' or its corresponding type declarations.
core/components/inbox/modals/create-modal/issue-title.tsx(10,32): error TS2307: Cannot find module '@plane/i18n' or its corresponding type declarations.
core/components/inbox/modals/create-modal/issue-title.tsx(11,29): error TS2307: Cannot find module '@plane/types' or its corresponding type declarations.
core/components/inbox/modals/create-modal/issue-title.tsx(12,23): error TS2307: Cannot find module '@plane/ui' or its corresponding type declarations.
core/components/inbox/modals/create-modal/issue-title.tsx(14,29): error TS2307: Cannot find module '@plane/utils' or its corresponding type declarations.
core/components/inbox/modals/create-modal/issue-title.tsx(38,20): error TS7006: Parameter 'e' implicitly has an 'any' type.
core/components/inbox/modals/create-modal/modal.tsx(9,56): error TS2307: Cannot find module '@plane/ui' or its corresponding type declarations.
core/components/inbox/modals/decline-issue-modal.tsx(9,32): error TS2307: Cannot find module '@plane/i18n' or its corresponding type declarations.
core/components/inbox/modals/decline-issue-modal.tsx(10,29): error TS2307: Cannot find module '@plane/types' or its corresponding type declarations.
core/components/inbox/modals/decline-issue-modal.tsx(12,32): error TS2307: Cannot find module '@plane/ui' or its corresponding type declarations.
core/components/inbox/modals/delete-issue-modal.tsx(10,40): error TS2307: Cannot find module '@plane/constants' or its corresponding type declarations.
core/components/inbox/modals/delete-issue-modal.tsx(11,32): error TS2307: Cannot find module '@plane/i18n' or its corresponding type declarations.
core/components/inbox/modals/delete-issue-modal.tsx(12,38): error TS2307: Cannot find module '@plane/propel/toast' or its corresponding type declarations.
core/components/inbox/modals/delete-issue-modal.tsx(13,29): error TS2307: Cannot find module '@plane/types' or its corresponding type declarations.
core/components/inbox/modals/delete-issue-modal.tsx(15,32): error TS2307: Cannot find module '@plane/ui' or its corresponding type declarations.
core/components/inbox/modals/select-duplicate.tsx(12,32): error TS2307: Cannot find module '@plane/i18n' or its corresponding type declarations.
core/components/inbox/modals/select-duplicate.tsx(13,28): error TS2307: Cannot find module '@plane/propel/icons' or its corresponding type declarations.
core/components/inbox/modals/select-duplicate.tsx(14,38): error TS2307: Cannot find module '@plane/propel/toast' or its corresponding type declarations.
core/components/inbox/modals/select-duplicate.tsx(15,43): error TS2307: Cannot find module '@plane/types' or its corresponding type declarations.
core/components/inbox/modals/select-duplicate.tsx(16,64): error TS2307: Cannot find module '@plane/ui' or its corresponding type declarations.
core/components/inbox/modals/snooze-issue-modal.tsx(9,32): error TS2307: Cannot find module '@plane/i18n' or its corresponding type declarations.
core/components/inbox/modals/snooze-issue-modal.tsx(10,24): error TS2307: Cannot find module '@plane/propel/button' or its corresponding type declarations.
core/components/inbox/modals/snooze-issue-modal.tsx(11,26): error TS2307: Cannot find module '@plane/propel/calendar' or its corresponding type declarations.
core/components/inbox/modals/snooze-issue-modal.tsx(12,56): error TS2307: Cannot find module '@plane/ui' or its corresponding type declarations.
core/components/inbox/root.tsx(11,32): error TS2307: Cannot find module '@plane/i18n' or its corresponding type declarations.
core/components/inbox/root.tsx(12,35): error TS2307: Cannot find module '@plane/propel/empty-state' or its corresponding type declarations.
core/components/inbox/root.tsx(13,28): error TS2307: Cannot find module '@plane/propel/icons' or its corresponding type declarations.
core/components/inbox/root.tsx(14,39): error TS2307: Cannot find module '@plane/types' or its corresponding type declarations.
core/components/inbox/root.tsx(15,20): error TS2307: Cannot find module '@plane/utils' or its corresponding type declarations.
core/components/inbox/sidebar/inbox-list-item.tsx(12,30): error TS2307: Cannot find module '@plane/propel/icons' or its corresponding type declarations.
core/components/inbox/sidebar/inbox-list-item.tsx(13,25): error TS2307: Cannot find module '@plane/propel/tooltip' or its corresponding type declarations.
core/components/inbox/sidebar/inbox-list-item.tsx(14,29): error TS2307: Cannot find module '@plane/ui' or its corresponding type declarations.
core/components/inbox/sidebar/inbox-list-item.tsx(15,53): error TS2307: Cannot find module '@plane/utils' or its corresponding type declarations.
core/components/inbox/sidebar/inbox-list-item.tsx(107,49): error TS7006: Parameter 'labelId' implicitly has an 'any' type.
core/components/inbox/sidebar/root.tsx(9,32): error TS2307: Cannot find module '@plane/i18n' or its corresponding type declarations.
core/components/inbox/sidebar/root.tsx(10,36): error TS2307: Cannot find module '@plane/propel/empty-state' or its corresponding type declarations.
core/components/inbox/sidebar/root.tsx(11,44): error TS2307: Cannot find module '@plane/types' or its corresponding type declarations.
core/components/inbox/sidebar/root.tsx(12,39): error TS2307: Cannot find module '@plane/types' or its corresponding type declarations.
core/components/inbox/sidebar/root.tsx(14,48): error TS2307: Cannot find module '@plane/ui' or its corresponding type declarations.
core/components/inbox/sidebar/root.tsx(15,20): error TS2307: Cannot find module '@plane/utils' or its corresponding type declarations.
core/components/instance/not-ready-view.tsx(8,30): error TS2307: Cannot find module '@plane/constants' or its corresponding type declarations.
core/components/instance/not-ready-view.tsx(13,29): error TS2307: Cannot find module '@plane/propel/icons' or its corresponding type declarations.
core/components/instance/not-ready-view.tsx(14,24): error TS2307: Cannot find module '@plane/propel/button' or its corresponding type declarations.
core/components/integration/github/select-repository.tsx(10,44): error TS2307: Cannot find module '@plane/types' or its corresponding type declarations.
core/components/integration/github/select-repository.tsx(13,36): error TS2307: Cannot find module '@plane/ui' or its corresponding type declarations.
core/components/integration/github/select-repository.tsx(15,30): error TS2307: Cannot find module '@plane/utils' or its corresponding type declarations.
core/components/integration/single-integration-card.tsx(12,57): error TS2307: Cannot find module '@plane/constants' or its corresponding type declarations.
core/components/integration/single-integration-card.tsx(13,24): error TS2307: Cannot find module '@plane/propel/button' or its corresponding type declarations.
core/components/integration/single-integration-card.tsx(14,38): error TS2307: Cannot find module '@plane/propel/toast' or its corresponding type declarations.
core/components/integration/single-integration-card.tsx(15,25): error TS2307: Cannot find module '@plane/propel/tooltip' or its corresponding type declarations.
core/components/integration/single-integration-card.tsx(16,61): error TS2307: Cannot find module '@plane/types' or its corresponding type declarations.
core/components/integration/single-integration-card.tsx(18,24): error TS2307: Cannot find module '@plane/ui' or its corresponding type declarations.
core/components/integration/single-integration-card.tsx(23,40): error TS2307: Cannot find module '@plane/constants' or its corresponding type declarations.
core/components/integration/slack/select-channel.tsx(12,63): error TS2307: Cannot find module '@plane/types' or its corresponding type declarations.
core/components/integration/slack/select-channel.tsx(14,24): error TS2307: Cannot find module '@plane/ui' or its corresponding type declarations.
core/components/integration/slack/select-channel.tsx(16,36): error TS2307: Cannot find module '@plane/constants' or its corresponding type declarations.
core/components/issues/archive-issue-modal.tsx(9,32): error TS2307: Cannot find module '@plane/i18n' or its corresponding type declarations.
core/components/issues/archive-issue-modal.tsx(11,24): error TS2307: Cannot find module '@plane/propel/button' or its corresponding type declarations.
core/components/issues/archive-issue-modal.tsx(12,38): error TS2307: Cannot find module '@plane/propel/toast' or its corresponding type declarations.
core/components/issues/archive-issue-modal.tsx(13,43): error TS2307: Cannot find module '@plane/types' or its corresponding type declarations.
core/components/issues/archive-issue-modal.tsx(14,56): error TS2307: Cannot find module '@plane/ui' or its corresponding type declarations.
core/components/issues/archived-issues-header.tsx(10,65): error TS2307: Cannot find module '@plane/constants' or its corresponding type declarations.
core/components/issues/archived-issues-header.tsx(11,32): error TS2307: Cannot find module '@plane/i18n' or its corresponding type declarations.
core/components/issues/archived-issues-header.tsx(12,74): error TS2307: Cannot find module '@plane/types' or its corresponding type declarations.
core/components/issues/archived-issues-header.tsx(13,34): error TS2307: Cannot find module '@plane/types' or its corresponding type declarations.
core/components/issues/archived-issues-header.tsx(14,40): error TS2307: Cannot find module '@plane/ui' or its corresponding type declarations.
core/components/issues/archived-issues-header.tsx(41,5): error TS2554: Expected 5 arguments, but got 4.
core/components/issues/archived-issues-header.tsx(50,5): error TS2554: Expected 5 arguments, but got 4.
core/components/issues/attachment/attachment-detail.tsx(11,27): error TS2307: Cannot find module '@plane/propel/icons' or its corresponding type declarations.
core/components/issues/attachment/attachment-detail.tsx(13,25): error TS2307: Cannot find module '@plane/propel/tooltip' or its corresponding type declarations.
core/components/issues/attachment/attachment-detail.tsx(21,8): error TS2307: Cannot find module '@plane/utils' or its corresponding type declarations.
core/components/issues/attachment/attachment-item-list.tsx(12,32): error TS2307: Cannot find module '@plane/i18n' or its corresponding type declarations.
core/components/issues/attachment/attachment-item-list.tsx(13,38): error TS2307: Cannot find module '@plane/propel/toast' or its corresponding type declarations.
core/components/issues/attachment/attachment-item-list.tsx(14,40): error TS2307: Cannot find module '@plane/types' or its corresponding type declarations.
core/components/issues/attachment/attachment-item-list.tsx(15,35): error TS2307: Cannot find module '@plane/types' or its corresponding type declarations.
core/components/issues/attachment/attachment-list-item.tsx(9,32): error TS2307: Cannot find module '@plane/i18n' or its corresponding type declarations.
core/components/issues/attachment/attachment-list-item.tsx(10,27): error TS2307: Cannot find module '@plane/propel/icons' or its corresponding type declarations.
core/components/issues/attachment/attachment-list-item.tsx(11,25): error TS2307: Cannot find module '@plane/propel/tooltip' or its corresponding type declarations.
core/components/issues/attachment/attachment-list-item.tsx(12,40): error TS2307: Cannot find module '@plane/types' or its corresponding type declarations.
core/components/issues/attachment/attachment-list-item.tsx(13,35): error TS2307: Cannot find module '@plane/types' or its corresponding type declarations.
core/components/issues/attachment/attachment-list-item.tsx(15,28): error TS2307: Cannot find module '@plane/ui' or its corresponding type declarations.
core/components/issues/attachment/attachment-list-item.tsx(16,100): error TS2307: Cannot find module '@plane/utils' or its corresponding type declarations.
core/components/issues/attachment/attachment-list-upload-item.tsx(9,25): error TS2307: Cannot find module '@plane/propel/tooltip' or its corresponding type declarations.
core/components/issues/attachment/attachment-list-upload-item.tsx(10,43): error TS2307: Cannot find module '@plane/ui' or its corresponding type declarations.
core/components/issues/attachment/attachment-list-upload-item.tsx(12,34): error TS2307: Cannot find module '@plane/utils' or its corresponding type declarations.
core/components/issues/attachment/attachment-upload-details.tsx(8,25): error TS2307: Cannot find module '@plane/propel/tooltip' or its corresponding type declarations.
core/components/issues/attachment/attachment-upload-details.tsx(9,43): error TS2307: Cannot find module '@plane/ui' or its corresponding type declarations.
core/components/issues/attachment/attachment-upload-details.tsx(10,48): error TS2307: Cannot find module '@plane/utils' or its corresponding type declarations.
core/components/issues/attachment/delete-attachment-modal.tsx(10,32): error TS2307: Cannot find module '@plane/i18n' or its corresponding type declarations.
core/components/issues/attachment/delete-attachment-modal.tsx(12,40): error TS2307: Cannot find module '@plane/types' or its corresponding type declarations.
core/components/issues/attachment/delete-attachment-modal.tsx(13,35): error TS2307: Cannot find module '@plane/types' or its corresponding type declarations.
core/components/issues/attachment/delete-attachment-modal.tsx(15,32): error TS2307: Cannot find module '@plane/ui' or its corresponding type declarations.
core/components/issues/attachment/delete-attachment-modal.tsx(17,29): error TS2307: Cannot find module '@plane/utils' or its corresponding type declarations.
core/components/issues/bulk-operations/upgrade-banner.tsx(7,47): error TS2307: Cannot find module '@plane/constants' or its corresponding type declarations.
core/components/issues/bulk-operations/upgrade-banner.tsx(8,34): error TS2307: Cannot find module '@plane/propel/button' or its corresponding type declarations.
core/components/issues/bulk-operations/upgrade-banner.tsx(9,20): error TS2307: Cannot find module '@plane/utils' or its corresponding type declarations.
core/components/issues/confirm-issue-discard.tsx(9,24): error TS2307: Cannot find module '@plane/propel/button' or its corresponding type declarations.
core/components/issues/confirm-issue-discard.tsx(10,56): error TS2307: Cannot find module '@plane/ui' or its corresponding type declarations.
core/components/issues/create-issue-toast-action-items.tsx(9,58): error TS2307: Cannot find module '@plane/utils' or its corresponding type declarations.
core/components/issues/delete-issue-modal.tsx(11,81): error TS2307: Cannot find module '@plane/constants' or its corresponding type declarations.
core/components/issues/delete-issue-modal.tsx(12,32): error TS2307: Cannot find module '@plane/i18n' or its corresponding type declarations.
core/components/issues/delete-issue-modal.tsx(13,38): error TS2307: Cannot find module '@plane/propel/toast' or its corresponding type declarations.
core/components/issues/delete-issue-modal.tsx(14,43): error TS2307: Cannot find module '@plane/types' or its corresponding type declarations.
core/components/issues/delete-issue-modal.tsx(16,32): error TS2307: Cannot find module '@plane/ui' or its corresponding type declarations.
core/components/issues/filters.tsx(11,62): error TS2307: Cannot find module '@plane/constants' or its corresponding type declarations.
core/components/issues/filters.tsx(12,32): error TS2307: Cannot find module '@plane/i18n' or its corresponding type declarations.
core/components/issues/filters.tsx(13,24): error TS2307: Cannot find module '@plane/propel/button' or its corresponding type declarations.
core/components/issues/filters.tsx(14,74): error TS2307: Cannot find module '@plane/types' or its corresponding type declarations.
core/components/issues/filters.tsx(15,53): error TS2307: Cannot find module '@plane/types' or its corresponding type declarations.
core/components/issues/filters.tsx(19,31): error TS2307: Cannot find module '@plane/types' or its corresponding type declarations.
core/components/issues/filters.tsx(68,7): error TS2554: Expected 5 arguments, but got 4.
core/components/issues/filters.tsx(76,7): error TS2554: Expected 5 arguments, but got 4.
core/components/issues/filters.tsx(84,7): error TS2554: Expected 5 arguments, but got 4.
core/components/issues/header.tsx(18,8): error TS2307: Cannot find module '@plane/constants' or its corresponding type declarations.
core/components/issues/header.tsx(19,32): error TS2307: Cannot find module '@plane/i18n' or its corresponding type declarations.
core/components/issues/header.tsx(20,24): error TS2307: Cannot find module '@plane/propel/button' or its corresponding type declarations.
core/components/issues/header.tsx(21,43): error TS2307: Cannot find module '@plane/propel/icons' or its corresponding type declarations.
core/components/issues/header.tsx(22,25): error TS2307: Cannot find module '@plane/propel/tooltip' or its corresponding type declarations.
core/components/issues/header.tsx(23,34): error TS2307: Cannot find module '@plane/types' or its corresponding type declarations.
core/components/issues/header.tsx(24,37): error TS2307: Cannot find module '@plane/ui' or its corresponding type declarations.
core/components/issues/issue-detail-widgets/action-buttons.tsx(9,32): error TS2307: Cannot find module '@plane/i18n' or its corresponding type declarations.
core/components/issues/issue-detail-widgets/action-buttons.tsx(10,59): error TS2307: Cannot find module '@plane/propel/icons' or its corresponding type declarations.
core/components/issues/issue-detail-widgets/action-buttons.tsx(12,58): error TS2307: Cannot find module '@plane/types' or its corresponding type declarations.
core/components/issues/issue-detail-widgets/attachments/content.tsx(9,40): error TS2307: Cannot find module '@plane/types' or its corresponding type declarations.
core/components/issues/issue-detail-widgets/attachments/content.tsx(10,35): error TS2307: Cannot find module '@plane/types' or its corresponding type declarations.
core/components/issues/issue-detail-widgets/attachments/helper.tsx(8,55): error TS2307: Cannot find module '@plane/propel/toast' or its corresponding type declarations.
core/components/issues/issue-detail-widgets/attachments/helper.tsx(9,40): error TS2307: Cannot find module '@plane/types' or its corresponding type declarations.
core/components/issues/issue-detail-widgets/attachments/helper.tsx(10,35): error TS2307: Cannot find module '@plane/types' or its corresponding type declarations.
core/components/issues/issue-detail-widgets/attachments/quick-action-button.tsx(11,26): error TS2307: Cannot find module '@plane/propel/icons' or its corresponding type declarations.
core/components/issues/issue-detail-widgets/attachments/quick-action-button.tsx(13,38): error TS2307: Cannot find module '@plane/propel/toast' or its corresponding type declarations.
core/components/issues/issue-detail-widgets/attachments/quick-action-button.tsx(14,40): error TS2307: Cannot find module '@plane/types' or its corresponding type declarations.
core/components/issues/issue-detail-widgets/attachments/root.tsx(10,40): error TS2307: Cannot find module '@plane/types' or its corresponding type declarations.
core/components/issues/issue-detail-widgets/attachments/root.tsx(11,29): error TS2307: Cannot find module '@plane/ui' or its corresponding type declarations.
core/components/issues/issue-detail-widgets/attachments/title.tsx(9,32): error TS2307: Cannot find module '@plane/i18n' or its corresponding type declarations.
core/components/issues/issue-detail-widgets/attachments/title.tsx(10,40): error TS2307: Cannot find module '@plane/types' or its corresponding type declarations.
core/components/issues/issue-detail-widgets/attachments/title.tsx(11,35): error TS2307: Cannot find module '@plane/types' or its corresponding type declarations.
core/components/issues/issue-detail-widgets/attachments/title.tsx(12,35): error TS2307: Cannot find module '@plane/ui' or its corresponding type declarations.
core/components/issues/issue-detail-widgets/issue-detail-widget-collapsibles.tsx(10,58): error TS2307: Cannot find module '@plane/types' or its corresponding type declarations.
core/components/issues/issue-detail-widgets/issue-detail-widget-modals.tsx(9,38): error TS2307: Cannot find module '@plane/propel/toast' or its corresponding type declarations.
core/components/issues/issue-detail-widgets/issue-detail-widget-modals.tsx(10,88): error TS2307: Cannot find module '@plane/types' or its corresponding type declarations.
core/components/issues/issue-detail-widgets/links/content.tsx(8,40): error TS2307: Cannot find module '@plane/types' or its corresponding type declarations.
core/components/issues/issue-detail-widgets/links/helper.tsx(9,32): error TS2307: Cannot find module '@plane/i18n' or its corresponding type declarations.
core/components/issues/issue-detail-widgets/links/helper.tsx(10,38): error TS2307: Cannot find module '@plane/propel/toast' or its corresponding type declarations.
core/components/issues/issue-detail-widgets/links/helper.tsx(11,52): error TS2307: Cannot find module '@plane/types' or its corresponding type declarations.
core/components/issues/issue-detail-widgets/links/quick-action-button.tsx(9,26): error TS2307: Cannot find module '@plane/propel/icons' or its corresponding type declarations.
core/components/issues/issue-detail-widgets/links/quick-action-button.tsx(11,40): error TS2307: Cannot find module '@plane/types' or its corresponding type declarations.
core/components/issues/issue-detail-widgets/links/root.tsx(10,40): error TS2307: Cannot find module '@plane/types' or its corresponding type declarations.
core/components/issues/issue-detail-widgets/links/root.tsx(11,29): error TS2307: Cannot find module '@plane/ui' or its corresponding type declarations.
core/components/issues/issue-detail-widgets/links/title.tsx(10,32): error TS2307: Cannot find module '@plane/i18n' or its corresponding type declarations.
core/components/issues/issue-detail-widgets/links/title.tsx(11,40): error TS2307: Cannot find module '@plane/types' or its corresponding type declarations.
core/components/issues/issue-detail-widgets/links/title.tsx(12,35): error TS2307: Cannot find module '@plane/ui' or its corresponding type declarations.
core/components/issues/issue-detail-widgets/relations/content.tsx(10,32): error TS2307: Cannot find module '@plane/i18n' or its corresponding type declarations.
core/components/issues/issue-detail-widgets/relations/content.tsx(11,69): error TS2307: Cannot find module '@plane/types' or its corresponding type declarations.
core/components/issues/issue-detail-widgets/relations/content.tsx(12,35): error TS2307: Cannot find module '@plane/types' or its corresponding type declarations.
core/components/issues/issue-detail-widgets/relations/content.tsx(13,29): error TS2307: Cannot find module '@plane/ui' or its corresponding type declarations.
core/components/issues/issue-detail-widgets/relations/helper.tsx(9,32): error TS2307: Cannot find module '@plane/i18n' or its corresponding type declarations.
core/components/issues/issue-detail-widgets/relations/helper.tsx(10,38): error TS2307: Cannot find module '@plane/propel/toast' or its corresponding type declarations.
core/components/issues/issue-detail-widgets/relations/helper.tsx(11,48): error TS2307: Cannot find module '@plane/types' or its corresponding type declarations.
core/components/issues/issue-detail-widgets/relations/helper.tsx(12,35): error TS2307: Cannot find module '@plane/types' or its corresponding type declarations.
core/components/issues/issue-detail-widgets/relations/helper.tsx(13,36): error TS2307: Cannot find module '@plane/utils' or its corresponding type declarations.
core/components/issues/issue-detail-widgets/relations/quick-action-button.tsx(10,32): error TS2307: Cannot find module '@plane/i18n' or its corresponding type declarations.
core/components/issues/issue-detail-widgets/relations/quick-action-button.tsx(11,26): error TS2307: Cannot find module '@plane/propel/icons' or its corresponding type declarations.
core/components/issues/issue-detail-widgets/relations/quick-action-button.tsx(13,40): error TS2307: Cannot find module '@plane/types' or its corresponding type declarations.
core/components/issues/issue-detail-widgets/relations/quick-action-button.tsx(14,28): error TS2307: Cannot find module '@plane/ui' or its corresponding type declarations.
core/components/issues/issue-detail-widgets/relations/quick-action-button.tsx(20,42): error TS2307: Cannot find module '@plane/types' or its corresponding type declarations.
core/components/issues/issue-detail-widgets/relations/root.tsx(10,40): error TS2307: Cannot find module '@plane/types' or its corresponding type declarations.
core/components/issues/issue-detail-widgets/relations/root.tsx(11,29): error TS2307: Cannot find module '@plane/ui' or its corresponding type declarations.
core/components/issues/issue-detail-widgets/relations/title.tsx(9,32): error TS2307: Cannot find module '@plane/i18n' or its corresponding type declarations.
core/components/issues/issue-detail-widgets/relations/title.tsx(10,40): error TS2307: Cannot find module '@plane/types' or its corresponding type declarations.
core/components/issues/issue-detail-widgets/relations/title.tsx(11,35): error TS2307: Cannot find module '@plane/types' or its corresponding type declarations.
core/components/issues/issue-detail-widgets/relations/title.tsx(12,35): error TS2307: Cannot find module '@plane/ui' or its corresponding type declarations.
core/components/issues/issue-detail-widgets/root.tsx(9,58): error TS2307: Cannot find module '@plane/types' or its corresponding type declarations.
core/components/issues/issue-detail-widgets/sub-issues/content.tsx(9,48): error TS2307: Cannot find module '@plane/types' or its corresponding type declarations.
core/components/issues/issue-detail-widgets/sub-issues/content.tsx(10,53): error TS2307: Cannot find module '@plane/types' or its corresponding type declarations.
core/components/issues/issue-detail-widgets/sub-issues/display-filters.tsx(12,104): error TS2307: Cannot find module '@plane/types' or its corresponding type declarations.
core/components/issues/issue-detail-widgets/sub-issues/display-filters.tsx(13,20): error TS2307: Cannot find module '@plane/utils' or its corresponding type declarations.
core/components/issues/issue-detail-widgets/sub-issues/filters.tsx(10,32): error TS2307: Cannot find module '@plane/i18n' or its corresponding type declarations.
core/components/issues/issue-detail-widgets/sub-issues/filters.tsx(11,39): error TS2307: Cannot find module '@plane/propel/icons' or its corresponding type declarations.
core/components/issues/issue-detail-widgets/sub-issues/filters.tsx(12,50): error TS2307: Cannot find module '@plane/types' or its corresponding type declarations.
core/components/issues/issue-detail-widgets/sub-issues/filters.tsx(13,20): error TS2307: Cannot find module '@plane/utils' or its corresponding type declarations.
core/components/issues/issue-detail-widgets/sub-issues/helper.ts(9,32): error TS2307: Cannot find module '@plane/i18n' or its corresponding type declarations.
core/components/issues/issue-detail-widgets/sub-issues/helper.ts(10,38): error TS2307: Cannot find module '@plane/propel/toast' or its corresponding type declarations.
core/components/issues/issue-detail-widgets/sub-issues/helper.ts(11,61): error TS2307: Cannot find module '@plane/types' or its corresponding type declarations.
core/components/issues/issue-detail-widgets/sub-issues/helper.ts(12,35): error TS2307: Cannot find module '@plane/types' or its corresponding type declarations.
core/components/issues/issue-detail-widgets/sub-issues/helper.ts(13,36): error TS2307: Cannot find module '@plane/utils' or its corresponding type declarations.
core/components/issues/issue-detail-widgets/sub-issues/helper.ts(32,24): error TS7006: Parameter 'path' implicitly has an 'any' type.
core/components/issues/issue-detail-widgets/sub-issues/helper.ts(45,30): error TS7006: Parameter 'workspaceSlug' implicitly has an 'any' type.
core/components/issues/issue-detail-widgets/sub-issues/helper.ts(45,45): error TS7006: Parameter 'projectId' implicitly has an 'any' type.
core/components/issues/issue-detail-widgets/sub-issues/helper.ts(45,56): error TS7006: Parameter 'parentIssueId' implicitly has an 'any' type.
core/components/issues/issue-detail-widgets/sub-issues/helper.ts(61,27): error TS7006: Parameter 'workspaceSlug' implicitly has an 'any' type.
core/components/issues/issue-detail-widgets/sub-issues/helper.ts(61,42): error TS7006: Parameter 'projectId' implicitly has an 'any' type.
core/components/issues/issue-detail-widgets/sub-issues/helper.ts(61,53): error TS7006: Parameter 'parentIssueId' implicitly has an 'any' type.
core/components/issues/issue-detail-widgets/sub-issues/helper.ts(61,68): error TS7006: Parameter 'issueIds' implicitly has an 'any' type.
core/components/issues/issue-detail-widgets/sub-issues/helper.ts(88,9): error TS7006: Parameter 'workspaceSlug' implicitly has an 'any' type.
core/components/issues/issue-detail-widgets/sub-issues/helper.ts(89,9): error TS7006: Parameter 'projectId' implicitly has an 'any' type.
core/components/issues/issue-detail-widgets/sub-issues/helper.ts(90,9): error TS7006: Parameter 'parentIssueId' implicitly has an 'any' type.
core/components/issues/issue-detail-widgets/sub-issues/helper.ts(91,9): error TS7006: Parameter 'issueId' implicitly has an 'any' type.
core/components/issues/issue-detail-widgets/sub-issues/helper.ts(92,9): error TS7006: Parameter 'issueData' implicitly has an 'any' type.
core/components/issues/issue-detail-widgets/sub-issues/helper.ts(113,30): error TS7006: Parameter 'workspaceSlug' implicitly has an 'any' type.
core/components/issues/issue-detail-widgets/sub-issues/helper.ts(113,45): error TS7006: Parameter 'projectId' implicitly has an 'any' type.
core/components/issues/issue-detail-widgets/sub-issues/helper.ts(113,56): error TS7006: Parameter 'parentIssueId' implicitly has an 'any' type.
core/components/issues/issue-detail-widgets/sub-issues/helper.ts(113,71): error TS7006: Parameter 'issueId' implicitly has an 'any' type.
core/components/issues/issue-detail-widgets/sub-issues/helper.ts(141,30): error TS7006: Parameter 'workspaceSlug' implicitly has an 'any' type.
core/components/issues/issue-detail-widgets/sub-issues/helper.ts(141,45): error TS7006: Parameter 'projectId' implicitly has an 'any' type.
core/components/issues/issue-detail-widgets/sub-issues/helper.ts(141,56): error TS7006: Parameter 'parentIssueId' implicitly has an 'any' type.
core/components/issues/issue-detail-widgets/sub-issues/helper.ts(141,71): error TS7006: Parameter 'issueId' implicitly has an 'any' type.
core/components/issues/issue-detail-widgets/sub-issues/issues-list/list-group.tsx(10,28): error TS2307: Cannot find module '@plane/constants' or its corresponding type declarations.
core/components/issues/issue-detail-widgets/sub-issues/issues-list/list-group.tsx(11,34): error TS2307: Cannot find module '@plane/propel/icons' or its corresponding type declarations.
core/components/issues/issue-detail-widgets/sub-issues/issues-list/list-group.tsx(12,85): error TS2307: Cannot find module '@plane/types' or its corresponding type declarations.
core/components/issues/issue-detail-widgets/sub-issues/issues-list/list-group.tsx(13,34): error TS2307: Cannot find module '@plane/types' or its corresponding type declarations.
core/components/issues/issue-detail-widgets/sub-issues/issues-list/list-group.tsx(14,29): error TS2307: Cannot find module '@plane/ui' or its corresponding type declarations.
core/components/issues/issue-detail-widgets/sub-issues/issues-list/list-group.tsx(15,20): error TS2307: Cannot find module '@plane/utils' or its corresponding type declarations.
core/components/issues/issue-detail-widgets/sub-issues/issues-list/list-item.tsx(9,32): error TS2307: Cannot find module '@plane/i18n' or its corresponding type declarations.
core/components/issues/issue-detail-widgets/sub-issues/issues-list/list-item.tsx(10,76): error TS2307: Cannot find module '@plane/propel/icons' or its corresponding type declarations.
core/components/issues/issue-detail-widgets/sub-issues/issues-list/list-item.tsx(12,25): error TS2307: Cannot find module '@plane/propel/tooltip' or its corresponding type declarations.
core/components/issues/issue-detail-widgets/sub-issues/issues-list/list-item.tsx(13,69): error TS2307: Cannot find module '@plane/types' or its corresponding type declarations.
core/components/issues/issue-detail-widgets/sub-issues/issues-list/list-item.tsx(14,53): error TS2307: Cannot find module '@plane/types' or its corresponding type declarations.
core/components/issues/issue-detail-widgets/sub-issues/issues-list/list-item.tsx(15,41): error TS2307: Cannot find module '@plane/ui' or its corresponding type declarations.
core/components/issues/issue-detail-widgets/sub-issues/issues-list/list-item.tsx(16,42): error TS2307: Cannot find module '@plane/utils' or its corresponding type declarations.
core/components/issues/issue-detail-widgets/sub-issues/issues-list/properties.tsx(11,32): error TS2307: Cannot find module '@plane/i18n' or its corresponding type declarations.
core/components/issues/issue-detail-widgets/sub-issues/issues-list/properties.tsx(12,60): error TS2307: Cannot find module '@plane/propel/icons' or its corresponding type declarations.
core/components/issues/issue-detail-widgets/sub-issues/issues-list/properties.tsx(13,54): error TS2307: Cannot find module '@plane/types' or its corresponding type declarations.
core/components/issues/issue-detail-widgets/sub-issues/issues-list/properties.tsx(14,82): error TS2307: Cannot find module '@plane/utils' or its corresponding type declarations.
core/components/issues/issue-detail-widgets/sub-issues/issues-list/root.tsx(11,32): error TS2307: Cannot find module '@plane/i18n' or its corresponding type declarations.
core/components/issues/issue-detail-widgets/sub-issues/issues-list/root.tsx(12,24): error TS2307: Cannot find module '@plane/propel/button' or its corresponding type declarations.
core/components/issues/issue-detail-widgets/sub-issues/issues-list/root.tsx(13,89): error TS2307: Cannot find module '@plane/types' or its corresponding type declarations.
core/components/issues/issue-detail-widgets/sub-issues/issues-list/root.tsx(14,53): error TS2307: Cannot find module '@plane/types' or its corresponding type declarations.
core/components/issues/issue-detail-widgets/sub-issues/quick-action-button.tsx(10,32): error TS2307: Cannot find module '@plane/i18n' or its corresponding type declarations.
core/components/issues/issue-detail-widgets/sub-issues/quick-action-button.tsx(11,41): error TS2307: Cannot find module '@plane/propel/icons' or its corresponding type declarations.
core/components/issues/issue-detail-widgets/sub-issues/quick-action-button.tsx(12,48): error TS2307: Cannot find module '@plane/types' or its corresponding type declarations.
core/components/issues/issue-detail-widgets/sub-issues/quick-action-button.tsx(13,28): error TS2307: Cannot find module '@plane/ui' or its corresponding type declarations.
core/components/issues/issue-detail-widgets/sub-issues/root.tsx(10,40): error TS2307: Cannot find module '@plane/types' or its corresponding type declarations.
core/components/issues/issue-detail-widgets/sub-issues/root.tsx(11,29): error TS2307: Cannot find module '@plane/ui' or its corresponding type declarations.
core/components/issues/issue-detail-widgets/sub-issues/title-actions.tsx(14,8): error TS2307: Cannot find module '@plane/constants' or its corresponding type declarations.
core/components/issues/issue-detail-widgets/sub-issues/title-actions.tsx(20,8): error TS2307: Cannot find module '@plane/types' or its corresponding type declarations.
core/components/issues/issue-detail-widgets/sub-issues/title-actions.tsx(21,35): error TS2307: Cannot find module '@plane/types' or its corresponding type declarations.
core/components/issues/issue-detail-widgets/sub-issues/title.tsx(9,32): error TS2307: Cannot find module '@plane/i18n' or its corresponding type declarations.
core/components/issues/issue-detail-widgets/sub-issues/title.tsx(10,40): error TS2307: Cannot find module '@plane/types' or its corresponding type declarations.
core/components/issues/issue-detail-widgets/sub-issues/title.tsx(11,35): error TS2307: Cannot find module '@plane/types' or its corresponding type declarations.
core/components/issues/issue-detail-widgets/sub-issues/title.tsx(12,62): error TS2307: Cannot find module '@plane/ui' or its corresponding type declarations.
core/components/issues/issue-detail-widgets/widget-button.tsx(9,24): error TS2307: Cannot find module '@plane/propel/button' or its corresponding type declarations.
core/components/issues/issue-detail/cycle-select.tsx(9,32): error TS2307: Cannot find module '@plane/i18n' or its corresponding type declarations.
core/components/issues/issue-detail/cycle-select.tsx(12,20): error TS2307: Cannot find module '@plane/utils' or its corresponding type declarations.
core/components/issues/issue-detail/identifier-text.tsx(7,38): error TS2307: Cannot find module '@plane/propel/toast' or its corresponding type declarations.
core/components/issues/issue-detail/identifier-text.tsx(8,25): error TS2307: Cannot find module '@plane/propel/tooltip' or its corresponding type declarations.
core/components/issues/issue-detail/identifier-text.tsx(9,89): error TS2307: Cannot find module '@plane/types' or its corresponding type declarations.
core/components/issues/issue-detail/identifier-text.tsx(10,20): error TS2307: Cannot find module '@plane/utils' or its corresponding type declarations.
core/components/issues/issue-detail/issue-activity/activity-comment-root.tsx(9,74): error TS2307: Cannot find module '@plane/constants' or its corresponding type declarations.
core/components/issues/issue-detail/issue-activity/activity-comment-root.tsx(10,77): error TS2307: Cannot find module '@plane/constants' or its corresponding type declarations.
core/components/issues/issue-detail/issue-activity/activity-comment-root.tsx(11,42): error TS2307: Cannot find module '@plane/types' or its corresponding type declarations.
core/components/issues/issue-detail/issue-activity/activity-comment-root.tsx(60,41): error TS7006: Parameter 'activityComment' implicitly has an 'any' type.
core/components/issues/issue-detail/issue-activity/activity-comment-root.tsx(60,58): error TS7006: Parameter 'index' implicitly has an 'any' type.
core/components/issues/issue-detail/issue-activity/activity-filter.tsx(10,62): error TS2307: Cannot find module '@plane/constants' or its corresponding type declarations.
core/components/issues/issue-detail/issue-activity/activity-filter.tsx(11,32): error TS2307: Cannot find module '@plane/i18n' or its corresponding type declarations.
core/components/issues/issue-detail/issue-activity/activity-filter.tsx(12,28): error TS2307: Cannot find module '@plane/propel/icon-button' or its corresponding type declarations.
core/components/issues/issue-detail/issue-activity/activity-filter.tsx(13,27): error TS2307: Cannot find module '@plane/propel/icons' or its corresponding type declarations.
core/components/issues/issue-detail/issue-activity/activity-filter.tsx(14,29): error TS2307: Cannot find module '@plane/ui' or its corresponding type declarations.
core/components/issues/issue-detail/issue-activity/activity-filter.tsx(16,20): error TS2307: Cannot find module '@plane/utils' or its corresponding type declarations.
core/components/issues/issue-detail/issue-activity/activity-filter.tsx(43,22): error TS7006: Parameter 'item' implicitly has an 'any' type.
core/components/issues/issue-detail/issue-activity/activity-filter.tsx(44,16): error TS7006: Parameter 'item' implicitly has an 'any' type.
core/components/issues/issue-detail/issue-activity/activity/actions/archived-at.tsx(10,29): error TS2307: Cannot find module '@plane/propel/icons' or its corresponding type declarations.
core/components/issues/issue-detail/issue-activity/activity/actions/assignee.tsx(9,37): error TS2307: Cannot find module '@plane/propel/icons' or its corresponding type declarations.
core/components/issues/issue-detail/issue-activity/activity/actions/cycle.tsx(9,27): error TS2307: Cannot find module '@plane/propel/icons' or its corresponding type declarations.
core/components/issues/issue-detail/issue-activity/activity/actions/default.tsx(9,31): error TS2307: Cannot find module '@plane/propel/icons' or its corresponding type declarations.
core/components/issues/issue-detail/issue-activity/activity/actions/default.tsx(10,35): error TS2307: Cannot find module '@plane/types' or its corresponding type declarations.
core/components/issues/issue-detail/issue-activity/activity/actions/default.tsx(12,39): error TS2307: Cannot find module '@plane/utils' or its corresponding type declarations.
core/components/issues/issue-detail/issue-activity/activity/actions/estimate.tsx(8,38): error TS2307: Cannot find module '@plane/propel/icons' or its corresponding type declarations.
core/components/issues/issue-detail/issue-activity/activity/actions/helpers/activity-block.tsx(10,25): error TS2307: Cannot find module '@plane/propel/tooltip' or its corresponding type declarations.
core/components/issues/issue-detail/issue-activity/activity/actions/helpers/activity-block.tsx(11,76): error TS2307: Cannot find module '@plane/utils' or its corresponding type declarations.
core/components/issues/issue-detail/issue-activity/activity/actions/helpers/activity.ts(7,37): error TS2307: Cannot find module '@plane/types' or its corresponding type declarations.
core/components/issues/issue-detail/issue-activity/activity/actions/helpers/issue-link.tsx(7,25): error TS2307: Cannot find module '@plane/propel/tooltip' or its corresponding type declarations.
core/components/issues/issue-detail/issue-activity/activity/actions/helpers/issue-link.tsx(8,38): error TS2307: Cannot find module '@plane/utils' or its corresponding type declarations.
core/components/issues/issue-detail/issue-activity/activity/actions/inbox.tsx(9,28): error TS2307: Cannot find module '@plane/propel/icons' or its corresponding type declarations.
core/components/issues/issue-detail/issue-activity/activity/actions/label-activity-chip.tsx(7,25): error TS2307: Cannot find module '@plane/propel/tooltip' or its corresponding type declarations.
core/components/issues/issue-detail/issue-activity/activity/actions/label.tsx(8,35): error TS2307: Cannot find module '@plane/propel/icons' or its corresponding type declarations.
core/components/issues/issue-detail/issue-activity/activity/actions/module.tsx(9,28): error TS2307: Cannot find module '@plane/propel/icons' or its corresponding type declarations.
core/components/issues/issue-detail/issue-activity/activity/actions/parent.tsx(8,36): error TS2307: Cannot find module '@plane/propel/icons' or its corresponding type declarations.
core/components/issues/issue-detail/issue-activity/activity/actions/priority.tsx(8,38): error TS2307: Cannot find module '@plane/propel/icons' or its corresponding type declarations.
core/components/issues/issue-detail/issue-activity/activity/actions/relation.tsx(9,42): error TS2307: Cannot find module '@plane/types' or its corresponding type declarations.
core/components/issues/issue-detail/issue-activity/activity/actions/start_date.tsx(10,37): error TS2307: Cannot find module '@plane/utils' or its corresponding type declarations.
core/components/issues/issue-detail/issue-activity/activity/actions/state.tsx(9,35): error TS2307: Cannot find module '@plane/propel/icons' or its corresponding type declarations.
core/components/issues/issue-detail/issue-activity/activity/actions/target_date.tsx(10,37): error TS2307: Cannot find module '@plane/utils' or its corresponding type declarations.
core/components/issues/issue-detail/issue-activity/activity/activity-list.tsx(9,40): error TS2307: Cannot find module '@plane/utils' or its corresponding type declarations.
core/components/issues/issue-detail/issue-activity/activity/activity-list.tsx(73,34): error TS7006: Parameter 'field' implicitly has an 'any' type.
core/components/issues/issue-detail/issue-activity/filter-root.tsx(8,62): error TS2307: Cannot find module '@plane/constants' or its corresponding type declarations.
core/components/issues/issue-detail/issue-activity/filter-root.tsx(9,46): error TS2307: Cannot find module '@plane/constants' or its corresponding type declarations.
core/components/issues/issue-detail/issue-activity/filter-root.tsx(27,28): error TS18046: 'value' is of type 'unknown'.
core/components/issues/issue-detail/issue-activity/helper.tsx(8,32): error TS2307: Cannot find module '@plane/i18n' or its corresponding type declarations.
core/components/issues/issue-detail/issue-activity/helper.tsx(9,38): error TS2307: Cannot find module '@plane/propel/toast' or its corresponding type declarations.
core/components/issues/issue-detail/issue-activity/helper.tsx(10,32): error TS2307: Cannot find module '@plane/types' or its corresponding type declarations.
core/components/issues/issue-detail/issue-activity/helper.tsx(11,42): error TS2307: Cannot find module '@plane/types' or its corresponding type declarations.
core/components/issues/issue-detail/issue-activity/helper.tsx(12,74): error TS2307: Cannot find module '@plane/utils' or its corresponding type declarations.
core/components/issues/issue-detail/issue-activity/helper.tsx(47,25): error TS7006: Parameter 'id' implicitly has an 'any' type.
core/components/issues/issue-detail/issue-activity/helper.tsx(74,29): error TS7006: Parameter 'data' implicitly has an 'any' type.
core/components/issues/issue-detail/issue-activity/helper.tsx(92,29): error TS7006: Parameter 'commentId' implicitly has an 'any' type.
core/components/issues/issue-detail/issue-activity/helper.tsx(92,40): error TS7006: Parameter 'data' implicitly has an 'any' type.
core/components/issues/issue-detail/issue-activity/helper.tsx(109,29): error TS7006: Parameter 'commentId' implicitly has an 'any' type.
core/components/issues/issue-detail/issue-activity/helper.tsx(126,34): error TS7006: Parameter 'blockId' implicitly has an 'any' type.
core/components/issues/issue-detail/issue-activity/helper.tsx(126,43): error TS7006: Parameter 'file' implicitly has an 'any' type.
core/components/issues/issue-detail/issue-activity/helper.tsx(126,49): error TS7006: Parameter 'commentId' implicitly has an 'any' type.
core/components/issues/issue-detail/issue-activity/helper.tsx(145,37): error TS7006: Parameter 'assetId' implicitly has an 'any' type.
core/components/issues/issue-detail/issue-activity/helper.tsx(145,46): error TS7006: Parameter 'commentId' implicitly has an 'any' type.
core/components/issues/issue-detail/issue-activity/helper.tsx(160,34): error TS7006: Parameter 'commentId' implicitly has an 'any' type.
core/components/issues/issue-detail/issue-activity/helper.tsx(160,45): error TS7006: Parameter 'reaction' implicitly has an 'any' type.
core/components/issues/issue-detail/issue-activity/helper.tsx(177,37): error TS7006: Parameter 'commentId' implicitly has an 'any' type.
core/components/issues/issue-detail/issue-activity/helper.tsx(177,48): error TS7006: Parameter 'reaction' implicitly has an 'any' type.
core/components/issues/issue-detail/issue-activity/helper.tsx(194,21): error TS7006: Parameter 'commentId' implicitly has an 'any' type.
core/components/issues/issue-detail/issue-activity/helper.tsx(194,32): error TS7006: Parameter 'reactionEmoji' implicitly has an 'any' type.
core/components/issues/issue-detail/issue-activity/helper.tsx(194,47): error TS7006: Parameter 'userReactions' implicitly has an 'any' type.
core/components/issues/issue-detail/issue-activity/helper.tsx(198,21): error TS7006: Parameter 'commentId' implicitly has an 'any' type.
core/components/issues/issue-detail/issue-activity/helper.tsx(199,23): error TS7006: Parameter 'commentId' implicitly has an 'any' type.
core/components/issues/issue-detail/issue-activity/helper.tsx(201,26): error TS7006: Parameter 'reaction' implicitly has an 'any' type.
core/components/issues/issue-detail/issue-activity/helper.tsx(201,36): error TS7006: Parameter 'reactionIds' implicitly has an 'any' type.
core/components/issues/issue-detail/issue-activity/helper.tsx(203,17): error TS7006: Parameter 'reactionId' implicitly has an 'any' type.
core/components/issues/issue-detail/issue-activity/helper.tsx(207,20): error TS7006: Parameter 'displayName' implicitly has an 'any' type.
core/components/issues/issue-detail/issue-activity/loader.tsx(8,24): error TS2307: Cannot find module '@plane/ui' or its corresponding type declarations.
core/components/issues/issue-detail/issue-activity/root.tsx(11,39): error TS2307: Cannot find module '@plane/constants' or its corresponding type declarations.
core/components/issues/issue-detail/issue-activity/root.tsx(12,54): error TS2307: Cannot find module '@plane/constants' or its corresponding type declarations.
core/components/issues/issue-detail/issue-activity/root.tsx(13,33): error TS2307: Cannot find module '@plane/hooks' or its corresponding type declarations.
core/components/issues/issue-detail/issue-activity/root.tsx(15,32): error TS2307: Cannot find module '@plane/i18n' or its corresponding type declarations.
core/components/issues/issue-detail/issue-activity/root.tsx(17,60): error TS2307: Cannot find module '@plane/types' or its corresponding type declarations.
core/components/issues/issue-detail/issue-activity/root.tsx(62,42): error TS7006: Parameter 'f' implicitly has an 'any' type.
core/components/issues/issue-detail/issue-activity/sort-root.tsx(10,30): error TS2307: Cannot find module '@plane/constants' or its corresponding type declarations.
core/components/issues/issue-detail/issue-activity/sort-root.tsx(11,28): error TS2307: Cannot find module '@plane/propel/icon-button' or its corresponding type declarations.
core/components/issues/issue-detail/issue-detail-quick-actions.tsx(10,32): error TS2307: Cannot find module '@plane/i18n' or its corresponding type declarations.
core/components/issues/issue-detail/issue-detail-quick-actions.tsx(11,30): error TS2307: Cannot find module '@plane/propel/icons' or its corresponding type declarations.
core/components/issues/issue-detail/issue-detail-quick-actions.tsx(12,28): error TS2307: Cannot find module '@plane/propel/icon-button' or its corresponding type declarations.
core/components/issues/issue-detail/issue-detail-quick-actions.tsx(13,38): error TS2307: Cannot find module '@plane/propel/toast' or its corresponding type declarations.
core/components/issues/issue-detail/issue-detail-quick-actions.tsx(14,25): error TS2307: Cannot find module '@plane/propel/tooltip' or its corresponding type declarations.
core/components/issues/issue-detail/issue-detail-quick-actions.tsx(15,34): error TS2307: Cannot find module '@plane/types' or its corresponding type declarations.
core/components/issues/issue-detail/issue-detail-quick-actions.tsx(16,59): error TS2307: Cannot find module '@plane/utils' or its corresponding type declarations.
core/components/issues/issue-detail/issue-detail-quick-actions.tsx(54,15): error TS2339: Property 'restoreIssue' does not exist on type 'IModuleIssues | IArchivedIssues | IWorkspaceIssues | IProfileIssues | IProjectViewIssues | IWorkspaceDraftIssues'.
core/components/issues/issue-detail/issue-identifier.tsx(9,44): error TS2307: Cannot find module '@plane/types' or its corresponding type declarations.
core/components/issues/issue-detail/label/create-label.tsx(13,37): error TS2307: Cannot find module '@plane/propel/icons' or its corresponding type declarations.
core/components/issues/issue-detail/label/create-label.tsx(14,34): error TS2307: Cannot find module '@plane/types' or its corresponding type declarations.
core/components/issues/issue-detail/label/create-label.tsx(16,23): error TS2307: Cannot find module '@plane/ui' or its corresponding type declarations.
core/components/issues/issue-detail/label/label-list-item.tsx(8,24): error TS2307: Cannot find module '@plane/propel/button' or its corresponding type declarations.
core/components/issues/issue-detail/label/label-list-item.tsx(9,44): error TS2307: Cannot find module '@plane/propel/icons' or its corresponding type declarations.
core/components/issues/issue-detail/label/root.tsx(9,32): error TS2307: Cannot find module '@plane/i18n' or its corresponding type declarations.
core/components/issues/issue-detail/label/root.tsx(10,38): error TS2307: Cannot find module '@plane/propel/toast' or its corresponding type declarations.
core/components/issues/issue-detail/label/root.tsx(11,61): error TS2307: Cannot find module '@plane/types' or its corresponding type declarations.
core/components/issues/issue-detail/label/root.tsx(12,35): error TS2307: Cannot find module '@plane/types' or its corresponding type declarations.
core/components/issues/issue-detail/label/select/label-select.tsx(13,60): error TS2307: Cannot find module '@plane/constants' or its corresponding type declarations.
core/components/issues/issue-detail/label/select/label-select.tsx(14,32): error TS2307: Cannot find module '@plane/i18n' or its corresponding type declarations.
core/components/issues/issue-detail/label/select/label-select.tsx(15,24): error TS2307: Cannot find module '@plane/propel/button' or its corresponding type declarations.
core/components/issues/issue-detail/label/select/label-select.tsx(16,49): error TS2307: Cannot find module '@plane/propel/icons' or its corresponding type declarations.
core/components/issues/issue-detail/label/select/label-select.tsx(17,34): error TS2307: Cannot find module '@plane/types' or its corresponding type declarations.
core/components/issues/issue-detail/label/select/label-select.tsx(18,35): error TS2307: Cannot find module '@plane/types' or its corresponding type declarations.
core/components/issues/issue-detail/label/select/label-select.tsx(20,29): error TS2307: Cannot find module '@plane/utils' or its corresponding type declarations.
core/components/issues/issue-detail/links/create-update-link-modal.tsx(10,32): error TS2307: Cannot find module '@plane/i18n' or its corresponding type declarations.
core/components/issues/issue-detail/links/create-update-link-modal.tsx(12,24): error TS2307: Cannot find module '@plane/propel/button' or its corresponding type declarations.
core/components/issues/issue-detail/links/create-update-link-modal.tsx(13,66): error TS2307: Cannot find module '@plane/types' or its corresponding type declarations.
core/components/issues/issue-detail/links/create-update-link-modal.tsx(15,34): error TS2307: Cannot find module '@plane/ui' or its corresponding type declarations.
core/components/issues/issue-detail/links/link-detail.tsx(7,49): error TS2307: Cannot find module '@plane/propel/icons' or its corresponding type declarations.
core/components/issues/issue-detail/links/link-detail.tsx(8,38): error TS2307: Cannot find module '@plane/propel/toast' or its corresponding type declarations.
core/components/issues/issue-detail/links/link-detail.tsx(9,25): error TS2307: Cannot find module '@plane/propel/tooltip' or its corresponding type declarations.
core/components/issues/issue-detail/links/link-detail.tsx(10,71): error TS2307: Cannot find module '@plane/utils' or its corresponding type declarations.
core/components/issues/issue-detail/links/link-item.tsx(9,32): error TS2307: Cannot find module '@plane/i18n' or its corresponding type declarations.
core/components/issues/issue-detail/links/link-item.tsx(10,57): error TS2307: Cannot find module '@plane/propel/icons' or its corresponding type declarations.
core/components/issues/issue-detail/links/link-item.tsx(11,38): error TS2307: Cannot find module '@plane/propel/toast' or its corresponding type declarations.
core/components/issues/issue-detail/links/link-item.tsx(12,25): error TS2307: Cannot find module '@plane/propel/tooltip' or its corresponding type declarations.
core/components/issues/issue-detail/links/link-item.tsx(13,40): error TS2307: Cannot find module '@plane/types' or its corresponding type declarations.
core/components/issues/issue-detail/links/link-item.tsx(14,35): error TS2307: Cannot find module '@plane/types' or its corresponding type declarations.
core/components/issues/issue-detail/links/link-item.tsx(16,28): error TS2307: Cannot find module '@plane/ui' or its corresponding type declarations.
core/components/issues/issue-detail/links/link-item.tsx(17,55): error TS2307: Cannot find module '@plane/utils' or its corresponding type declarations.
core/components/issues/issue-detail/links/link-list.tsx(9,40): error TS2307: Cannot find module '@plane/types' or its corresponding type declarations.
core/components/issues/issue-detail/links/root.tsx(9,26): error TS2307: Cannot find module '@plane/propel/icons' or its corresponding type declarations.
core/components/issues/issue-detail/links/root.tsx(11,38): error TS2307: Cannot find module '@plane/propel/toast' or its corresponding type declarations.
core/components/issues/issue-detail/links/root.tsx(12,33): error TS2307: Cannot find module '@plane/types' or its corresponding type declarations.
core/components/issues/issue-detail/links/root.tsx(13,35): error TS2307: Cannot find module '@plane/types' or its corresponding type declarations.
core/components/issues/issue-detail/main-content.tsx(11,35): error TS2307: Cannot find module '@plane/editor' or its corresponding type declarations.
core/components/issues/issue-detail/main-content.tsx(12,45): error TS2307: Cannot find module '@plane/types' or its corresponding type declarations.
core/components/issues/issue-detail/main-content.tsx(13,51): error TS2307: Cannot find module '@plane/types' or its corresponding type declarations.
core/components/issues/issue-detail/module-select.tsx(10,32): error TS2307: Cannot find module '@plane/i18n' or its corresponding type declarations.
core/components/issues/issue-detail/module-select.tsx(13,20): error TS2307: Cannot find module '@plane/utils' or its corresponding type declarations.
core/components/issues/issue-detail/parent-select.tsx(11,32): error TS2307: Cannot find module '@plane/i18n' or its corresponding type declarations.
core/components/issues/issue-detail/parent-select.tsx(12,37): error TS2307: Cannot find module '@plane/propel/icons' or its corresponding type declarations.
core/components/issues/issue-detail/parent-select.tsx(14,25): error TS2307: Cannot find module '@plane/propel/tooltip' or its corresponding type declarations.
core/components/issues/issue-detail/parent-select.tsx(15,20): error TS2307: Cannot find module '@plane/utils' or its corresponding type declarations.
core/components/issues/issue-detail/parent/root.tsx(10,32): error TS2307: Cannot find module '@plane/i18n' or its corresponding type declarations.
core/components/issues/issue-detail/parent/root.tsx(11,29): error TS2307: Cannot find module '@plane/types' or its corresponding type declarations.
core/components/issues/issue-detail/parent/root.tsx(15,41): error TS2307: Cannot find module '@plane/ui' or its corresponding type declarations.
core/components/issues/issue-detail/parent/root.tsx(17,38): error TS2307: Cannot find module '@plane/utils' or its corresponding type declarations.
core/components/issues/issue-detail/parent/sibling-item.tsx(9,28): error TS2307: Cannot find module '@plane/ui' or its corresponding type declarations.
core/components/issues/issue-detail/parent/sibling-item.tsx(11,38): error TS2307: Cannot find module '@plane/utils' or its corresponding type declarations.
core/components/issues/issue-detail/parent/siblings.tsx(9,29): error TS2307: Cannot find module '@plane/types' or its corresponding type declarations.
core/components/issues/issue-detail/parent/siblings.tsx(49,12): error TS7006: Parameter 'issueId' implicitly has an 'any' type.
core/components/issues/issue-detail/reactions/issue-comment.tsx(9,31): error TS2307: Cannot find module '@plane/propel/emoji-icon-picker' or its corresponding type declarations.
core/components/issues/issue-detail/reactions/issue-comment.tsx(10,57): error TS2307: Cannot find module '@plane/propel/emoji-reaction' or its corresponding type declarations.
core/components/issues/issue-detail/reactions/issue-comment.tsx(11,40): error TS2307: Cannot find module '@plane/propel/emoji-reaction' or its corresponding type declarations.
core/components/issues/issue-detail/reactions/issue-comment.tsx(12,38): error TS2307: Cannot find module '@plane/propel/toast' or its corresponding type declarations.
core/components/issues/issue-detail/reactions/issue-comment.tsx(13,28): error TS2307: Cannot find module '@plane/types' or its corresponding type declarations.
core/components/issues/issue-detail/reactions/issue.tsx(9,31): error TS2307: Cannot find module '@plane/propel/emoji-icon-picker' or its corresponding type declarations.
core/components/issues/issue-detail/reactions/issue.tsx(10,57): error TS2307: Cannot find module '@plane/propel/emoji-reaction' or its corresponding type declarations.
core/components/issues/issue-detail/reactions/issue.tsx(11,40): error TS2307: Cannot find module '@plane/propel/emoji-reaction' or its corresponding type declarations.
core/components/issues/issue-detail/reactions/issue.tsx(12,38): error TS2307: Cannot find module '@plane/propel/toast' or its corresponding type declarations.
core/components/issues/issue-detail/reactions/issue.tsx(13,28): error TS2307: Cannot find module '@plane/types' or its corresponding type declarations.
core/components/issues/issue-detail/reactions/issue.tsx(16,20): error TS2307: Cannot find module '@plane/utils' or its corresponding type declarations.
core/components/issues/issue-detail/relation-select.tsx(11,37): error TS2307: Cannot find module '@plane/propel/icons' or its corresponding type declarations.
core/components/issues/issue-detail/relation-select.tsx(13,38): error TS2307: Cannot find module '@plane/propel/toast' or its corresponding type declarations.
core/components/issues/issue-detail/relation-select.tsx(14,25): error TS2307: Cannot find module '@plane/propel/tooltip' or its corresponding type declarations.
core/components/issues/issue-detail/relation-select.tsx(15,43): error TS2307: Cannot find module '@plane/types' or its corresponding type declarations.
core/components/issues/issue-detail/relation-select.tsx(16,42): error TS2307: Cannot find module '@plane/utils' or its corresponding type declarations.
core/components/issues/issue-detail/relation-select.tsx(26,42): error TS2307: Cannot find module '@plane/types' or its corresponding type declarations.
core/components/issues/issue-detail/root.tsx(10,57): error TS2307: Cannot find module '@plane/constants' or its corresponding type declarations.
core/components/issues/issue-detail/root.tsx(11,32): error TS2307: Cannot find module '@plane/i18n' or its corresponding type declarations.
core/components/issues/issue-detail/root.tsx(12,55): error TS2307: Cannot find module '@plane/propel/toast' or its corresponding type declarations.
core/components/issues/issue-detail/root.tsx(13,29): error TS2307: Cannot find module '@plane/types' or its corresponding type declarations.
core/components/issues/issue-detail/root.tsx(14,34): error TS2307: Cannot find module '@plane/types' or its corresponding type declarations.
core/components/issues/issue-detail/sidebar.tsx(9,32): error TS2307: Cannot find module '@plane/i18n' or its corresponding type declarations.
core/components/issues/issue-detail/sidebar.tsx(23,8): error TS2307: Cannot find module '@plane/propel/icons' or its corresponding type declarations.
core/components/issues/issue-detail/sidebar.tsx(24,86): error TS2307: Cannot find module '@plane/utils' or its corresponding type declarations.
core/components/issues/issue-detail/subscription.tsx(12,57): error TS2307: Cannot find module '@plane/constants' or its corresponding type declarations.
core/components/issues/issue-detail/subscription.tsx(13,32): error TS2307: Cannot find module '@plane/i18n' or its corresponding type declarations.
core/components/issues/issue-detail/subscription.tsx(15,24): error TS2307: Cannot find module '@plane/propel/button' or its corresponding type declarations.
core/components/issues/issue-detail/subscription.tsx(16,38): error TS2307: Cannot find module '@plane/propel/toast' or its corresponding type declarations.
core/components/issues/issue-detail/subscription.tsx(17,35): error TS2307: Cannot find module '@plane/types' or its corresponding type declarations.
core/components/issues/issue-detail/subscription.tsx(18,24): error TS2307: Cannot find module '@plane/ui' or its corresponding type declarations.
core/components/issues/issue-layouts/calendar/base-calendar-root.tsx(12,87): error TS2307: Cannot find module '@plane/constants' or its corresponding type declarations.
core/components/issues/issue-layouts/calendar/base-calendar-root.tsx(13,38): error TS2307: Cannot find module '@plane/propel/toast' or its corresponding type declarations.
core/components/issues/issue-layouts/calendar/base-calendar-root.tsx(14,37): error TS2307: Cannot find module '@plane/types' or its corresponding type declarations.
core/components/issues/issue-layouts/calendar/base-calendar-root.tsx(15,34): error TS2307: Cannot find module '@plane/types' or its corresponding type declarations.
core/components/issues/issue-layouts/calendar/base-calendar-root.tsx(162,11): error TS2322: Type 'IArchivedIssuesFilter | IWorkspaceIssuesFilter | IModuleIssuesFilter | IProfileIssuesFilter | IProjectViewIssuesFilter | IWorkspaceDraftIssuesFilter' is not assignable to type 'ICycleIssuesFilter | IModuleIssuesFilter | IProjectIssuesFilter | IProjectViewIssuesFilter'.
  Type 'IProfileIssuesFilter' is not assignable to type 'ICycleIssuesFilter | IModuleIssuesFilter | IProjectIssuesFilter | IProjectViewIssuesFilter'.
    Type 'IProfileIssuesFilter' is missing the following properties from type 'IProjectViewIssuesFilter': getIssueFilters, mutateFilters, resetFilters
core/components/issues/issue-layouts/calendar/calendar.tsx(12,52): error TS2307: Cannot find module '@plane/constants' or its corresponding type declarations.
core/components/issues/issue-layouts/calendar/calendar.tsx(21,8): error TS2307: Cannot find module '@plane/types' or its corresponding type declarations.
core/components/issues/issue-layouts/calendar/calendar.tsx(22,53): error TS2307: Cannot find module '@plane/types' or its corresponding type declarations.
core/components/issues/issue-layouts/calendar/calendar.tsx(24,25): error TS2307: Cannot find module '@plane/ui' or its corresponding type declarations.
core/components/issues/issue-layouts/calendar/calendar.tsx(25,48): error TS2307: Cannot find module '@plane/utils' or its corresponding type declarations.
core/components/issues/issue-layouts/calendar/calendar.tsx(27,29): error TS2307: Cannot find module '@plane/constants' or its corresponding type declarations.
core/components/issues/issue-layouts/calendar/day-tile.tsx(12,38): error TS2307: Cannot find module '@plane/propel/toast' or its corresponding type declarations.
core/components/issues/issue-layouts/calendar/day-tile.tsx(13,88): error TS2307: Cannot find module '@plane/types' or its corresponding type declarations.
core/components/issues/issue-layouts/calendar/day-tile.tsx(17,48): error TS2307: Cannot find module '@plane/utils' or its corresponding type declarations.
core/components/issues/issue-layouts/calendar/day-tile.tsx(20,29): error TS2307: Cannot find module '@plane/constants' or its corresponding type declarations.
core/components/issues/issue-layouts/calendar/dropdowns/months-dropdown.tsx(11,51): error TS2307: Cannot find module '@plane/propel/icons' or its corresponding type declarations.
core/components/issues/issue-layouts/calendar/dropdowns/months-dropdown.tsx(15,25): error TS2307: Cannot find module '@plane/utils' or its corresponding type declarations.
core/components/issues/issue-layouts/calendar/dropdowns/months-dropdown.tsx(16,29): error TS2307: Cannot find module '@plane/constants' or its corresponding type declarations.
core/components/issues/issue-layouts/calendar/dropdowns/months-dropdown.tsx(138,24): error TS18046: 'month' is of type 'unknown'.
core/components/issues/issue-layouts/calendar/dropdowns/months-dropdown.tsx(146,20): error TS18046: 'month' is of type 'unknown'.
core/components/issues/issue-layouts/calendar/dropdowns/options-dropdown.tsx(16,52): error TS2307: Cannot find module '@plane/constants' or its corresponding type declarations.
core/components/issues/issue-layouts/calendar/dropdowns/options-dropdown.tsx(17,34): error TS2307: Cannot find module '@plane/constants' or its corresponding type declarations.
core/components/issues/issue-layouts/calendar/dropdowns/options-dropdown.tsx(18,32): error TS2307: Cannot find module '@plane/i18n' or its corresponding type declarations.
core/components/issues/issue-layouts/calendar/dropdowns/options-dropdown.tsx(19,42): error TS2307: Cannot find module '@plane/propel/icons' or its corresponding type declarations.
core/components/issues/issue-layouts/calendar/dropdowns/options-dropdown.tsx(20,66): error TS2307: Cannot find module '@plane/types' or its corresponding type declarations.
core/components/issues/issue-layouts/calendar/dropdowns/options-dropdown.tsx(21,30): error TS2307: Cannot find module '@plane/ui' or its corresponding type declarations.
core/components/issues/issue-layouts/calendar/dropdowns/options-dropdown.tsx(24,34): error TS2307: Cannot find module '@plane/constants' or its corresponding type declarations.
core/components/issues/issue-layouts/calendar/dropdowns/options-dropdown.tsx(145,57): error TS18046: 'layoutDetails' is of type 'unknown'.
core/components/issues/issue-layouts/calendar/dropdowns/options-dropdown.tsx(147,24): error TS18046: 'layoutDetails' is of type 'unknown'.
core/components/issues/issue-layouts/calendar/header.tsx(10,52): error TS2307: Cannot find module '@plane/constants' or its corresponding type declarations.
core/components/issues/issue-layouts/calendar/header.tsx(11,32): error TS2307: Cannot find module '@plane/i18n' or its corresponding type declarations.
core/components/issues/issue-layouts/calendar/header.tsx(12,51): error TS2307: Cannot find module '@plane/propel/icons' or its corresponding type declarations.
core/components/issues/issue-layouts/calendar/header.tsx(13,48): error TS2307: Cannot find module '@plane/types' or its corresponding type declarations.
core/components/issues/issue-layouts/calendar/header.tsx(14,21): error TS2307: Cannot find module '@plane/ui' or its corresponding type declarations.
core/components/issues/issue-layouts/calendar/issue-block-root.tsx(12,41): error TS2307: Cannot find module '@plane/hooks' or its corresponding type declarations.
core/components/issues/issue-layouts/calendar/issue-block.tsx(12,41): error TS2307: Cannot find module '@plane/hooks' or its corresponding type declarations.
core/components/issues/issue-layouts/calendar/issue-block.tsx(13,25): error TS2307: Cannot find module '@plane/propel/popover' or its corresponding type declarations.
core/components/issues/issue-layouts/calendar/issue-block.tsx(14,29): error TS2307: Cannot find module '@plane/types' or its corresponding type declarations.
core/components/issues/issue-layouts/calendar/issue-block.tsx(15,29): error TS2307: Cannot find module '@plane/ui' or its corresponding type declarations.
core/components/issues/issue-layouts/calendar/issue-block.tsx(16,42): error TS2307: Cannot find module '@plane/utils' or its corresponding type declarations.
core/components/issues/issue-layouts/calendar/issue-blocks.tsx(8,32): error TS2307: Cannot find module '@plane/i18n' or its corresponding type declarations.
core/components/issues/issue-layouts/calendar/issue-blocks.tsx(9,46): error TS2307: Cannot find module '@plane/types' or its corresponding type declarations.
core/components/issues/issue-layouts/calendar/issue-blocks.tsx(11,44): error TS2307: Cannot find module '@plane/utils' or its corresponding type declarations.
core/components/issues/issue-layouts/calendar/quick-add-issue-actions.tsx(12,32): error TS2307: Cannot find module '@plane/i18n' or its corresponding type declarations.
core/components/issues/issue-layouts/calendar/quick-add-issue-actions.tsx(14,26): error TS2307: Cannot find module '@plane/propel/icons' or its corresponding type declarations.
core/components/issues/issue-layouts/calendar/quick-add-issue-actions.tsx(15,33): error TS2307: Cannot find module '@plane/propel/toast' or its corresponding type declarations.
core/components/issues/issue-layouts/calendar/quick-add-issue-actions.tsx(16,51): error TS2307: Cannot find module '@plane/types' or its corresponding type declarations.
core/components/issues/issue-layouts/calendar/quick-add-issue-actions.tsx(17,35): error TS2307: Cannot find module '@plane/types' or its corresponding type declarations.
core/components/issues/issue-layouts/calendar/quick-add-issue-actions.tsx(18,28): error TS2307: Cannot find module '@plane/ui' or its corresponding type declarations.
core/components/issues/issue-layouts/calendar/quick-add-issue-actions.tsx(19,20): error TS2307: Cannot find module '@plane/utils' or its corresponding type declarations.
core/components/issues/issue-layouts/calendar/quick-add-issue-actions.tsx(69,19): error TS7006: Parameter 'err' implicitly has an 'any' type.
core/components/issues/issue-layouts/calendar/roots/cycle-root.tsx(10,34): error TS2307: Cannot find module '@plane/types' or its corresponding type declarations.
core/components/issues/issue-layouts/calendar/roots/module-root.tsx(11,34): error TS2307: Cannot find module '@plane/types' or its corresponding type declarations.
core/components/issues/issue-layouts/calendar/roots/module-root.tsx(22,15): error TS2339: Property 'addIssuesToModule' does not exist on type 'IModuleIssues | IArchivedIssues | IWorkspaceIssues | IProfileIssues | IProjectViewIssues | IWorkspaceDraftIssues'.
core/components/issues/issue-layouts/calendar/roots/project-root.tsx(10,57): error TS2307: Cannot find module '@plane/constants' or its corresponding type declarations.
core/components/issues/issue-layouts/calendar/utils.ts(7,29): error TS2307: Cannot find module '@plane/types' or its corresponding type declarations.
core/components/issues/issue-layouts/calendar/week-days.tsx(9,103): error TS2307: Cannot find module '@plane/types' or its corresponding type declarations.
core/components/issues/issue-layouts/calendar/week-days.tsx(10,64): error TS2307: Cannot find module '@plane/utils' or its corresponding type declarations.
core/components/issues/issue-layouts/calendar/week-days.tsx(83,63): error TS7006: Parameter 'item' implicitly has an 'any' type.
core/components/issues/issue-layouts/calendar/week-header.tsx(8,33): error TS2307: Cannot find module '@plane/types' or its corresponding type declarations.
core/components/issues/issue-layouts/calendar/week-header.tsx(9,32): error TS2307: Cannot find module '@plane/utils' or its corresponding type declarations.
core/components/issues/issue-layouts/calendar/week-header.tsx(10,27): error TS2307: Cannot find module '@plane/constants' or its corresponding type declarations.
core/components/issues/issue-layouts/calendar/week-header.tsx(27,65): error TS7006: Parameter 'item' implicitly has an 'any' type.
core/components/issues/issue-layouts/calendar/week-header.tsx(38,25): error TS7006: Parameter 'day' implicitly has an 'any' type.
core/components/issues/issue-layouts/empty-states/archived-issues.tsx(10,39): error TS2307: Cannot find module '@plane/constants' or its corresponding type declarations.
core/components/issues/issue-layouts/empty-states/archived-issues.tsx(11,32): error TS2307: Cannot find module '@plane/i18n' or its corresponding type declarations.
core/components/issues/issue-layouts/empty-states/archived-issues.tsx(12,36): error TS2307: Cannot find module '@plane/propel/empty-state' or its corresponding type declarations.
core/components/issues/issue-layouts/empty-states/archived-issues.tsx(13,53): error TS2307: Cannot find module '@plane/types' or its corresponding type declarations.
core/components/issues/issue-layouts/empty-states/cycle.tsx(12,67): error TS2307: Cannot find module '@plane/constants' or its corresponding type declarations.
core/components/issues/issue-layouts/empty-states/cycle.tsx(13,32): error TS2307: Cannot find module '@plane/i18n' or its corresponding type declarations.
core/components/issues/issue-layouts/empty-states/cycle.tsx(14,36): error TS2307: Cannot find module '@plane/propel/empty-state' or its corresponding type declarations.
core/components/issues/issue-layouts/empty-states/cycle.tsx(15,38): error TS2307: Cannot find module '@plane/propel/toast' or its corresponding type declarations.
core/components/issues/issue-layouts/empty-states/cycle.tsx(16,43): error TS2307: Cannot find module '@plane/types' or its corresponding type declarations.
core/components/issues/issue-layouts/empty-states/cycle.tsx(17,53): error TS2307: Cannot find module '@plane/types' or its corresponding type declarations.
core/components/issues/issue-layouts/empty-states/global-view.tsx(9,39): error TS2307: Cannot find module '@plane/constants' or its corresponding type declarations.
core/components/issues/issue-layouts/empty-states/global-view.tsx(10,32): error TS2307: Cannot find module '@plane/i18n' or its corresponding type declarations.
core/components/issues/issue-layouts/empty-states/global-view.tsx(11,36): error TS2307: Cannot find module '@plane/propel/empty-state' or its corresponding type declarations.
core/components/issues/issue-layouts/empty-states/global-view.tsx(12,55): error TS2307: Cannot find module '@plane/types' or its corresponding type declarations.
core/components/issues/issue-layouts/empty-states/index.tsx(8,34): error TS2307: Cannot find module '@plane/types' or its corresponding type declarations.
core/components/issues/issue-layouts/empty-states/module.tsx(11,39): error TS2307: Cannot find module '@plane/constants' or its corresponding type declarations.
core/components/issues/issue-layouts/empty-states/module.tsx(12,32): error TS2307: Cannot find module '@plane/i18n' or its corresponding type declarations.
core/components/issues/issue-layouts/empty-states/module.tsx(13,36): error TS2307: Cannot find module '@plane/propel/empty-state' or its corresponding type declarations.
core/components/issues/issue-layouts/empty-states/module.tsx(14,38): error TS2307: Cannot find module '@plane/propel/toast' or its corresponding type declarations.
core/components/issues/issue-layouts/empty-states/module.tsx(15,43): error TS2307: Cannot find module '@plane/types' or its corresponding type declarations.
core/components/issues/issue-layouts/empty-states/module.tsx(16,53): error TS2307: Cannot find module '@plane/types' or its corresponding type declarations.
core/components/issues/issue-layouts/empty-states/module.tsx(51,8): error TS2339: Property 'addIssuesToModule' does not exist on type 'IModuleIssues | IArchivedIssues | IWorkspaceIssues | IProfileIssues | IProjectViewIssues | IWorkspaceDraftIssues'.
  Property 'addIssuesToModule' does not exist on type 'IWorkspaceDraftIssues'.
core/components/issues/issue-layouts/empty-states/profile-view.tsx(10,32): error TS2307: Cannot find module '@plane/i18n' or its corresponding type declarations.
core/components/issues/issue-layouts/empty-states/profile-view.tsx(11,36): error TS2307: Cannot find module '@plane/propel/empty-state' or its corresponding type declarations.
core/components/issues/issue-layouts/empty-states/project-issues.tsx(10,39): error TS2307: Cannot find module '@plane/constants' or its corresponding type declarations.
core/components/issues/issue-layouts/empty-states/project-issues.tsx(11,32): error TS2307: Cannot find module '@plane/i18n' or its corresponding type declarations.
core/components/issues/issue-layouts/empty-states/project-issues.tsx(12,36): error TS2307: Cannot find module '@plane/propel/empty-state' or its corresponding type declarations.
core/components/issues/issue-layouts/empty-states/project-issues.tsx(13,53): error TS2307: Cannot find module '@plane/types' or its corresponding type declarations.
core/components/issues/issue-layouts/empty-states/project-view.tsx(9,57): error TS2307: Cannot find module '@plane/constants' or its corresponding type declarations.
core/components/issues/issue-layouts/empty-states/project-view.tsx(10,36): error TS2307: Cannot find module '@plane/propel/empty-state' or its corresponding type declarations.
core/components/issues/issue-layouts/empty-states/project-view.tsx(11,34): error TS2307: Cannot find module '@plane/types' or its corresponding type declarations.
core/components/issues/issue-layouts/filters/applied-filters/cycle.tsx(8,43): error TS2307: Cannot find module '@plane/propel/icons' or its corresponding type declarations.
core/components/issues/issue-layouts/filters/applied-filters/cycle.tsx(9,35): error TS2307: Cannot find module '@plane/types' or its corresponding type declarations.
core/components/issues/issue-layouts/filters/applied-filters/date.tsx(9,43): error TS2307: Cannot find module '@plane/constants' or its corresponding type declarations.
core/components/issues/issue-layouts/filters/applied-filters/date.tsx(10,27): error TS2307: Cannot find module '@plane/propel/icons' or its corresponding type declarations.
core/components/issues/issue-layouts/filters/applied-filters/date.tsx(12,60): error TS2307: Cannot find module '@plane/utils' or its corresponding type declarations.
core/components/issues/issue-layouts/filters/applied-filters/date.tsx(26,57): error TS7006: Parameter 'd' implicitly has an 'any' type.
core/components/issues/issue-layouts/filters/applied-filters/label.tsx(10,27): error TS2307: Cannot find module '@plane/propel/icons' or its corresponding type declarations.
core/components/issues/issue-layouts/filters/applied-filters/label.tsx(11,34): error TS2307: Cannot find module '@plane/types' or its corresponding type declarations.
core/components/issues/issue-layouts/filters/applied-filters/members.tsx(8,27): error TS2307: Cannot find module '@plane/propel/icons' or its corresponding type declarations.
core/components/issues/issue-layouts/filters/applied-filters/members.tsx(10,24): error TS2307: Cannot find module '@plane/ui' or its corresponding type declarations.
core/components/issues/issue-layouts/filters/applied-filters/members.tsx(12,28): error TS2307: Cannot find module '@plane/utils' or its corresponding type declarations.
core/components/issues/issue-layouts/filters/applied-filters/module.tsx(9,39): error TS2307: Cannot find module '@plane/propel/icons' or its corresponding type declarations.
core/components/issues/issue-layouts/filters/applied-filters/priority.tsx(10,41): error TS2307: Cannot find module '@plane/propel/icons' or its corresponding type declarations.
core/components/issues/issue-layouts/filters/applied-filters/priority.tsx(11,39): error TS2307: Cannot find module '@plane/types' or its corresponding type declarations.
core/components/issues/issue-layouts/filters/applied-filters/project.tsx(8,22): error TS2307: Cannot find module '@plane/propel/emoji-icon-picker' or its corresponding type declarations.
core/components/issues/issue-layouts/filters/applied-filters/project.tsx(9,27): error TS2307: Cannot find module '@plane/propel/icons' or its corresponding type declarations.
core/components/issues/issue-layouts/filters/applied-filters/state-group.tsx(10,27): error TS2307: Cannot find module '@plane/constants' or its corresponding type declarations.
core/components/issues/issue-layouts/filters/applied-filters/state-group.tsx(11,43): error TS2307: Cannot find module '@plane/propel/icons' or its corresponding type declarations.
core/components/issues/issue-layouts/filters/applied-filters/state-group.tsx(12,35): error TS2307: Cannot find module '@plane/types' or its corresponding type declarations.
core/components/issues/issue-layouts/filters/applied-filters/state.tsx(10,27): error TS2307: Cannot find module '@plane/constants' or its corresponding type declarations.
core/components/issues/issue-layouts/filters/applied-filters/state.tsx(11,43): error TS2307: Cannot find module '@plane/propel/icons' or its corresponding type declarations.
core/components/issues/issue-layouts/filters/applied-filters/state.tsx(12,29): error TS2307: Cannot find module '@plane/types' or its corresponding type declarations.
core/components/issues/issue-layouts/filters/header/display-filters/display-filters-selection.tsx(15,8): error TS2307: Cannot find module '@plane/types' or its corresponding type declarations.
core/components/issues/issue-layouts/filters/header/display-filters/display-filters-selection.tsx(51,78): error TS2345: Argument of type 'string | number | symbol' is not assignable to parameter of type 'string'.
  Type 'number' is not assignable to type 'string'.
core/components/issues/issue-layouts/filters/header/display-filters/display-properties.tsx(10,42): error TS2307: Cannot find module '@plane/constants' or its corresponding type declarations.
core/components/issues/issue-layouts/filters/header/display-filters/display-properties.tsx(12,32): error TS2307: Cannot find module '@plane/i18n' or its corresponding type declarations.
core/components/issues/issue-layouts/filters/header/display-filters/display-properties.tsx(14,46): error TS2307: Cannot find module '@plane/types' or its corresponding type declarations.
core/components/issues/issue-layouts/filters/header/display-filters/display-properties.tsx(43,70): error TS7006: Parameter 'property' implicitly has an 'any' type.
core/components/issues/issue-layouts/filters/header/display-filters/display-properties.tsx(53,11): error TS7006: Parameter 'property' implicitly has an 'any' type.
core/components/issues/issue-layouts/filters/header/display-filters/display-properties.tsx(69,43): error TS7006: Parameter 'displayProperty' implicitly has an 'any' type.
core/components/issues/issue-layouts/filters/header/display-filters/extra-options.tsx(9,32): error TS2307: Cannot find module '@plane/i18n' or its corresponding type declarations.
core/components/issues/issue-layouts/filters/header/display-filters/extra-options.tsx(10,69): error TS2307: Cannot find module '@plane/types' or its corresponding type declarations.
core/components/issues/issue-layouts/filters/header/display-filters/extra-options.tsx(52,24): error TS7053: Element implicitly has an 'any' type because expression of type 'TIssueExtraOptions' can't be used to index type '{ sub_issue: boolean; show_empty_groups: boolean; }'.
core/components/issues/issue-layouts/filters/header/display-filters/extra-options.tsx(53,54): error TS7053: Element implicitly has an 'any' type because expression of type 'TIssueExtraOptions' can't be used to index type '{ sub_issue: boolean; show_empty_groups: boolean; }'.
core/components/issues/issue-layouts/filters/header/display-filters/group-by.tsx(9,32): error TS2307: Cannot find module '@plane/i18n' or its corresponding type declarations.
core/components/issues/issue-layouts/filters/header/display-filters/group-by.tsx(10,71): error TS2307: Cannot find module '@plane/types' or its corresponding type declarations.
core/components/issues/issue-layouts/filters/header/display-filters/order-by.tsx(9,40): error TS2307: Cannot find module '@plane/constants' or its corresponding type declarations.
core/components/issues/issue-layouts/filters/header/display-filters/order-by.tsx(10,32): error TS2307: Cannot find module '@plane/i18n' or its corresponding type declarations.
core/components/issues/issue-layouts/filters/header/display-filters/order-by.tsx(11,43): error TS2307: Cannot find module '@plane/types' or its corresponding type declarations.
core/components/issues/issue-layouts/filters/header/display-filters/order-by.tsx(40,43): error TS7006: Parameter 'option' implicitly has an 'any' type.
core/components/issues/issue-layouts/filters/header/display-filters/order-by.tsx(40,96): error TS7006: Parameter 'orderBy' implicitly has an 'any' type.
core/components/issues/issue-layouts/filters/header/display-filters/sub-group-by.tsx(9,40): error TS2307: Cannot find module '@plane/constants' or its corresponding type declarations.
core/components/issues/issue-layouts/filters/header/display-filters/sub-group-by.tsx(10,32): error TS2307: Cannot find module '@plane/i18n' or its corresponding type declarations.
core/components/issues/issue-layouts/filters/header/display-filters/sub-group-by.tsx(11,71): error TS2307: Cannot find module '@plane/types' or its corresponding type declarations.
core/components/issues/issue-layouts/filters/header/display-filters/sub-group-by.tsx(43,43): error TS7006: Parameter 'option' implicitly has an 'any' type.
core/components/issues/issue-layouts/filters/header/display-filters/sub-group-by.tsx(43,99): error TS7006: Parameter 'subGroupBy' implicitly has an 'any' type.
core/components/issues/issue-layouts/filters/header/filters/assignee.tsx(11,32): error TS2307: Cannot find module '@plane/ui' or its corresponding type declarations.
core/components/issues/issue-layouts/filters/header/filters/assignee.tsx(13,28): error TS2307: Cannot find module '@plane/utils' or its corresponding type declarations.
core/components/issues/issue-layouts/filters/header/filters/created-by.tsx(11,32): error TS2307: Cannot find module '@plane/ui' or its corresponding type declarations.
core/components/issues/issue-layouts/filters/header/filters/created-by.tsx(13,28): error TS2307: Cannot find module '@plane/utils' or its corresponding type declarations.
core/components/issues/issue-layouts/filters/header/filters/cycle.tsx(11,32): error TS2307: Cannot find module '@plane/propel/icons' or its corresponding type declarations.
core/components/issues/issue-layouts/filters/header/filters/cycle.tsx(12,35): error TS2307: Cannot find module '@plane/types' or its corresponding type declarations.
core/components/issues/issue-layouts/filters/header/filters/cycle.tsx(14,24): error TS2307: Cannot find module '@plane/ui' or its corresponding type declarations.
core/components/issues/issue-layouts/filters/header/filters/due-date.tsx(10,43): error TS2307: Cannot find module '@plane/constants' or its corresponding type declarations.
core/components/issues/issue-layouts/filters/header/filters/due-date.tsx(29,61): error TS7006: Parameter 'd' implicitly has an 'any' type.
core/components/issues/issue-layouts/filters/header/filters/due-date.tsx(63,37): error TS7006: Parameter 'option' implicitly has an 'any' type.
core/components/issues/issue-layouts/filters/header/filters/labels.tsx(10,34): error TS2307: Cannot find module '@plane/types' or its corresponding type declarations.
core/components/issues/issue-layouts/filters/header/filters/labels.tsx(12,24): error TS2307: Cannot find module '@plane/ui' or its corresponding type declarations.
core/components/issues/issue-layouts/filters/header/filters/mentions.tsx(11,32): error TS2307: Cannot find module '@plane/ui' or its corresponding type declarations.
core/components/issues/issue-layouts/filters/header/filters/mentions.tsx(13,28): error TS2307: Cannot find module '@plane/utils' or its corresponding type declarations.
core/components/issues/issue-layouts/filters/header/filters/module.tsx(12,28): error TS2307: Cannot find module '@plane/propel/icons' or its corresponding type declarations.
core/components/issues/issue-layouts/filters/header/filters/module.tsx(13,24): error TS2307: Cannot find module '@plane/ui' or its corresponding type declarations.
core/components/issues/issue-layouts/filters/header/filters/priority.tsx(10,34): error TS2307: Cannot find module '@plane/constants' or its corresponding type declarations.
core/components/issues/issue-layouts/filters/header/filters/priority.tsx(11,32): error TS2307: Cannot find module '@plane/i18n' or its corresponding type declarations.
core/components/issues/issue-layouts/filters/header/filters/priority.tsx(13,30): error TS2307: Cannot find module '@plane/propel/icons' or its corresponding type declarations.
core/components/issues/issue-layouts/filters/header/filters/priority.tsx(31,52): error TS7006: Parameter 'p' implicitly has an 'any' type.
core/components/issues/issue-layouts/filters/header/filters/priority.tsx(42,34): error TS7006: Parameter 'priority' implicitly has an 'any' type.
core/components/issues/issue-layouts/filters/header/filters/project.tsx(11,22): error TS2307: Cannot find module '@plane/propel/emoji-icon-picker' or its corresponding type declarations.
core/components/issues/issue-layouts/filters/header/filters/project.tsx(12,24): error TS2307: Cannot find module '@plane/ui' or its corresponding type declarations.
core/components/issues/issue-layouts/filters/header/filters/start-date.tsx(10,43): error TS2307: Cannot find module '@plane/constants' or its corresponding type declarations.
core/components/issues/issue-layouts/filters/header/filters/start-date.tsx(28,61): error TS7006: Parameter 'd' implicitly has an 'any' type.
core/components/issues/issue-layouts/filters/header/filters/start-date.tsx(62,37): error TS7006: Parameter 'option' implicitly has an 'any' type.
core/components/issues/issue-layouts/filters/header/filters/state-group.tsx(10,30): error TS2307: Cannot find module '@plane/constants' or its corresponding type declarations.
core/components/issues/issue-layouts/filters/header/filters/state-group.tsx(11,32): error TS2307: Cannot find module '@plane/propel/icons' or its corresponding type declarations.
core/components/issues/issue-layouts/filters/header/filters/state-group.tsx(29,69): error TS18046: 's' is of type 'unknown'.
core/components/issues/issue-layouts/filters/header/filters/state-group.tsx(51,24): error TS18046: 'stateGroup' is of type 'unknown'.
core/components/issues/issue-layouts/filters/header/filters/state-group.tsx(52,55): error TS18046: 'stateGroup' is of type 'unknown'.
core/components/issues/issue-layouts/filters/header/filters/state-group.tsx(53,47): error TS18046: 'stateGroup' is of type 'unknown'.
core/components/issues/issue-layouts/filters/header/filters/state-group.tsx(54,53): error TS18046: 'stateGroup' is of type 'unknown'.
core/components/issues/issue-layouts/filters/header/filters/state-group.tsx(55,26): error TS18046: 'stateGroup' is of type 'unknown'.
core/components/issues/issue-layouts/filters/header/filters/state.tsx(10,27): error TS2307: Cannot find module '@plane/constants' or its corresponding type declarations.
core/components/issues/issue-layouts/filters/header/filters/state.tsx(11,32): error TS2307: Cannot find module '@plane/propel/icons' or its corresponding type declarations.
core/components/issues/issue-layouts/filters/header/filters/state.tsx(12,29): error TS2307: Cannot find module '@plane/types' or its corresponding type declarations.
core/components/issues/issue-layouts/filters/header/filters/state.tsx(14,24): error TS2307: Cannot find module '@plane/ui' or its corresponding type declarations.
core/components/issues/issue-layouts/filters/header/helpers/dropdown.tsx(13,24): error TS2307: Cannot find module '@plane/propel/button' or its corresponding type declarations.
core/components/issues/issue-layouts/filters/header/helpers/filter-header.tsx(8,48): error TS2307: Cannot find module '@plane/propel/icons' or its corresponding type declarations.
core/components/issues/issue-layouts/filters/header/helpers/filter-option.tsx(7,27): error TS2307: Cannot find module '@plane/propel/icons' or its corresponding type declarations.
core/components/issues/issue-layouts/filters/header/layout-selection.tsx(8,31): error TS2307: Cannot find module '@plane/constants' or its corresponding type declarations.
core/components/issues/issue-layouts/filters/header/layout-selection.tsx(9,32): error TS2307: Cannot find module '@plane/i18n' or its corresponding type declarations.
core/components/issues/issue-layouts/filters/header/layout-selection.tsx(10,25): error TS2307: Cannot find module '@plane/propel/tooltip' or its corresponding type declarations.
core/components/issues/issue-layouts/filters/header/layout-selection.tsx(11,40): error TS2307: Cannot find module '@plane/types' or its corresponding type declarations.
core/components/issues/issue-layouts/filters/header/layout-selection.tsx(12,20): error TS2307: Cannot find module '@plane/utils' or its corresponding type declarations.
core/components/issues/issue-layouts/filters/header/layout-selection.tsx(36,30): error TS7006: Parameter 'l' implicitly has an 'any' type.
core/components/issues/issue-layouts/filters/header/layout-selection.tsx(36,66): error TS7006: Parameter 'layout' implicitly has an 'any' type.
core/components/issues/issue-layouts/filters/header/mobile-layout-selection.tsx(7,31): error TS2307: Cannot find module '@plane/constants' or its corresponding type declarations.
core/components/issues/issue-layouts/filters/header/mobile-layout-selection.tsx(8,32): error TS2307: Cannot find module '@plane/i18n' or its corresponding type declarations.
core/components/issues/issue-layouts/filters/header/mobile-layout-selection.tsx(9,24): error TS2307: Cannot find module '@plane/propel/button' or its corresponding type declarations.
core/components/issues/issue-layouts/filters/header/mobile-layout-selection.tsx(10,33): error TS2307: Cannot find module '@plane/propel/icons' or its corresponding type declarations.
core/components/issues/issue-layouts/filters/header/mobile-layout-selection.tsx(11,40): error TS2307: Cannot find module '@plane/types' or its corresponding type declarations.
core/components/issues/issue-layouts/filters/header/mobile-layout-selection.tsx(12,28): error TS2307: Cannot find module '@plane/ui' or its corresponding type declarations.
core/components/issues/issue-layouts/filters/header/mobile-layout-selection.tsx(42,30): error TS7006: Parameter 'l' implicitly has an 'any' type.
core/components/issues/issue-layouts/filters/header/mobile-layout-selection.tsx(42,66): error TS7006: Parameter 'layout' implicitly has an 'any' type.
core/components/issues/issue-layouts/filters/header/mobile-layout-selection.tsx(42,74): error TS7006: Parameter 'index' implicitly has an 'any' type.
core/components/issues/issue-layouts/gantt/base-gantt-root.tsx(11,69): error TS2307: Cannot find module '@plane/constants' or its corresponding type declarations.
core/components/issues/issue-layouts/gantt/base-gantt-root.tsx(12,32): error TS2307: Cannot find module '@plane/i18n' or its corresponding type declarations.
core/components/issues/issue-layouts/gantt/base-gantt-root.tsx(13,38): error TS2307: Cannot find module '@plane/propel/toast' or its corresponding type declarations.
core/components/issues/issue-layouts/gantt/base-gantt-root.tsx(14,65): error TS2307: Cannot find module '@plane/types' or its corresponding type declarations.
core/components/issues/issue-layouts/gantt/base-gantt-root.tsx(15,56): error TS2307: Cannot find module '@plane/types' or its corresponding type declarations.
core/components/issues/issue-layouts/gantt/base-gantt-root.tsx(16,44): error TS2307: Cannot find module '@plane/utils' or its corresponding type declarations.
core/components/issues/issue-layouts/gantt/base-gantt-root.tsx(101,14): error TS2551: Property 'updateIssueDates' does not exist on type 'IModuleIssues | IArchivedIssues | IWorkspaceIssues | IProfileIssues | IProjectViewIssues | IWorkspaceDraftIssues'. Did you mean 'updateIssue'?
  Property 'updateIssueDates' does not exist on type 'IWorkspaceDraftIssues'.
core/components/issues/issue-layouts/gantt/blocks.tsx(10,25): error TS2307: Cannot find module '@plane/propel/popover' or its corresponding type declarations.
core/components/issues/issue-layouts/gantt/blocks.tsx(11,25): error TS2307: Cannot find module '@plane/propel/tooltip' or its corresponding type declarations.
core/components/issues/issue-layouts/gantt/blocks.tsx(12,29): error TS2307: Cannot find module '@plane/ui' or its corresponding type declarations.
core/components/issues/issue-layouts/gantt/blocks.tsx(13,60): error TS2307: Cannot find module '@plane/utils' or its corresponding type declarations.
core/components/issues/issue-layouts/group-drag-overlay.tsx(10,40): error TS2307: Cannot find module '@plane/constants' or its corresponding type declarations.
core/components/issues/issue-layouts/group-drag-overlay.tsx(11,32): error TS2307: Cannot find module '@plane/i18n' or its corresponding type declarations.
core/components/issues/issue-layouts/group-drag-overlay.tsx(12,43): error TS2307: Cannot find module '@plane/types' or its corresponding type declarations.
core/components/issues/issue-layouts/group-drag-overlay.tsx(14,20): error TS2307: Cannot find module '@plane/utils' or its corresponding type declarations.
core/components/issues/issue-layouts/group-drag-overlay.tsx(45,34): error TS7006: Parameter 'orderByObj' implicitly has an 'any' type.
core/components/issues/issue-layouts/issue-layout-HOC.tsx(9,35): error TS2307: Cannot find module '@plane/types' or its corresponding type declarations.
core/components/issues/issue-layouts/kanban/base-kanban-root.tsx(14,75): error TS2307: Cannot find module '@plane/constants' or its corresponding type declarations.
core/components/issues/issue-layouts/kanban/base-kanban-root.tsx(15,39): error TS2307: Cannot find module '@plane/types' or its corresponding type declarations.
core/components/issues/issue-layouts/kanban/base-kanban-root.tsx(16,54): error TS2307: Cannot find module '@plane/types' or its corresponding type declarations.
core/components/issues/issue-layouts/kanban/base-kanban-root.tsx(222,53): error TS7006: Parameter '_value' implicitly has an 'any' type.
core/components/issues/issue-layouts/kanban/block.tsx(15,41): error TS2307: Cannot find module '@plane/hooks' or its corresponding type declarations.
core/components/issues/issue-layouts/kanban/block.tsx(17,38): error TS2307: Cannot find module '@plane/propel/toast' or its corresponding type declarations.
core/components/issues/issue-layouts/kanban/block.tsx(18,25): error TS2307: Cannot find module '@plane/propel/tooltip' or its corresponding type declarations.
core/components/issues/issue-layouts/kanban/block.tsx(19,65): error TS2307: Cannot find module '@plane/types' or its corresponding type declarations.
core/components/issues/issue-layouts/kanban/block.tsx(20,35): error TS2307: Cannot find module '@plane/types' or its corresponding type declarations.
core/components/issues/issue-layouts/kanban/block.tsx(22,44): error TS2307: Cannot find module '@plane/ui' or its corresponding type declarations.
core/components/issues/issue-layouts/kanban/block.tsx(23,42): error TS2307: Cannot find module '@plane/utils' or its corresponding type declarations.
core/components/issues/issue-layouts/kanban/blocks-list.tsx(10,65): error TS2307: Cannot find module '@plane/types' or its corresponding type declarations.
core/components/issues/issue-layouts/kanban/default.tsx(20,8): error TS2307: Cannot find module '@plane/types' or its corresponding type declarations.
core/components/issues/issue-layouts/kanban/default.tsx(22,32): error TS2307: Cannot find module '@plane/ui' or its corresponding type declarations.
core/components/issues/issue-layouts/kanban/headers/group-by-card.tsx(12,26): error TS2307: Cannot find module '@plane/propel/icons' or its corresponding type declarations.
core/components/issues/issue-layouts/kanban/headers/group-by-card.tsx(13,38): error TS2307: Cannot find module '@plane/propel/toast' or its corresponding type declarations.
core/components/issues/issue-layouts/kanban/headers/group-by-card.tsx(14,94): error TS2307: Cannot find module '@plane/types' or its corresponding type declarations.
core/components/issues/issue-layouts/kanban/headers/group-by-card.tsx(16,28): error TS2307: Cannot find module '@plane/ui' or its corresponding type declarations.
core/components/issues/issue-layouts/kanban/headers/sub-group-by-card.tsx(10,48): error TS2307: Cannot find module '@plane/propel/icons' or its corresponding type declarations.
core/components/issues/issue-layouts/kanban/headers/sub-group-by-card.tsx(12,64): error TS2307: Cannot find module '@plane/types' or its corresponding type declarations.
core/components/issues/issue-layouts/kanban/kanban-group.tsx(14,37): error TS2307: Cannot find module '@plane/constants' or its corresponding type declarations.
core/components/issues/issue-layouts/kanban/kanban-group.tsx(16,32): error TS2307: Cannot find module '@plane/i18n' or its corresponding type declarations.
core/components/issues/issue-layouts/kanban/kanban-group.tsx(18,38): error TS2307: Cannot find module '@plane/propel/toast' or its corresponding type declarations.
core/components/issues/issue-layouts/kanban/kanban-group.tsx(27,8): error TS2307: Cannot find module '@plane/types' or its corresponding type declarations.
core/components/issues/issue-layouts/kanban/kanban-group.tsx(28,35): error TS2307: Cannot find module '@plane/types' or its corresponding type declarations.
core/components/issues/issue-layouts/kanban/kanban-group.tsx(29,20): error TS2307: Cannot find module '@plane/utils' or its corresponding type declarations.
core/components/issues/issue-layouts/kanban/roots/cycle-root.tsx(11,57): error TS2307: Cannot find module '@plane/constants' or its corresponding type declarations.
core/components/issues/issue-layouts/kanban/roots/cycle-root.tsx(12,34): error TS2307: Cannot find module '@plane/types' or its corresponding type declarations.
core/components/issues/issue-layouts/kanban/roots/module-root.tsx(11,34): error TS2307: Cannot find module '@plane/types' or its corresponding type declarations.
core/components/issues/issue-layouts/kanban/roots/module-root.tsx(29,23): error TS2339: Property 'addIssuesToModule' does not exist on type 'IModuleIssues | IArchivedIssues | IWorkspaceIssues | IProfileIssues | IProjectViewIssues | IWorkspaceDraftIssues'.
  Property 'addIssuesToModule' does not exist on type 'IWorkspaceDraftIssues'.
core/components/issues/issue-layouts/kanban/roots/profile-issues-root.tsx(10,57): error TS2307: Cannot find module '@plane/constants' or its corresponding type declarations.
core/components/issues/issue-layouts/kanban/roots/project-root.tsx(10,57): error TS2307: Cannot find module '@plane/constants' or its corresponding type declarations.
core/components/issues/issue-layouts/kanban/swimlanes.tsx(21,8): error TS2307: Cannot find module '@plane/types' or its corresponding type declarations.
core/components/issues/issue-layouts/kanban/swimlanes.tsx(22,21): error TS2307: Cannot find module '@plane/ui' or its corresponding type declarations.
core/components/issues/issue-layouts/layout-icon.tsx(13,8): error TS2307: Cannot find module '@plane/propel/icons' or its corresponding type declarations.
core/components/issues/issue-layouts/layout-icon.tsx(14,32): error TS2307: Cannot find module '@plane/propel/icons' or its corresponding type declarations.
core/components/issues/issue-layouts/layout-icon.tsx(15,35): error TS2307: Cannot find module '@plane/types' or its corresponding type declarations.
core/components/issues/issue-layouts/list/base-list-root.tsx(12,75): error TS2307: Cannot find module '@plane/constants' or its corresponding type declarations.
core/components/issues/issue-layouts/list/base-list-root.tsx(14,96): error TS2307: Cannot find module '@plane/types' or its corresponding type declarations.
core/components/issues/issue-layouts/list/base-list-root.tsx(15,35): error TS2307: Cannot find module '@plane/types' or its corresponding type declarations.
core/components/issues/issue-layouts/list/base-list-root.tsx(143,53): error TS7006: Parameter '_value' implicitly has an 'any' type.
core/components/issues/issue-layouts/list/block-root.tsx(14,41): error TS2307: Cannot find module '@plane/hooks' or its corresponding type declarations.
core/components/issues/issue-layouts/list/block-root.tsx(16,65): error TS2307: Cannot find module '@plane/types' or its corresponding type declarations.
core/components/issues/issue-layouts/list/block-root.tsx(17,35): error TS2307: Cannot find module '@plane/types' or its corresponding type declarations.
core/components/issues/issue-layouts/list/block-root.tsx(19,31): error TS2307: Cannot find module '@plane/ui' or its corresponding type declarations.
core/components/issues/issue-layouts/list/block.tsx(13,34): error TS2307: Cannot find module '@plane/propel/icons' or its corresponding type declarations.
core/components/issues/issue-layouts/list/block.tsx(15,38): error TS2307: Cannot find module '@plane/propel/toast' or its corresponding type declarations.
core/components/issues/issue-layouts/list/block.tsx(16,25): error TS2307: Cannot find module '@plane/propel/tooltip' or its corresponding type declarations.
core/components/issues/issue-layouts/list/block.tsx(17,65): error TS2307: Cannot find module '@plane/types' or its corresponding type declarations.
core/components/issues/issue-layouts/list/block.tsx(18,35): error TS2307: Cannot find module '@plane/types' or its corresponding type declarations.
core/components/issues/issue-layouts/list/block.tsx(20,43): error TS2307: Cannot find module '@plane/ui' or its corresponding type declarations.
core/components/issues/issue-layouts/list/block.tsx(21,42): error TS2307: Cannot find module '@plane/utils' or its corresponding type declarations.
core/components/issues/issue-layouts/list/blocks-list.tsx(9,81): error TS2307: Cannot find module '@plane/types' or its corresponding type declarations.
core/components/issues/issue-layouts/list/default.tsx(12,28): error TS2307: Cannot find module '@plane/constants' or its corresponding type declarations.
core/components/issues/issue-layouts/list/default.tsx(24,8): error TS2307: Cannot find module '@plane/types' or its corresponding type declarations.
core/components/issues/issue-layouts/list/headers/group-by-card.tsx(11,26): error TS2307: Cannot find module '@plane/propel/icons' or its corresponding type declarations.
core/components/issues/issue-layouts/list/headers/group-by-card.tsx(13,38): error TS2307: Cannot find module '@plane/propel/toast' or its corresponding type declarations.
core/components/issues/issue-layouts/list/headers/group-by-card.tsx(14,73): error TS2307: Cannot find module '@plane/types' or its corresponding type declarations.
core/components/issues/issue-layouts/list/headers/group-by-card.tsx(16,28): error TS2307: Cannot find module '@plane/ui' or its corresponding type declarations.
core/components/issues/issue-layouts/list/headers/group-by-card.tsx(18,20): error TS2307: Cannot find module '@plane/utils' or its corresponding type declarations.
core/components/issues/issue-layouts/list/list-group.tsx(13,37): error TS2307: Cannot find module '@plane/constants' or its corresponding type declarations.
core/components/issues/issue-layouts/list/list-group.tsx(14,32): error TS2307: Cannot find module '@plane/i18n' or its corresponding type declarations.
core/components/issues/issue-layouts/list/list-group.tsx(15,38): error TS2307: Cannot find module '@plane/propel/toast' or its corresponding type declarations.
core/components/issues/issue-layouts/list/list-group.tsx(24,8): error TS2307: Cannot find module '@plane/types' or its corresponding type declarations.
core/components/issues/issue-layouts/list/list-group.tsx(25,35): error TS2307: Cannot find module '@plane/types' or its corresponding type declarations.
core/components/issues/issue-layouts/list/list-group.tsx(26,21): error TS2307: Cannot find module '@plane/ui' or its corresponding type declarations.
core/components/issues/issue-layouts/list/list-group.tsx(27,20): error TS2307: Cannot find module '@plane/utils' or its corresponding type declarations.
core/components/issues/issue-layouts/list/roots/cycle-root.tsx(11,57): error TS2307: Cannot find module '@plane/constants' or its corresponding type declarations.
core/components/issues/issue-layouts/list/roots/cycle-root.tsx(12,34): error TS2307: Cannot find module '@plane/types' or its corresponding type declarations.
core/components/issues/issue-layouts/list/roots/module-root.tsx(11,34): error TS2307: Cannot find module '@plane/types' or its corresponding type declarations.
core/components/issues/issue-layouts/list/roots/module-root.tsx(28,23): error TS2339: Property 'addIssuesToModule' does not exist on type 'IModuleIssues | IArchivedIssues | IWorkspaceIssues | IProfileIssues | IProjectViewIssues | IWorkspaceDraftIssues'.
  Property 'addIssuesToModule' does not exist on type 'IWorkspaceDraftIssues'.
core/components/issues/issue-layouts/list/roots/profile-issues-root.tsx(9,57): error TS2307: Cannot find module '@plane/constants' or its corresponding type declarations.
core/components/issues/issue-layouts/list/roots/project-root.tsx(10,57): error TS2307: Cannot find module '@plane/constants' or its corresponding type declarations.
core/components/issues/issue-layouts/properties/all-properties.tsx(15,32): error TS2307: Cannot find module '@plane/i18n' or its corresponding type declarations.
core/components/issues/issue-layouts/properties/all-properties.tsx(16,81): error TS2307: Cannot find module '@plane/propel/icons' or its corresponding type declarations.
core/components/issues/issue-layouts/properties/all-properties.tsx(17,25): error TS2307: Cannot find module '@plane/propel/tooltip' or its corresponding type declarations.
core/components/issues/issue-layouts/properties/all-properties.tsx(18,72): error TS2307: Cannot find module '@plane/types' or its corresponding type declarations.
core/components/issues/issue-layouts/properties/all-properties.tsx(26,8): error TS2307: Cannot find module '@plane/utils' or its corresponding type declarations.
core/components/issues/issue-layouts/properties/all-properties.tsx(183,32): error TS7006: Parameter 'id' implicitly has an 'any' type.
core/components/issues/issue-layouts/properties/label-dropdown.tsx(14,60): error TS2307: Cannot find module '@plane/constants' or its corresponding type declarations.
core/components/issues/issue-layouts/properties/label-dropdown.tsx(15,41): error TS2307: Cannot find module '@plane/hooks' or its corresponding type declarations.
core/components/issues/issue-layouts/properties/label-dropdown.tsx(16,32): error TS2307: Cannot find module '@plane/i18n' or its corresponding type declarations.
core/components/issues/issue-layouts/properties/label-dropdown.tsx(17,56): error TS2307: Cannot find module '@plane/propel/icons' or its corresponding type declarations.
core/components/issues/issue-layouts/properties/label-dropdown.tsx(19,34): error TS2307: Cannot find module '@plane/types' or its corresponding type declarations.
core/components/issues/issue-layouts/properties/label-dropdown.tsx(20,35): error TS2307: Cannot find module '@plane/types' or its corresponding type declarations.
core/components/issues/issue-layouts/properties/label-dropdown.tsx(22,31): error TS2307: Cannot find module '@plane/ui' or its corresponding type declarations.
core/components/issues/issue-layouts/properties/label-dropdown.tsx(23,37): error TS2307: Cannot find module '@plane/utils' or its corresponding type declarations.
core/components/issues/issue-layouts/properties/label-dropdown.tsx(278,40): error TS7006: Parameter 'option' implicitly has an 'any' type.
core/components/issues/issue-layouts/properties/labels.tsx(11,41): error TS2307: Cannot find module '@plane/hooks' or its corresponding type declarations.
core/components/issues/issue-layouts/properties/labels.tsx(13,32): error TS2307: Cannot find module '@plane/i18n' or its corresponding type declarations.
core/components/issues/issue-layouts/properties/labels.tsx(14,35): error TS2307: Cannot find module '@plane/propel/icons' or its corresponding type declarations.
core/components/issues/issue-layouts/properties/labels.tsx(16,25): error TS2307: Cannot find module '@plane/propel/tooltip' or its corresponding type declarations.
core/components/issues/issue-layouts/properties/labels.tsx(17,34): error TS2307: Cannot find module '@plane/types' or its corresponding type declarations.
core/components/issues/issue-layouts/properties/labels.tsx(20,20): error TS2307: Cannot find module '@plane/utils' or its corresponding type declarations.
core/components/issues/issue-layouts/properties/with-display-properties-HOC.tsx(9,46): error TS2307: Cannot find module '@plane/types' or its corresponding type declarations.
core/components/issues/issue-layouts/quick-action-dropdowns/all-issue.tsx(12,41): error TS2307: Cannot find module '@plane/constants' or its corresponding type declarations.
core/components/issues/issue-layouts/quick-action-dropdowns/all-issue.tsx(13,29): error TS2307: Cannot find module '@plane/types' or its corresponding type declarations.
core/components/issues/issue-layouts/quick-action-dropdowns/all-issue.tsx(14,34): error TS2307: Cannot find module '@plane/types' or its corresponding type declarations.
core/components/issues/issue-layouts/quick-action-dropdowns/all-issue.tsx(15,41): error TS2307: Cannot find module '@plane/ui' or its corresponding type declarations.
core/components/issues/issue-layouts/quick-action-dropdowns/all-issue.tsx(16,20): error TS2307: Cannot find module '@plane/utils' or its corresponding type declarations.
core/components/issues/issue-layouts/quick-action-dropdowns/all-issue.tsx(170,44): error TS7006: Parameter 'nestedItem' implicitly has an 'any' type.
core/components/issues/issue-layouts/quick-action-dropdowns/archived-issue.tsx(11,57): error TS2307: Cannot find module '@plane/constants' or its corresponding type declarations.
core/components/issues/issue-layouts/quick-action-dropdowns/archived-issue.tsx(12,34): error TS2307: Cannot find module '@plane/types' or its corresponding type declarations.
core/components/issues/issue-layouts/quick-action-dropdowns/archived-issue.tsx(13,41): error TS2307: Cannot find module '@plane/ui' or its corresponding type declarations.
core/components/issues/issue-layouts/quick-action-dropdowns/archived-issue.tsx(14,20): error TS2307: Cannot find module '@plane/utils' or its corresponding type declarations.
core/components/issues/issue-layouts/quick-action-dropdowns/copy-menu-helper.tsx(7,32): error TS2307: Cannot find module '@plane/propel/icons' or its corresponding type declarations.
core/components/issues/issue-layouts/quick-action-dropdowns/copy-menu-helper.tsx(8,39): error TS2307: Cannot find module '@plane/ui' or its corresponding type declarations.
core/components/issues/issue-layouts/quick-action-dropdowns/cycle-issue.tsx(12,82): error TS2307: Cannot find module '@plane/constants' or its corresponding type declarations.
core/components/issues/issue-layouts/quick-action-dropdowns/cycle-issue.tsx(13,29): error TS2307: Cannot find module '@plane/types' or its corresponding type declarations.
core/components/issues/issue-layouts/quick-action-dropdowns/cycle-issue.tsx(14,34): error TS2307: Cannot find module '@plane/types' or its corresponding type declarations.
core/components/issues/issue-layouts/quick-action-dropdowns/cycle-issue.tsx(15,41): error TS2307: Cannot find module '@plane/ui' or its corresponding type declarations.
core/components/issues/issue-layouts/quick-action-dropdowns/cycle-issue.tsx(16,20): error TS2307: Cannot find module '@plane/utils' or its corresponding type declarations.
core/components/issues/issue-layouts/quick-action-dropdowns/cycle-issue.tsx(182,44): error TS7006: Parameter 'nestedItem' implicitly has an 'any' type.
core/components/issues/issue-layouts/quick-action-dropdowns/helper.tsx(10,32): error TS2307: Cannot find module '@plane/i18n' or its corresponding type declarations.
core/components/issues/issue-layouts/quick-action-dropdowns/helper.tsx(11,82): error TS2307: Cannot find module '@plane/propel/icons' or its corresponding type declarations.
core/components/issues/issue-layouts/quick-action-dropdowns/helper.tsx(12,38): error TS2307: Cannot find module '@plane/propel/toast' or its corresponding type declarations.
core/components/issues/issue-layouts/quick-action-dropdowns/helper.tsx(13,47): error TS2307: Cannot find module '@plane/types' or its corresponding type declarations.
core/components/issues/issue-layouts/quick-action-dropdowns/helper.tsx(14,39): error TS2307: Cannot find module '@plane/ui' or its corresponding type declarations.
core/components/issues/issue-layouts/quick-action-dropdowns/helper.tsx(15,58): error TS2307: Cannot find module '@plane/utils' or its corresponding type declarations.
core/components/issues/issue-layouts/quick-action-dropdowns/issue-detail.tsx(13,82): error TS2307: Cannot find module '@plane/constants' or its corresponding type declarations.
core/components/issues/issue-layouts/quick-action-dropdowns/issue-detail.tsx(14,29): error TS2307: Cannot find module '@plane/types' or its corresponding type declarations.
core/components/issues/issue-layouts/quick-action-dropdowns/issue-detail.tsx(15,34): error TS2307: Cannot find module '@plane/types' or its corresponding type declarations.
core/components/issues/issue-layouts/quick-action-dropdowns/issue-detail.tsx(16,41): error TS2307: Cannot find module '@plane/ui' or its corresponding type declarations.
core/components/issues/issue-layouts/quick-action-dropdowns/issue-detail.tsx(17,20): error TS2307: Cannot find module '@plane/utils' or its corresponding type declarations.
core/components/issues/issue-layouts/quick-action-dropdowns/issue-detail.tsx(30,28): error TS2307: Cannot find module '@plane/propel/icon-button' or its corresponding type declarations.
core/components/issues/issue-layouts/quick-action-dropdowns/issue-detail.tsx(269,44): error TS7006: Parameter 'nestedItem' implicitly has an 'any' type.
core/components/issues/issue-layouts/quick-action-dropdowns/module-issue.tsx(12,82): error TS2307: Cannot find module '@plane/constants' or its corresponding type declarations.
core/components/issues/issue-layouts/quick-action-dropdowns/module-issue.tsx(13,29): error TS2307: Cannot find module '@plane/types' or its corresponding type declarations.
core/components/issues/issue-layouts/quick-action-dropdowns/module-issue.tsx(14,34): error TS2307: Cannot find module '@plane/types' or its corresponding type declarations.
core/components/issues/issue-layouts/quick-action-dropdowns/module-issue.tsx(15,41): error TS2307: Cannot find module '@plane/ui' or its corresponding type declarations.
core/components/issues/issue-layouts/quick-action-dropdowns/module-issue.tsx(16,20): error TS2307: Cannot find module '@plane/utils' or its corresponding type declarations.
core/components/issues/issue-layouts/quick-action-dropdowns/module-issue.tsx(182,44): error TS7006: Parameter 'nestedItem' implicitly has an 'any' type.
core/components/issues/issue-layouts/quick-action-dropdowns/project-issue.tsx(12,82): error TS2307: Cannot find module '@plane/constants' or its corresponding type declarations.
core/components/issues/issue-layouts/quick-action-dropdowns/project-issue.tsx(13,29): error TS2307: Cannot find module '@plane/types' or its corresponding type declarations.
core/components/issues/issue-layouts/quick-action-dropdowns/project-issue.tsx(14,34): error TS2307: Cannot find module '@plane/types' or its corresponding type declarations.
core/components/issues/issue-layouts/quick-action-dropdowns/project-issue.tsx(15,41): error TS2307: Cannot find module '@plane/ui' or its corresponding type declarations.
core/components/issues/issue-layouts/quick-action-dropdowns/project-issue.tsx(16,20): error TS2307: Cannot find module '@plane/utils' or its corresponding type declarations.
core/components/issues/issue-layouts/quick-action-dropdowns/project-issue.tsx(183,44): error TS7006: Parameter 'nestedItem' implicitly has an 'any' type.
core/components/issues/issue-layouts/quick-add/button/gantt.tsx(9,32): error TS2307: Cannot find module '@plane/i18n' or its corresponding type declarations.
core/components/issues/issue-layouts/quick-add/button/gantt.tsx(10,26): error TS2307: Cannot find module '@plane/propel/icons' or its corresponding type declarations.
core/components/issues/issue-layouts/quick-add/button/gantt.tsx(11,21): error TS2307: Cannot find module '@plane/ui' or its corresponding type declarations.
core/components/issues/issue-layouts/quick-add/button/kanban.tsx(9,32): error TS2307: Cannot find module '@plane/i18n' or its corresponding type declarations.
core/components/issues/issue-layouts/quick-add/button/kanban.tsx(10,26): error TS2307: Cannot find module '@plane/propel/icons' or its corresponding type declarations.
core/components/issues/issue-layouts/quick-add/button/list.tsx(9,32): error TS2307: Cannot find module '@plane/i18n' or its corresponding type declarations.
core/components/issues/issue-layouts/quick-add/button/list.tsx(10,26): error TS2307: Cannot find module '@plane/propel/icons' or its corresponding type declarations.
core/components/issues/issue-layouts/quick-add/button/list.tsx(11,21): error TS2307: Cannot find module '@plane/ui' or its corresponding type declarations.
core/components/issues/issue-layouts/quick-add/button/spreadsheet.tsx(9,32): error TS2307: Cannot find module '@plane/i18n' or its corresponding type declarations.
core/components/issues/issue-layouts/quick-add/button/spreadsheet.tsx(10,26): error TS2307: Cannot find module '@plane/propel/icons' or its corresponding type declarations.
core/components/issues/issue-layouts/quick-add/form/gantt.tsx(8,32): error TS2307: Cannot find module '@plane/i18n' or its corresponding type declarations.
core/components/issues/issue-layouts/quick-add/form/gantt.tsx(9,20): error TS2307: Cannot find module '@plane/utils' or its corresponding type declarations.
core/components/issues/issue-layouts/quick-add/form/kanban.tsx(8,32): error TS2307: Cannot find module '@plane/i18n' or its corresponding type declarations.
core/components/issues/issue-layouts/quick-add/form/list.tsx(8,32): error TS2307: Cannot find module '@plane/i18n' or its corresponding type declarations.
core/components/issues/issue-layouts/quick-add/form/root.tsx(13,41): error TS2307: Cannot find module '@plane/hooks' or its corresponding type declarations.
core/components/issues/issue-layouts/quick-add/form/root.tsx(15,29): error TS2307: Cannot find module '@plane/types' or its corresponding type declarations.
core/components/issues/issue-layouts/quick-add/form/root.tsx(16,35): error TS2307: Cannot find module '@plane/types' or its corresponding type declarations.
core/components/issues/issue-layouts/quick-add/form/spreadsheet.tsx(8,32): error TS2307: Cannot find module '@plane/i18n' or its corresponding type declarations.
core/components/issues/issue-layouts/quick-add/root.tsx(14,32): error TS2307: Cannot find module '@plane/i18n' or its corresponding type declarations.
core/components/issues/issue-layouts/quick-add/root.tsx(15,26): error TS2307: Cannot find module '@plane/propel/icons' or its corresponding type declarations.
core/components/issues/issue-layouts/quick-add/root.tsx(16,33): error TS2307: Cannot find module '@plane/propel/toast' or its corresponding type declarations.
core/components/issues/issue-layouts/quick-add/root.tsx(17,58): error TS2307: Cannot find module '@plane/types' or its corresponding type declarations.
core/components/issues/issue-layouts/quick-add/root.tsx(18,40): error TS2307: Cannot find module '@plane/utils' or its corresponding type declarations.
core/components/issues/issue-layouts/quick-add/root.tsx(118,25): error TS7006: Parameter 'data' implicitly has an 'any' type.
core/components/issues/issue-layouts/quick-add/root.tsx(130,21): error TS7006: Parameter 'err' implicitly has an 'any' type.
core/components/issues/issue-layouts/roots/all-issue-layout-root.tsx(12,77): error TS2307: Cannot find module '@plane/constants' or its corresponding type declarations.
core/components/issues/issue-layouts/roots/all-issue-layout-root.tsx(13,36): error TS2307: Cannot find module '@plane/propel/empty-state' or its corresponding type declarations.
core/components/issues/issue-layouts/roots/all-issue-layout-root.tsx(14,40): error TS2307: Cannot find module '@plane/types' or its corresponding type declarations.
core/components/issues/issue-layouts/roots/all-issue-layout-root.tsx(15,53): error TS2307: Cannot find module '@plane/types' or its corresponding type declarations.
core/components/issues/issue-layouts/roots/all-issue-layout-root.tsx(47,15): error TS2339: Property 'clear' does not exist on type 'IModuleIssues | IArchivedIssues | IWorkspaceIssues | IProfileIssues | IProjectViewIssues | IWorkspaceDraftIssues'.
core/components/issues/issue-layouts/roots/all-issue-layout-root.tsx(47,52): error TS2339: Property 'fetchNextIssues' does not exist on type 'IModuleIssues | IArchivedIssues | IWorkspaceIssues | IProfileIssues | IProjectViewIssues | IWorkspaceDraftIssues'.
core/components/issues/issue-layouts/roots/all-issue-layout-root.tsx(103,15): error TS2554: Expected 3 arguments, but got 2.
core/components/issues/issue-layouts/roots/all-issue-layout-root.tsx(104,15): error TS2554: Expected 5-6 arguments, but got 4.
core/components/issues/issue-layouts/roots/all-issue-layout-root.tsx(145,24): error TS2684: The 'this' context of type '((workspaceSlug: string, projectId: string, filters: TWorkItemFilterExpression) => Promise<void>) | ((workspaceSlug: string, viewId: string, filters: TWorkItemFilterExpression) => Promise<void>) | ((workspaceSlug: string, projectId: string, moduleId: string, filters: TWorkItemFilterExpression) => Promise<...>) | ((w...' is not assignable to method's 'this' of type '(this: ((workspaceSlug: string, projectId: string, filters: TWorkItemFilterExpression) => Promise<void>) | ((workspaceSlug: string, viewId: string, filters: TWorkItemFilterExpression) => Promise<...>) | ((workspaceSlug: string, projectId: string, moduleId: string, filters: TWorkItemFilterExpression) => Promise<...>)...'.
  Type '(workspaceSlug: string, projectId: string, moduleId: string, filters: TWorkItemFilterExpression) => Promise<void>' is not assignable to type '(this: ((workspaceSlug: string, projectId: string, filters: TWorkItemFilterExpression) => Promise<void>) | ((workspaceSlug: string, viewId: string, filters: TWorkItemFilterExpression) => Promise<...>) | ((workspaceSlug: string, projectId: string, moduleId: string, filters: TWorkItemFilterExpression) => Promise<...>)...'.
    Target signature provides too few arguments. Expected 4 or more, but got 3.
core/components/issues/issue-layouts/roots/archived-issue-layout-root.tsx(12,47): error TS2307: Cannot find module '@plane/constants' or its corresponding type declarations.
core/components/issues/issue-layouts/roots/archived-issue-layout-root.tsx(13,34): error TS2307: Cannot find module '@plane/types' or its corresponding type declarations.
core/components/issues/issue-layouts/roots/archived-issue-layout-root.tsx(32,53): error TS2551: Property 'getIssueFilters' does not exist on type 'IArchivedIssuesFilter | IWorkspaceIssuesFilter | IModuleIssuesFilter | IProfileIssuesFilter | IProjectViewIssuesFilter | IWorkspaceDraftIssuesFilter'. Did you mean 'issueFilters'?
  Property 'getIssueFilters' does not exist on type 'IProfileIssuesFilter'.
core/components/issues/issue-layouts/roots/archived-issue-layout-root.tsx(38,29): error TS2554: Expected 3 arguments, but got 2.
core/components/issues/issue-layouts/roots/archived-issue-layout-root.tsx(52,24): error TS2684: The 'this' context of type '((workspaceSlug: string, projectId: string, filters: TWorkItemFilterExpression) => Promise<void>) | ((workspaceSlug: string, viewId: string, filters: TWorkItemFilterExpression) => Promise<void>) | ((workspaceSlug: string, projectId: string, moduleId: string, filters: TWorkItemFilterExpression) => Promise<...>) | ((w...' is not assignable to method's 'this' of type '(this: IArchivedIssuesFilter | IWorkspaceIssuesFilter | IModuleIssuesFilter | IProfileIssuesFilter | IProjectViewIssuesFilter | IWorkspaceDraftIssuesFilter, args_0: string, args_1: string, filters: TWorkItemFilterExpression) => Promise<...>'.
  Type '(workspaceSlug: string, projectId: string, moduleId: string, filters: TWorkItemFilterExpression) => Promise<void>' is not assignable to type '(this: IArchivedIssuesFilter | IWorkspaceIssuesFilter | IModuleIssuesFilter | IProfileIssuesFilter | IProjectViewIssuesFilter | IWorkspaceDraftIssuesFilter, args_0: string, args_1: string, filters: TWorkItemFilterExpression) => Promise<...>'.
    Target signature provides too few arguments. Expected 4 or more, but got 3.
core/components/issues/issue-layouts/roots/cycle-layout-root.tsx(13,78): error TS2307: Cannot find module '@plane/constants' or its corresponding type declarations.
core/components/issues/issue-layouts/roots/cycle-layout-root.tsx(14,53): error TS2307: Cannot find module '@plane/types' or its corresponding type declarations.
core/components/issues/issue-layouts/roots/cycle-layout-root.tsx(64,51): error TS2551: Property 'getIssueFilters' does not exist on type 'IArchivedIssuesFilter | IWorkspaceIssuesFilter | IModuleIssuesFilter | IProfileIssuesFilter | IProjectViewIssuesFilter | IWorkspaceDraftIssuesFilter'. Did you mean 'issueFilters'?
  Property 'getIssueFilters' does not exist on type 'IProfileIssuesFilter'.
core/components/issues/issue-layouts/roots/cycle-layout-root.tsx(95,24): error TS2684: The 'this' context of type '((workspaceSlug: string, projectId: string, filters: TWorkItemFilterExpression) => Promise<void>) | ((workspaceSlug: string, viewId: string, filters: TWorkItemFilterExpression) => Promise<void>) | ((workspaceSlug: string, projectId: string, moduleId: string, filters: TWorkItemFilterExpression) => Promise<...>) | ((w...' is not assignable to method's 'this' of type '(this: IArchivedIssuesFilter | IWorkspaceIssuesFilter | IModuleIssuesFilter | IProfileIssuesFilter | IProjectViewIssuesFilter | IWorkspaceDraftIssuesFilter, args_0: string, args_1: string, args_2: string) => Promise<...>'.
  Type '(workspaceSlug: string, projectId: string, moduleId: string, filters: TWorkItemFilterExpression) => Promise<void>' is not assignable to type '(this: IArchivedIssuesFilter | IWorkspaceIssuesFilter | IModuleIssuesFilter | IProfileIssuesFilter | IProjectViewIssuesFilter | IWorkspaceDraftIssuesFilter, args_0: string, args_1: string, args_2: string) => Promise<...>'.
    Target signature provides too few arguments. Expected 4 or more, but got 3.
core/components/issues/issue-layouts/roots/module-layout-root.tsx(12,78): error TS2307: Cannot find module '@plane/constants' or its corresponding type declarations.
core/components/issues/issue-layouts/roots/module-layout-root.tsx(13,53): error TS2307: Cannot find module '@plane/types' or its corresponding type declarations.
core/components/issues/issue-layouts/roots/module-layout-root.tsx(14,34): error TS2307: Cannot find module '@plane/ui' or its corresponding type declarations.
core/components/issues/issue-layouts/roots/module-layout-root.tsx(54,52): error TS2551: Property 'getIssueFilters' does not exist on type 'IArchivedIssuesFilter | IWorkspaceIssuesFilter | IModuleIssuesFilter | IProfileIssuesFilter | IProjectViewIssuesFilter | IWorkspaceDraftIssuesFilter'. Did you mean 'issueFilters'?
  Property 'getIssueFilters' does not exist on type 'IProfileIssuesFilter'.
core/components/issues/issue-layouts/roots/module-layout-root.tsx(78,24): error TS2684: The 'this' context of type '((workspaceSlug: string, projectId: string, filters: TWorkItemFilterExpression) => Promise<void>) | ((workspaceSlug: string, viewId: string, filters: TWorkItemFilterExpression) => Promise<void>) | ((workspaceSlug: string, projectId: string, moduleId: string, filters: TWorkItemFilterExpression) => Promise<...>) | ((w...' is not assignable to method's 'this' of type '(this: IArchivedIssuesFilter | IWorkspaceIssuesFilter | IModuleIssuesFilter | IProfileIssuesFilter | IProjectViewIssuesFilter | IWorkspaceDraftIssuesFilter, args_0: string, args_1: string, args_2: string) => Promise<...>'.
  Type '(workspaceSlug: string, projectId: string, moduleId: string, filters: TWorkItemFilterExpression) => Promise<void>' is not assignable to type '(this: IArchivedIssuesFilter | IWorkspaceIssuesFilter | IModuleIssuesFilter | IProfileIssuesFilter | IProjectViewIssuesFilter | IWorkspaceDraftIssuesFilter, args_0: string, args_1: string, args_2: string) => Promise<...>'.
    Target signature provides too few arguments. Expected 4 or more, but got 3.
core/components/issues/issue-layouts/roots/project-layout-root.tsx(11,78): error TS2307: Cannot find module '@plane/constants' or its corresponding type declarations.
core/components/issues/issue-layouts/roots/project-layout-root.tsx(12,53): error TS2307: Cannot find module '@plane/types' or its corresponding type declarations.
core/components/issues/issue-layouts/roots/project-layout-root.tsx(13,25): error TS2307: Cannot find module '@plane/ui' or its corresponding type declarations.
core/components/issues/issue-layouts/roots/project-layout-root.tsx(53,53): error TS2551: Property 'getIssueFilters' does not exist on type 'IArchivedIssuesFilter | IWorkspaceIssuesFilter | IModuleIssuesFilter | IProfileIssuesFilter | IProjectViewIssuesFilter | IWorkspaceDraftIssuesFilter'. Did you mean 'issueFilters'?
  Property 'getIssueFilters' does not exist on type 'IProfileIssuesFilter'.
core/components/issues/issue-layouts/roots/project-layout-root.tsx(60,29): error TS2554: Expected 3 arguments, but got 2.
core/components/issues/issue-layouts/roots/project-layout-root.tsx(75,24): error TS2684: The 'this' context of type '((workspaceSlug: string, projectId: string, filters: TWorkItemFilterExpression) => Promise<void>) | ((workspaceSlug: string, viewId: string, filters: TWorkItemFilterExpression) => Promise<void>) | ((workspaceSlug: string, projectId: string, moduleId: string, filters: TWorkItemFilterExpression) => Promise<...>) | ((w...' is not assignable to method's 'this' of type '(this: IArchivedIssuesFilter | IWorkspaceIssuesFilter | IModuleIssuesFilter | IProfileIssuesFilter | IProjectViewIssuesFilter | IWorkspaceDraftIssuesFilter, args_0: string, args_1: string, filters: TWorkItemFilterExpression) => Promise<...>'.
  Type '(workspaceSlug: string, projectId: string, moduleId: string, filters: TWorkItemFilterExpression) => Promise<void>' is not assignable to type '(this: IArchivedIssuesFilter | IWorkspaceIssuesFilter | IModuleIssuesFilter | IProfileIssuesFilter | IProjectViewIssuesFilter | IWorkspaceDraftIssuesFilter, args_0: string, args_1: string, filters: TWorkItemFilterExpression) => Promise<...>'.
    Target signature provides too few arguments. Expected 4 or more, but got 3.
core/components/issues/issue-layouts/roots/project-view-layout-root.tsx(12,78): error TS2307: Cannot find module '@plane/constants' or its corresponding type declarations.
core/components/issues/issue-layouts/roots/project-view-layout-root.tsx(13,53): error TS2307: Cannot find module '@plane/types' or its corresponding type declarations.
core/components/issues/issue-layouts/roots/project-view-layout-root.tsx(56,50): error TS2551: Property 'getIssueFilters' does not exist on type 'IArchivedIssuesFilter | IWorkspaceIssuesFilter | IModuleIssuesFilter | IProfileIssuesFilter | IProjectViewIssuesFilter | IWorkspaceDraftIssuesFilter'. Did you mean 'issueFilters'?
  Property 'getIssueFilters' does not exist on type 'IProfileIssuesFilter'.
core/components/issues/issue-layouts/roots/project-view-layout-root.tsx(79,23): error TS2339: Property 'resetFilters' does not exist on type 'IArchivedIssuesFilter | IWorkspaceIssuesFilter | IModuleIssuesFilter | IProfileIssuesFilter | IProjectViewIssuesFilter | IWorkspaceDraftIssuesFilter'.
  Property 'resetFilters' does not exist on type 'IArchivedIssuesFilter'.
core/components/issues/issue-layouts/roots/project-view-layout-root.tsx(98,24): error TS2684: The 'this' context of type '((workspaceSlug: string, projectId: string, filters: TWorkItemFilterExpression) => Promise<void>) | ((workspaceSlug: string, viewId: string, filters: TWorkItemFilterExpression) => Promise<void>) | ((workspaceSlug: string, projectId: string, moduleId: string, filters: TWorkItemFilterExpression) => Promise<...>) | ((w...' is not assignable to method's 'this' of type '(this: IArchivedIssuesFilter | IWorkspaceIssuesFilter | IModuleIssuesFilter | IProfileIssuesFilter | IProjectViewIssuesFilter | IWorkspaceDraftIssuesFilter, args_0: string, args_1: string, args_2: string) => Promise<...>'.
  Type '(workspaceSlug: string, projectId: string, moduleId: string, filters: TWorkItemFilterExpression) => Promise<void>' is not assignable to type '(this: IArchivedIssuesFilter | IWorkspaceIssuesFilter | IModuleIssuesFilter | IProfileIssuesFilter | IProjectViewIssuesFilter | IWorkspaceDraftIssuesFilter, args_0: string, args_1: string, args_2: string) => Promise<...>'.
    Target signature provides too few arguments. Expected 4 or more, but got 3.
core/components/issues/issue-layouts/spreadsheet/base-spreadsheet-root.tsx(12,87): error TS2307: Cannot find module '@plane/constants' or its corresponding type declarations.
core/components/issues/issue-layouts/spreadsheet/base-spreadsheet-root.tsx(13,67): error TS2307: Cannot find module '@plane/types' or its corresponding type declarations.
core/components/issues/issue-layouts/spreadsheet/base-spreadsheet-root.tsx(14,35): error TS2307: Cannot find module '@plane/types' or its corresponding type declarations.
core/components/issues/issue-layouts/spreadsheet/columns/assignee-column.tsx(10,29): error TS2307: Cannot find module '@plane/types' or its corresponding type declarations.
core/components/issues/issue-layouts/spreadsheet/columns/attachment-column.tsx(10,29): error TS2307: Cannot find module '@plane/types' or its corresponding type declarations.
core/components/issues/issue-layouts/spreadsheet/columns/attachment-column.tsx(11,21): error TS2307: Cannot find module '@plane/ui' or its corresponding type declarations.
core/components/issues/issue-layouts/spreadsheet/columns/created-on-column.tsx(10,29): error TS2307: Cannot find module '@plane/types' or its corresponding type declarations.
core/components/issues/issue-layouts/spreadsheet/columns/created-on-column.tsx(12,21): error TS2307: Cannot find module '@plane/ui' or its corresponding type declarations.
core/components/issues/issue-layouts/spreadsheet/columns/created-on-column.tsx(13,37): error TS2307: Cannot find module '@plane/utils' or its corresponding type declarations.
core/components/issues/issue-layouts/spreadsheet/columns/cycle-column.tsx(11,29): error TS2307: Cannot find module '@plane/types' or its corresponding type declarations.
core/components/issues/issue-layouts/spreadsheet/columns/due-date-column.tsx(9,37): error TS2307: Cannot find module '@plane/propel/icons' or its corresponding type declarations.
core/components/issues/issue-layouts/spreadsheet/columns/due-date-column.tsx(11,29): error TS2307: Cannot find module '@plane/types' or its corresponding type declarations.
core/components/issues/issue-layouts/spreadsheet/columns/due-date-column.tsx(12,86): error TS2307: Cannot find module '@plane/utils' or its corresponding type declarations.
core/components/issues/issue-layouts/spreadsheet/columns/estimate-column.tsx(9,29): error TS2307: Cannot find module '@plane/types' or its corresponding type declarations.
core/components/issues/issue-layouts/spreadsheet/columns/header-column.tsx(10,46): error TS2307: Cannot find module '@plane/constants' or its corresponding type declarations.
core/components/issues/issue-layouts/spreadsheet/columns/header-column.tsx(12,32): error TS2307: Cannot find module '@plane/i18n' or its corresponding type declarations.
core/components/issues/issue-layouts/spreadsheet/columns/header-column.tsx(14,96): error TS2307: Cannot find module '@plane/types' or its corresponding type declarations.
core/components/issues/issue-layouts/spreadsheet/columns/header-column.tsx(15,33): error TS2307: Cannot find module '@plane/ui' or its corresponding type declarations.
core/components/issues/issue-layouts/spreadsheet/columns/header-column.tsx(79,92): error TS2345: Argument of type 'string | number | symbol' is not assignable to parameter of type 'string'.
  Type 'number' is not assignable to type 'string'.
core/components/issues/issue-layouts/spreadsheet/columns/header-column.tsx(82,74): error TS2731: Implicit conversion of a 'symbol' to a 'string' will fail at runtime. Consider wrapping this expression in 'String(...)'.
core/components/issues/issue-layouts/spreadsheet/columns/header-column.tsx(94,73): error TS2731: Implicit conversion of a 'symbol' to a 'string' will fail at runtime. Consider wrapping this expression in 'String(...)'.
core/components/issues/issue-layouts/spreadsheet/columns/header-column.tsx(97,93): error TS2345: Argument of type 'string | number | symbol' is not assignable to parameter of type 'string'.
  Type 'number' is not assignable to type 'string'.
core/components/issues/issue-layouts/spreadsheet/columns/header-column.tsx(100,75): error TS2731: Implicit conversion of a 'symbol' to a 'string' will fail at runtime. Consider wrapping this expression in 'String(...)'.
core/components/issues/issue-layouts/spreadsheet/columns/header-column.tsx(112,74): error TS2731: Implicit conversion of a 'symbol' to a 'string' will fail at runtime. Consider wrapping this expression in 'String(...)'.
core/components/issues/issue-layouts/spreadsheet/columns/header-column.tsx(120,35): error TS2345: Argument of type 'string | number | symbol' is not assignable to parameter of type 'string'.
  Type 'number' is not assignable to type 'string'.
core/components/issues/issue-layouts/spreadsheet/columns/header-column.tsx(122,70): error TS2731: Implicit conversion of a 'symbol' to a 'string' will fail at runtime. Consider wrapping this expression in 'String(...)'.
core/components/issues/issue-layouts/spreadsheet/columns/header-column.tsx(124,57): error TS2345: Argument of type 'string | number | symbol' is not assignable to parameter of type 'string'.
  Type 'number' is not assignable to type 'string'.
core/components/issues/issue-layouts/spreadsheet/columns/label-column.tsx(10,29): error TS2307: Cannot find module '@plane/types' or its corresponding type declarations.
core/components/issues/issue-layouts/spreadsheet/columns/label-column.tsx(29,32): error TS7006: Parameter 'id' implicitly has an 'any' type.
core/components/issues/issue-layouts/spreadsheet/columns/link-column.tsx(10,29): error TS2307: Cannot find module '@plane/types' or its corresponding type declarations.
core/components/issues/issue-layouts/spreadsheet/columns/link-column.tsx(11,21): error TS2307: Cannot find module '@plane/ui' or its corresponding type declarations.
core/components/issues/issue-layouts/spreadsheet/columns/module-column.tsx(12,29): error TS2307: Cannot find module '@plane/types' or its corresponding type declarations.
core/components/issues/issue-layouts/spreadsheet/columns/priority-column.tsx(10,29): error TS2307: Cannot find module '@plane/types' or its corresponding type declarations.
core/components/issues/issue-layouts/spreadsheet/columns/start-date-column.tsx(9,39): error TS2307: Cannot find module '@plane/propel/icons' or its corresponding type declarations.
core/components/issues/issue-layouts/spreadsheet/columns/start-date-column.tsx(11,29): error TS2307: Cannot find module '@plane/types' or its corresponding type declarations.
core/components/issues/issue-layouts/spreadsheet/columns/start-date-column.tsx(13,53): error TS2307: Cannot find module '@plane/utils' or its corresponding type declarations.
core/components/issues/issue-layouts/spreadsheet/columns/state-column.tsx(10,29): error TS2307: Cannot find module '@plane/types' or its corresponding type declarations.
core/components/issues/issue-layouts/spreadsheet/columns/sub-issue-column.tsx(11,29): error TS2307: Cannot find module '@plane/types' or its corresponding type declarations.
core/components/issues/issue-layouts/spreadsheet/columns/sub-issue-column.tsx(13,21): error TS2307: Cannot find module '@plane/ui' or its corresponding type declarations.
core/components/issues/issue-layouts/spreadsheet/columns/sub-issue-column.tsx(14,20): error TS2307: Cannot find module '@plane/utils' or its corresponding type declarations.
core/components/issues/issue-layouts/spreadsheet/columns/updated-on-column.tsx(10,29): error TS2307: Cannot find module '@plane/types' or its corresponding type declarations.
core/components/issues/issue-layouts/spreadsheet/columns/updated-on-column.tsx(12,21): error TS2307: Cannot find module '@plane/ui' or its corresponding type declarations.
core/components/issues/issue-layouts/spreadsheet/columns/updated-on-column.tsx(13,37): error TS2307: Cannot find module '@plane/utils' or its corresponding type declarations.
core/components/issues/issue-layouts/spreadsheet/issue-column.tsx(10,54): error TS2307: Cannot find module '@plane/types' or its corresponding type declarations.
core/components/issues/issue-layouts/spreadsheet/issue-column.tsx(33,38): error TS2538: Type 'symbol' cannot be used as an index type.
core/components/issues/issue-layouts/spreadsheet/issue-row.tsx(12,42): error TS2307: Cannot find module '@plane/constants' or its corresponding type declarations.
core/components/issues/issue-layouts/spreadsheet/issue-row.tsx(14,41): error TS2307: Cannot find module '@plane/hooks' or its corresponding type declarations.
core/components/issues/issue-layouts/spreadsheet/issue-row.tsx(15,34): error TS2307: Cannot find module '@plane/propel/icons' or its corresponding type declarations.
core/components/issues/issue-layouts/spreadsheet/issue-row.tsx(17,25): error TS2307: Cannot find module '@plane/propel/tooltip' or its corresponding type declarations.
core/components/issues/issue-layouts/spreadsheet/issue-row.tsx(18,54): error TS2307: Cannot find module '@plane/types' or its corresponding type declarations.
core/components/issues/issue-layouts/spreadsheet/issue-row.tsx(19,35): error TS2307: Cannot find module '@plane/types' or its corresponding type declarations.
core/components/issues/issue-layouts/spreadsheet/issue-row.tsx(21,34): error TS2307: Cannot find module '@plane/ui' or its corresponding type declarations.
core/components/issues/issue-layouts/spreadsheet/issue-row.tsx(22,42): error TS2307: Cannot find module '@plane/utils' or its corresponding type declarations.
core/components/issues/issue-layouts/spreadsheet/issue-row.tsx(390,11): error TS2322: Type 'string | number | symbol' is not assignable to type 'Key | null | undefined'.
  Type 'symbol' is not assignable to type 'Key | null | undefined'.
core/components/issues/issue-layouts/spreadsheet/roots/cycle-root.tsx(11,57): error TS2307: Cannot find module '@plane/constants' or its corresponding type declarations.
core/components/issues/issue-layouts/spreadsheet/roots/project-root.tsx(11,57): error TS2307: Cannot find module '@plane/constants' or its corresponding type declarations.
core/components/issues/issue-layouts/spreadsheet/roots/workspace-root.tsx(10,87): error TS2307: Cannot find module '@plane/constants' or its corresponding type declarations.
core/components/issues/issue-layouts/spreadsheet/roots/workspace-root.tsx(11,49): error TS2307: Cannot find module '@plane/types' or its corresponding type declarations.
core/components/issues/issue-layouts/spreadsheet/roots/workspace-root.tsx(12,53): error TS2307: Cannot find module '@plane/types' or its corresponding type declarations.
core/components/issues/issue-layouts/spreadsheet/roots/workspace-root.tsx(78,9): error TS2345: Argument of type 'undefined' is not assignable to parameter of type 'string'.
core/components/issues/issue-layouts/spreadsheet/spreadsheet-header-column.tsx(10,74): error TS2307: Cannot find module '@plane/types' or its corresponding type declarations.
core/components/issues/issue-layouts/spreadsheet/spreadsheet-header.tsx(10,42): error TS2307: Cannot find module '@plane/constants' or its corresponding type declarations.
core/components/issues/issue-layouts/spreadsheet/spreadsheet-header.tsx(12,74): error TS2307: Cannot find module '@plane/types' or its corresponding type declarations.
core/components/issues/issue-layouts/spreadsheet/spreadsheet-header.tsx(14,20): error TS2307: Cannot find module '@plane/utils' or its corresponding type declarations.
core/components/issues/issue-layouts/spreadsheet/spreadsheet-header.tsx(81,13): error TS2322: Type 'string | number | symbol' is not assignable to type 'Key | null | undefined'.
  Type 'symbol' is not assignable to type 'Key | null | undefined'.
core/components/issues/issue-layouts/spreadsheet/spreadsheet-table.tsx(11,82): error TS2307: Cannot find module '@plane/types' or its corresponding type declarations.
core/components/issues/issue-layouts/spreadsheet/spreadsheet-view.tsx(10,69): error TS2307: Cannot find module '@plane/constants' or its corresponding type declarations.
core/components/issues/issue-layouts/spreadsheet/spreadsheet-view.tsx(12,82): error TS2307: Cannot find module '@plane/types' or its corresponding type declarations.
core/components/issues/issue-layouts/spreadsheet/spreadsheet-view.tsx(13,35): error TS2307: Cannot find module '@plane/types' or its corresponding type declarations.
core/components/issues/issue-layouts/spreadsheet/spreadsheet-view.tsx(72,41): error TS7006: Parameter 'property' implicitly has an 'any' type.
core/components/issues/issue-layouts/utils.tsx(15,59): error TS2307: Cannot find module '@plane/constants' or its corresponding type declarations.
core/components/issues/issue-layouts/utils.tsx(16,22): error TS2307: Cannot find module '@plane/propel/emoji-icon-picker' or its corresponding type declarations.
core/components/issues/issue-layouts/utils.tsx(17,32): error TS2307: Cannot find module '@plane/propel/icons' or its corresponding type declarations.
core/components/issues/issue-layouts/utils.tsx(32,8): error TS2307: Cannot find module '@plane/propel/icons' or its corresponding type declarations.
core/components/issues/issue-layouts/utils.tsx(47,8): error TS2307: Cannot find module '@plane/types' or its corresponding type declarations.
core/components/issues/issue-layouts/utils.tsx(48,34): error TS2307: Cannot find module '@plane/types' or its corresponding type declarations.
core/components/issues/issue-layouts/utils.tsx(50,24): error TS2307: Cannot find module '@plane/ui' or its corresponding type declarations.
core/components/issues/issue-layouts/utils.tsx(51,49): error TS2307: Cannot find module '@plane/utils' or its corresponding type declarations.
core/components/issues/issue-layouts/utils.tsx(57,40): error TS2307: Cannot find module '@plane/constants' or its corresponding type declarations.
core/components/issues/issue-layouts/utils.tsx(262,9): error TS18046: 'stateGroup' is of type 'unknown'.
core/components/issues/issue-layouts/utils.tsx(263,11): error TS18046: 'stateGroup' is of type 'unknown'.
core/components/issues/issue-layouts/utils.tsx(266,37): error TS18046: 'stateGroup' is of type 'unknown'.
core/components/issues/issue-layouts/utils.tsx(276,26): error TS7006: Parameter 'priority' implicitly has an 'any' type.
core/components/issues/issue-layouts/utils.tsx(590,18): error TS2538: Type 'symbol' cannot be used as an index type.
core/components/issues/issue-layouts/utils.tsx(610,18): error TS2538: Type 'symbol' cannot be used as an index type.
core/components/issues/issue-layouts/utils.tsx(872,57): error TS7006: Parameter 'option' implicitly has an 'any' type.
core/components/issues/issue-modal/base.tsx(12,32): error TS2307: Cannot find module '@plane/i18n' or its corresponding type declarations.
core/components/issues/issue-modal/base.tsx(13,38): error TS2307: Cannot find module '@plane/propel/toast' or its corresponding type declarations.
core/components/issues/issue-modal/base.tsx(14,41): error TS2307: Cannot find module '@plane/types' or its corresponding type declarations.
core/components/issues/issue-modal/base.tsx(15,34): error TS2307: Cannot find module '@plane/types' or its corresponding type declarations.
core/components/issues/issue-modal/base.tsx(16,56): error TS2307: Cannot find module '@plane/ui' or its corresponding type declarations.
core/components/issues/issue-modal/base.tsx(170,39): error TS2339: Property 'createIssue' does not exist on type 'IModuleIssues | IArchivedIssues | IWorkspaceIssues | IProfileIssues | IProjectViewIssues | IWorkspaceDraftIssues'.
  Property 'createIssue' does not exist on type 'IArchivedIssues'.
core/components/issues/issue-modal/base.tsx(179,40): error TS2339: Property 'createIssue' does not exist on type 'IModuleIssues | IArchivedIssues | IWorkspaceIssues | IProfileIssues | IProjectViewIssues | IWorkspaceDraftIssues'.
  Property 'createIssue' does not exist on type 'IArchivedIssues'.
core/components/issues/issue-modal/base.tsx(307,30): error TS2345: Argument of type 'unknown' is not assignable to parameter of type 'string'.
core/components/issues/issue-modal/base.tsx(309,27): error TS2345: Argument of type 'unknown' is not assignable to parameter of type 'string'.
core/components/issues/issue-modal/base.tsx(328,26): error TS2722: Cannot invoke an object which is possibly 'undefined'.
core/components/issues/issue-modal/base.tsx(328,38): error TS2554: Expected 4 arguments, but got 3.
core/components/issues/issue-modal/components/default-properties.tsx(11,70): error TS2307: Cannot find module '@plane/constants' or its corresponding type declarations.
core/components/issues/issue-modal/components/default-properties.tsx(12,32): error TS2307: Cannot find module '@plane/i18n' or its corresponding type declarations.
core/components/issues/issue-modal/components/default-properties.tsx(13,36): error TS2307: Cannot find module '@plane/propel/icons' or its corresponding type declarations.
core/components/issues/issue-modal/components/default-properties.tsx(15,51): error TS2307: Cannot find module '@plane/types' or its corresponding type declarations.
core/components/issues/issue-modal/components/default-properties.tsx(17,28): error TS2307: Cannot find module '@plane/ui' or its corresponding type declarations.
core/components/issues/issue-modal/components/default-properties.tsx(18,66): error TS2307: Cannot find module '@plane/utils' or its corresponding type declarations.
core/components/issues/issue-modal/components/description-editor.tsx(13,29): error TS2307: Cannot find module '@plane/constants' or its corresponding type declarations.
core/components/issues/issue-modal/components/description-editor.tsx(14,35): error TS2307: Cannot find module '@plane/editor' or its corresponding type declarations.
core/components/issues/issue-modal/components/description-editor.tsx(15,32): error TS2307: Cannot find module '@plane/i18n' or its corresponding type declarations.
core/components/issues/issue-modal/components/description-editor.tsx(16,38): error TS2307: Cannot find module '@plane/propel/toast' or its corresponding type declarations.
core/components/issues/issue-modal/components/description-editor.tsx(17,29): error TS2307: Cannot find module '@plane/types' or its corresponding type declarations.
core/components/issues/issue-modal/components/description-editor.tsx(18,32): error TS2307: Cannot find module '@plane/types' or its corresponding type declarations.
core/components/issues/issue-modal/components/description-editor.tsx(19,24): error TS2307: Cannot find module '@plane/ui' or its corresponding type declarations.
core/components/issues/issue-modal/components/description-editor.tsx(20,60): error TS2307: Cannot find module '@plane/utils' or its corresponding type declarations.
core/components/issues/issue-modal/components/description-editor.tsx(199,31): error TS7006: Parameter 'isFocused' implicitly has an 'any' type.
core/components/issues/issue-modal/components/description-editor.tsx(199,42): error TS7006: Parameter 'description' implicitly has an 'any' type.
core/components/issues/issue-modal/components/description-editor.tsx(200,47): error TS7006: Parameter 'payload' implicitly has an 'any' type.
core/components/issues/issue-modal/components/description-editor.tsx(207,36): error TS7006: Parameter 'blockId' implicitly has an 'any' type.
core/components/issues/issue-modal/components/description-editor.tsx(207,45): error TS7006: Parameter 'file' implicitly has an 'any' type.
core/components/issues/issue-modal/components/parent-tag.tsx(11,29): error TS2307: Cannot find module '@plane/constants' or its corresponding type declarations.
core/components/issues/issue-modal/components/parent-tag.tsx(12,27): error TS2307: Cannot find module '@plane/propel/icons' or its corresponding type declarations.
core/components/issues/issue-modal/components/parent-tag.tsx(15,51): error TS2307: Cannot find module '@plane/types' or its corresponding type declarations.
core/components/issues/issue-modal/components/parent-tag.tsx(17,29): error TS2307: Cannot find module '@plane/utils' or its corresponding type declarations.
core/components/issues/issue-modal/components/project-select.tsx(12,29): error TS2307: Cannot find module '@plane/constants' or its corresponding type declarations.
core/components/issues/issue-modal/components/project-select.tsx(14,29): error TS2307: Cannot find module '@plane/types' or its corresponding type declarations.
core/components/issues/issue-modal/components/project-select.tsx(15,29): error TS2307: Cannot find module '@plane/utils' or its corresponding type declarations.
core/components/issues/issue-modal/components/title-input.tsx(12,29): error TS2307: Cannot find module '@plane/constants' or its corresponding type declarations.
core/components/issues/issue-modal/components/title-input.tsx(14,32): error TS2307: Cannot find module '@plane/i18n' or its corresponding type declarations.
core/components/issues/issue-modal/components/title-input.tsx(15,29): error TS2307: Cannot find module '@plane/types' or its corresponding type declarations.
core/components/issues/issue-modal/components/title-input.tsx(17,23): error TS2307: Cannot find module '@plane/ui' or its corresponding type declarations.
core/components/issues/issue-modal/components/title-input.tsx(19,29): error TS2307: Cannot find module '@plane/utils' or its corresponding type declarations.
core/components/issues/issue-modal/components/title-input.tsx(68,24): error TS7006: Parameter 'e' implicitly has an 'any' type.
core/components/issues/issue-modal/context/issue-modal-context.tsx(11,35): error TS2307: Cannot find module '@plane/editor' or its corresponding type declarations.
core/components/issues/issue-modal/context/issue-modal-context.tsx(12,100): error TS2307: Cannot find module '@plane/types' or its corresponding type declarations.
core/components/issues/issue-modal/draft-issue-layout.tsx(12,32): error TS2307: Cannot find module '@plane/i18n' or its corresponding type declarations.
core/components/issues/issue-modal/draft-issue-layout.tsx(13,38): error TS2307: Cannot find module '@plane/propel/toast' or its corresponding type declarations.
core/components/issues/issue-modal/draft-issue-layout.tsx(14,29): error TS2307: Cannot find module '@plane/types' or its corresponding type declarations.
core/components/issues/issue-modal/draft-issue-layout.tsx(15,35): error TS2307: Cannot find module '@plane/utils' or its corresponding type declarations.
core/components/issues/issue-modal/form.tsx(15,60): error TS2307: Cannot find module '@plane/constants' or its corresponding type declarations.
core/components/issues/issue-modal/form.tsx(16,35): error TS2307: Cannot find module '@plane/editor' or its corresponding type declarations.
core/components/issues/issue-modal/form.tsx(18,32): error TS2307: Cannot find module '@plane/i18n' or its corresponding type declarations.
core/components/issues/issue-modal/form.tsx(19,24): error TS2307: Cannot find module '@plane/propel/button' or its corresponding type declarations.
core/components/issues/issue-modal/form.tsx(20,38): error TS2307: Cannot find module '@plane/propel/toast' or its corresponding type declarations.
core/components/issues/issue-modal/form.tsx(21,51): error TS2307: Cannot find module '@plane/types' or its corresponding type declarations.
core/components/issues/issue-modal/form.tsx(23,30): error TS2307: Cannot find module '@plane/ui' or its corresponding type declarations.
core/components/issues/issue-modal/form.tsx(30,8): error TS2307: Cannot find module '@plane/utils' or its corresponding type declarations.
core/components/issues/issue-modal/modal.tsx(11,47): error TS2307: Cannot find module '@plane/types' or its corresponding type declarations.
core/components/issues/issue-modal/provider.tsx(10,51): error TS2307: Cannot find module '@plane/types' or its corresponding type declarations.
core/components/issues/issue-update-status.tsx(11,45): error TS2307: Cannot find module '@plane/types' or its corresponding type declarations.
core/components/issues/label.tsx(9,25): error TS2307: Cannot find module '@plane/propel/tooltip' or its corresponding type declarations.
core/components/issues/layout-quick-actions.tsx(8,38): error TS2307: Cannot find module '@plane/propel/toast' or its corresponding type declarations.
core/components/issues/layout-quick-actions.tsx(9,39): error TS2307: Cannot find module '@plane/ui' or its corresponding type declarations.
core/components/issues/layout-quick-actions.tsx(10,28): error TS2307: Cannot find module '@plane/ui' or its corresponding type declarations.
core/components/issues/layout-quick-actions.tsx(11,40): error TS2307: Cannot find module '@plane/utils' or its corresponding type declarations.
core/components/issues/layout-quick-actions.tsx(14,28): error TS2307: Cannot find module '@plane/propel/icon-button' or its corresponding type declarations.
core/components/issues/parent-issues-list-modal.tsx(14,32): error TS2307: Cannot find module '@plane/i18n' or its corresponding type declarations.
core/components/issues/parent-issues-list-modal.tsx(15,28): error TS2307: Cannot find module '@plane/propel/icons' or its corresponding type declarations.
core/components/issues/parent-issues-list-modal.tsx(17,43): error TS2307: Cannot find module '@plane/types' or its corresponding type declarations.
core/components/issues/parent-issues-list-modal.tsx(19,64): error TS2307: Cannot find module '@plane/ui' or its corresponding type declarations.
core/components/issues/parent-issues-list-modal.tsx(20,51): error TS2307: Cannot find module '@plane/utils' or its corresponding type declarations.
core/components/issues/parent-select-root.tsx(11,32): error TS2307: Cannot find module '@plane/i18n' or its corresponding type declarations.
core/components/issues/parent-select-root.tsx(12,38): error TS2307: Cannot find module '@plane/propel/toast' or its corresponding type declarations.
core/components/issues/peek-overview/error.tsx(8,25): error TS2307: Cannot find module '@plane/propel/tooltip' or its corresponding type declarations.
core/components/issues/peek-overview/header.tsx(12,32): error TS2307: Cannot find module '@plane/i18n' or its corresponding type declarations.
core/components/issues/peek-overview/header.tsx(13,83): error TS2307: Cannot find module '@plane/propel/icons' or its corresponding type declarations.
core/components/issues/peek-overview/header.tsx(14,38): error TS2307: Cannot find module '@plane/propel/toast' or its corresponding type declarations.
core/components/issues/peek-overview/header.tsx(15,25): error TS2307: Cannot find module '@plane/propel/tooltip' or its corresponding type declarations.
core/components/issues/peek-overview/header.tsx(16,45): error TS2307: Cannot find module '@plane/types' or its corresponding type declarations.
core/components/issues/peek-overview/header.tsx(17,34): error TS2307: Cannot find module '@plane/types' or its corresponding type declarations.
core/components/issues/peek-overview/header.tsx(18,30): error TS2307: Cannot find module '@plane/ui' or its corresponding type declarations.
core/components/issues/peek-overview/header.tsx(19,58): error TS2307: Cannot find module '@plane/utils' or its corresponding type declarations.
core/components/issues/peek-overview/header.tsx(30,28): error TS2307: Cannot find module '@plane/propel/icon-button' or its corresponding type declarations.
core/components/issues/peek-overview/issue-detail.tsx(11,35): error TS2307: Cannot find module '@plane/editor' or its corresponding type declarations.
core/components/issues/peek-overview/issue-detail.tsx(12,32): error TS2307: Cannot find module '@plane/types' or its corresponding type declarations.
core/components/issues/peek-overview/issue-detail.tsx(13,45): error TS2307: Cannot find module '@plane/types' or its corresponding type declarations.
core/components/issues/peek-overview/loader.tsx(8,25): error TS2307: Cannot find module '@plane/propel/tooltip' or its corresponding type declarations.
core/components/issues/peek-overview/loader.tsx(9,24): error TS2307: Cannot find module '@plane/ui' or its corresponding type declarations.
core/components/issues/peek-overview/properties.tsx(9,32): error TS2307: Cannot find module '@plane/i18n' or its corresponding type declarations.
core/components/issues/peek-overview/properties.tsx(23,8): error TS2307: Cannot find module '@plane/propel/icons' or its corresponding type declarations.
core/components/issues/peek-overview/properties.tsx(24,86): error TS2307: Cannot find module '@plane/utils' or its corresponding type declarations.
core/components/issues/peek-overview/root.tsx(12,57): error TS2307: Cannot find module '@plane/constants' or its corresponding type declarations.
core/components/issues/peek-overview/root.tsx(13,32): error TS2307: Cannot find module '@plane/i18n' or its corresponding type declarations.
core/components/issues/peek-overview/root.tsx(14,55): error TS2307: Cannot find module '@plane/propel/toast' or its corresponding type declarations.
core/components/issues/peek-overview/root.tsx(15,52): error TS2307: Cannot find module '@plane/types' or its corresponding type declarations.
core/components/issues/peek-overview/root.tsx(16,53): error TS2307: Cannot find module '@plane/types' or its corresponding type declarations.
core/components/issues/peek-overview/root.tsx(41,15): error TS2339: Property 'restoreIssue' does not exist on type 'IModuleIssues | IArchivedIssues | IWorkspaceIssues | IProfileIssues | IProjectViewIssues | IWorkspaceDraftIssues'.
core/components/issues/peek-overview/view.tsx(11,35): error TS2307: Cannot find module '@plane/editor' or its corresponding type declarations.
core/components/issues/peek-overview/view.tsx(12,45): error TS2307: Cannot find module '@plane/types' or its corresponding type declarations.
core/components/issues/peek-overview/view.tsx(13,35): error TS2307: Cannot find module '@plane/types' or its corresponding type declarations.
core/components/issues/peek-overview/view.tsx(14,20): error TS2307: Cannot find module '@plane/utils' or its corresponding type declarations.
core/components/issues/preview-card/date.tsx(9,60): error TS2307: Cannot find module '@plane/propel/icons' or its corresponding type declarations.
core/components/issues/preview-card/date.tsx(10,35): error TS2307: Cannot find module '@plane/types' or its corresponding type declarations.
core/components/issues/preview-card/date.tsx(11,70): error TS2307: Cannot find module '@plane/utils' or its corresponding type declarations.
core/components/issues/preview-card/root.tsx(9,46): error TS2307: Cannot find module '@plane/propel/icons' or its corresponding type declarations.
core/components/issues/preview-card/root.tsx(10,43): error TS2307: Cannot find module '@plane/types' or its corresponding type declarations.
core/components/issues/relations/issue-list-item.tsx(9,32): error TS2307: Cannot find module '@plane/i18n' or its corresponding type declarations.
core/components/issues/relations/issue-list-item.tsx(10,58): error TS2307: Cannot find module '@plane/propel/icons' or its corresponding type declarations.
core/components/issues/relations/issue-list-item.tsx(12,25): error TS2307: Cannot find module '@plane/propel/tooltip' or its corresponding type declarations.
core/components/issues/relations/issue-list-item.tsx(13,42): error TS2307: Cannot find module '@plane/types' or its corresponding type declarations.
core/components/issues/relations/issue-list-item.tsx(14,48): error TS2307: Cannot find module '@plane/types' or its corresponding type declarations.
core/components/issues/relations/issue-list-item.tsx(15,35): error TS2307: Cannot find module '@plane/types' or its corresponding type declarations.
core/components/issues/relations/issue-list-item.tsx(16,41): error TS2307: Cannot find module '@plane/ui' or its corresponding type declarations.
core/components/issues/relations/issue-list-item.tsx(17,38): error TS2307: Cannot find module '@plane/utils' or its corresponding type declarations.
core/components/issues/relations/issue-list.tsx(10,48): error TS2307: Cannot find module '@plane/types' or its corresponding type declarations.
core/components/issues/relations/issue-list.tsx(11,35): error TS2307: Cannot find module '@plane/types' or its corresponding type declarations.
core/components/issues/relations/issue-list.tsx(12,42): error TS2307: Cannot find module '@plane/types' or its corresponding type declarations.
core/components/issues/relations/properties.tsx(10,58): error TS2307: Cannot find module '@plane/types' or its corresponding type declarations.
core/components/issues/relations/properties.tsx(11,35): error TS2307: Cannot find module '@plane/types' or its corresponding type declarations.
core/components/issues/select/base.tsx(13,37): error TS2307: Cannot find module '@plane/constants' or its corresponding type declarations.
core/components/issues/select/base.tsx(15,41): error TS2307: Cannot find module '@plane/hooks' or its corresponding type declarations.
core/components/issues/select/base.tsx(16,32): error TS2307: Cannot find module '@plane/i18n' or its corresponding type declarations.
core/components/issues/select/base.tsx(17,58): error TS2307: Cannot find module '@plane/propel/icons' or its corresponding type declarations.
core/components/issues/select/base.tsx(18,34): error TS2307: Cannot find module '@plane/types' or its corresponding type declarations.
core/components/issues/select/base.tsx(19,20): error TS2307: Cannot find module '@plane/utils' or its corresponding type declarations.
core/components/issues/select/dropdown.tsx(10,39): error TS2307: Cannot find module '@plane/constants' or its corresponding type declarations.
core/components/issues/select/dropdown.tsx(11,34): error TS2307: Cannot find module '@plane/types' or its corresponding type declarations.
core/components/issues/select/dropdown.tsx(12,34): error TS2307: Cannot find module '@plane/types' or its corresponding type declarations.
core/components/issues/title-input.tsx(9,32): error TS2307: Cannot find module '@plane/i18n' or its corresponding type declarations.
core/components/issues/title-input.tsx(10,45): error TS2307: Cannot find module '@plane/types' or its corresponding type declarations.
core/components/issues/title-input.tsx(12,26): error TS2307: Cannot find module '@plane/ui' or its corresponding type declarations.
core/components/issues/title-input.tsx(14,20): error TS2307: Cannot find module '@plane/utils' or its corresponding type declarations.
core/components/issues/workspace-draft/delete-modal.tsx(9,81): error TS2307: Cannot find module '@plane/constants' or its corresponding type declarations.
core/components/issues/workspace-draft/delete-modal.tsx(10,32): error TS2307: Cannot find module '@plane/i18n' or its corresponding type declarations.
core/components/issues/workspace-draft/delete-modal.tsx(11,38): error TS2307: Cannot find module '@plane/propel/toast' or its corresponding type declarations.
core/components/issues/workspace-draft/delete-modal.tsx(12,43): error TS2307: Cannot find module '@plane/types' or its corresponding type declarations.
core/components/issues/workspace-draft/delete-modal.tsx(14,32): error TS2307: Cannot find module '@plane/ui' or its corresponding type declarations.
core/components/issues/workspace-draft/draft-issue-block.tsx(11,47): error TS2307: Cannot find module '@plane/propel/icons' or its corresponding type declarations.
core/components/issues/workspace-draft/draft-issue-block.tsx(13,25): error TS2307: Cannot find module '@plane/propel/tooltip' or its corresponding type declarations.
core/components/issues/workspace-draft/draft-issue-block.tsx(14,43): error TS2307: Cannot find module '@plane/types' or its corresponding type declarations.
core/components/issues/workspace-draft/draft-issue-block.tsx(15,34): error TS2307: Cannot find module '@plane/types' or its corresponding type declarations.
core/components/issues/workspace-draft/draft-issue-block.tsx(16,39): error TS2307: Cannot find module '@plane/ui' or its corresponding type declarations.
core/components/issues/workspace-draft/draft-issue-block.tsx(17,21): error TS2307: Cannot find module '@plane/ui' or its corresponding type declarations.
core/components/issues/workspace-draft/draft-issue-block.tsx(18,20): error TS2307: Cannot find module '@plane/utils' or its corresponding type declarations.
core/components/issues/workspace-draft/draft-issue-properties.tsx(11,60): error TS2307: Cannot find module '@plane/propel/icons' or its corresponding type declarations.
core/components/issues/workspace-draft/draft-issue-properties.tsx(13,61): error TS2307: Cannot find module '@plane/types' or its corresponding type declarations.
core/components/issues/workspace-draft/draft-issue-properties.tsx(14,82): error TS2307: Cannot find module '@plane/utils' or its corresponding type declarations.
core/components/issues/workspace-draft/draft-issue-properties.tsx(126,32): error TS7006: Parameter 'id' implicitly has an 'any' type.
core/components/issues/workspace-draft/empty-state.tsx(10,39): error TS2307: Cannot find module '@plane/constants' or its corresponding type declarations.
core/components/issues/workspace-draft/empty-state.tsx(11,32): error TS2307: Cannot find module '@plane/i18n' or its corresponding type declarations.
core/components/issues/workspace-draft/empty-state.tsx(12,36): error TS2307: Cannot find module '@plane/propel/empty-state' or its corresponding type declarations.
core/components/issues/workspace-draft/empty-state.tsx(13,55): error TS2307: Cannot find module '@plane/types' or its corresponding type declarations.
core/components/issues/workspace-draft/quick-action.tsx(8,32): error TS2307: Cannot find module '@plane/i18n' or its corresponding type declarations.
core/components/issues/workspace-draft/quick-action.tsx(10,39): error TS2307: Cannot find module '@plane/ui' or its corresponding type declarations.
core/components/issues/workspace-draft/quick-action.tsx(11,41): error TS2307: Cannot find module '@plane/ui' or its corresponding type declarations.
core/components/issues/workspace-draft/quick-action.tsx(13,20): error TS2307: Cannot find module '@plane/utils' or its corresponding type declarations.
core/components/issues/workspace-draft/root.tsx(11,66): error TS2307: Cannot find module '@plane/constants' or its corresponding type declarations.
core/components/issues/workspace-draft/root.tsx(12,32): error TS2307: Cannot find module '@plane/i18n' or its corresponding type declarations.
core/components/issues/workspace-draft/root.tsx(13,36): error TS2307: Cannot find module '@plane/propel/empty-state' or its corresponding type declarations.
core/components/issues/workspace-draft/root.tsx(14,37): error TS2307: Cannot find module '@plane/types' or its corresponding type declarations.
core/components/issues/workspace-draft/root.tsx(16,20): error TS2307: Cannot find module '@plane/utils' or its corresponding type declarations.
core/components/labels/create-update-label-inline.tsx(14,58): error TS2307: Cannot find module '@plane/constants' or its corresponding type declarations.
core/components/labels/create-update-label-inline.tsx(15,32): error TS2307: Cannot find module '@plane/i18n' or its corresponding type declarations.
core/components/labels/create-update-label-inline.tsx(16,24): error TS2307: Cannot find module '@plane/propel/button' or its corresponding type declarations.
core/components/labels/create-update-label-inline.tsx(17,38): error TS2307: Cannot find module '@plane/propel/toast' or its corresponding type declarations.
core/components/labels/create-update-label-inline.tsx(18,34): error TS2307: Cannot find module '@plane/types' or its corresponding type declarations.
core/components/labels/create-update-label-inline.tsx(19,23): error TS2307: Cannot find module '@plane/ui' or its corresponding type declarations.
core/components/labels/create-update-label-inline.tsx(242,23): error TS7006: Parameter 'e' implicitly has an 'any' type.
core/components/labels/delete-label-modal.tsx(11,38): error TS2307: Cannot find module '@plane/propel/toast' or its corresponding type declarations.
core/components/labels/delete-label-modal.tsx(12,34): error TS2307: Cannot find module '@plane/types' or its corresponding type declarations.
core/components/labels/delete-label-modal.tsx(14,32): error TS2307: Cannot find module '@plane/ui' or its corresponding type declarations.
core/components/labels/label-block/label-item-block.tsx(11,51): error TS2307: Cannot find module '@plane/constants' or its corresponding type declarations.
core/components/labels/label-block/label-item-block.tsx(12,41): error TS2307: Cannot find module '@plane/hooks' or its corresponding type declarations.
core/components/labels/label-block/label-item-block.tsx(13,32): error TS2307: Cannot find module '@plane/propel/icons' or its corresponding type declarations.
core/components/labels/label-block/label-item-block.tsx(14,27): error TS2307: Cannot find module '@plane/propel/icons' or its corresponding type declarations.
core/components/labels/label-block/label-item-block.tsx(16,34): error TS2307: Cannot find module '@plane/types' or its corresponding type declarations.
core/components/labels/label-block/label-item-block.tsx(18,40): error TS2307: Cannot find module '@plane/ui' or its corresponding type declarations.
core/components/labels/label-block/label-item-block.tsx(20,20): error TS2307: Cannot find module '@plane/utils' or its corresponding type declarations.
core/components/labels/label-drag-n-drop-HOC.tsx(17,57): error TS2307: Cannot find module '@plane/constants' or its corresponding type declarations.
core/components/labels/label-drag-n-drop-HOC.tsx(18,51): error TS2307: Cannot find module '@plane/types' or its corresponding type declarations.
core/components/labels/label-drag-n-drop-HOC.tsx(20,31): error TS2307: Cannot find module '@plane/ui' or its corresponding type declarations.
core/components/labels/label-utils.ts(8,91): error TS2307: Cannot find module '@plane/types' or its corresponding type declarations.
core/components/labels/project-setting-label-group.tsx(12,54): error TS2307: Cannot find module '@plane/propel/icons' or its corresponding type declarations.
core/components/labels/project-setting-label-group.tsx(13,34): error TS2307: Cannot find module '@plane/types' or its corresponding type declarations.
core/components/labels/project-setting-label-item.tsx(10,37): error TS2307: Cannot find module '@plane/propel/icons' or its corresponding type declarations.
core/components/labels/project-setting-label-item.tsx(12,34): error TS2307: Cannot find module '@plane/types' or its corresponding type declarations.
core/components/labels/project-setting-label-list.tsx(11,57): error TS2307: Cannot find module '@plane/constants' or its corresponding type declarations.
core/components/labels/project-setting-label-list.tsx(12,32): error TS2307: Cannot find module '@plane/i18n' or its corresponding type declarations.
core/components/labels/project-setting-label-list.tsx(13,24): error TS2307: Cannot find module '@plane/propel/button' or its corresponding type declarations.
core/components/labels/project-setting-label-list.tsx(14,35): error TS2307: Cannot find module '@plane/propel/empty-state' or its corresponding type declarations.
core/components/labels/project-setting-label-list.tsx(15,34): error TS2307: Cannot find module '@plane/types' or its corresponding type declarations.
core/components/labels/project-setting-label-list.tsx(16,24): error TS2307: Cannot find module '@plane/ui' or its corresponding type declarations.
core/components/license/modal/card/base-paid-plan-card.tsx(13,86): error TS2307: Cannot find module '@plane/types' or its corresponding type declarations.
core/components/license/modal/card/base-paid-plan-card.tsx(14,66): error TS2307: Cannot find module '@plane/utils' or its corresponding type declarations.
core/components/license/modal/card/checkout-button.tsx(9,24): error TS2307: Cannot find module '@plane/propel/button' or its corresponding type declarations.
core/components/license/modal/card/checkout-button.tsx(10,84): error TS2307: Cannot find module '@plane/types' or its corresponding type declarations.
core/components/license/modal/card/checkout-button.tsx(11,24): error TS2307: Cannot find module '@plane/ui' or its corresponding type declarations.
core/components/license/modal/card/discount-info.tsx(9,40): error TS2307: Cannot find module '@plane/types' or its corresponding type declarations.
core/components/license/modal/card/discount-info.tsx(10,42): error TS2307: Cannot find module '@plane/types' or its corresponding type declarations.
core/components/license/modal/card/discount-info.tsx(11,20): error TS2307: Cannot find module '@plane/utils' or its corresponding type declarations.
core/components/license/modal/card/free-plan.tsx(10,44): error TS2307: Cannot find module '@plane/constants' or its corresponding type declarations.
core/components/license/modal/card/free-plan.tsx(12,20): error TS2307: Cannot find module '@plane/utils' or its corresponding type declarations.
core/components/license/modal/card/free-plan.tsx(35,44): error TS7006: Parameter 'feature' implicitly has an 'any' type.
core/components/license/modal/card/plan-upgrade.tsx(9,35): error TS2307: Cannot find module '@plane/constants' or its corresponding type declarations.
core/components/license/modal/card/plan-upgrade.tsx(10,84): error TS2307: Cannot find module '@plane/types' or its corresponding type declarations.
core/components/license/modal/card/plan-upgrade.tsx(11,91): error TS2307: Cannot find module '@plane/utils' or its corresponding type declarations.
core/components/license/modal/card/talk-to-sales.tsx(10,34): error TS2307: Cannot find module '@plane/propel/button' or its corresponding type declarations.
core/components/license/modal/card/talk-to-sales.tsx(11,84): error TS2307: Cannot find module '@plane/types' or its corresponding type declarations.
core/components/license/modal/card/talk-to-sales.tsx(12,24): error TS2307: Cannot find module '@plane/ui' or its corresponding type declarations.
core/components/license/modal/card/talk-to-sales.tsx(13,20): error TS2307: Cannot find module '@plane/utils' or its corresponding type declarations.
core/components/license/modal/upgrade-modal.tsx(17,8): error TS2307: Cannot find module '@plane/constants' or its corresponding type declarations.
core/components/license/modal/upgrade-modal.tsx(18,42): error TS2307: Cannot find module '@plane/types' or its corresponding type declarations.
core/components/license/modal/upgrade-modal.tsx(19,40): error TS2307: Cannot find module '@plane/ui' or its corresponding type declarations.
core/components/license/modal/upgrade-modal.tsx(20,20): error TS2307: Cannot find module '@plane/utils' or its corresponding type declarations.
core/components/license/modal/upgrade-modal.tsx(44,40): error TS7006: Parameter 'price' implicitly has an 'any' type.
core/components/modals/work-item-level.tsx(10,29): error TS2307: Cannot find module '@plane/types' or its corresponding type declarations.
core/components/modals/work-item-level.tsx(11,53): error TS2307: Cannot find module '@plane/types' or its corresponding type declarations.
core/components/modules/analytics-sidebar/issue-progress.tsx(12,33): error TS2307: Cannot find module '@plane/constants' or its corresponding type declarations.
core/components/modules/analytics-sidebar/issue-progress.tsx(13,32): error TS2307: Cannot find module '@plane/i18n' or its corresponding type declarations.
core/components/modules/analytics-sidebar/issue-progress.tsx(14,48): error TS2307: Cannot find module '@plane/propel/icons' or its corresponding type declarations.
core/components/modules/analytics-sidebar/issue-progress.tsx(15,38): error TS2307: Cannot find module '@plane/types' or its corresponding type declarations.
core/components/modules/analytics-sidebar/issue-progress.tsx(16,34): error TS2307: Cannot find module '@plane/types' or its corresponding type declarations.
core/components/modules/analytics-sidebar/issue-progress.tsx(17,39): error TS2307: Cannot find module '@plane/ui' or its corresponding type declarations.
core/components/modules/analytics-sidebar/issue-progress.tsx(21,25): error TS2307: Cannot find module '@plane/utils' or its corresponding type declarations.
core/components/modules/analytics-sidebar/progress-stats.tsx(9,32): error TS2307: Cannot find module '@plane/i18n' or its corresponding type declarations.
core/components/modules/analytics-sidebar/progress-stats.tsx(10,47): error TS2307: Cannot find module '@plane/shared-state' or its corresponding type declarations.
core/components/modules/analytics-sidebar/progress-stats.tsx(11,88): error TS2307: Cannot find module '@plane/types' or its corresponding type declarations.
core/components/modules/analytics-sidebar/progress-stats.tsx(12,35): error TS2307: Cannot find module '@plane/utils' or its corresponding type declarations.
core/components/modules/analytics-sidebar/progress-stats.tsx(70,53): error TS7006: Parameter 'assignee' implicitly has an 'any' type.
core/components/modules/analytics-sidebar/progress-stats.tsx(77,61): error TS7006: Parameter 'assignee' implicitly has an 'any' type.
core/components/modules/analytics-sidebar/progress-stats.tsx(87,50): error TS7006: Parameter 'label' implicitly has an 'any' type.
core/components/modules/analytics-sidebar/progress-stats.tsx(94,58): error TS7006: Parameter 'label' implicitly has an 'any' type.
core/components/modules/analytics-sidebar/root.tsx(13,89): error TS2307: Cannot find module '@plane/constants' or its corresponding type declarations.
core/components/modules/analytics-sidebar/root.tsx(15,32): error TS2307: Cannot find module '@plane/i18n' or its corresponding type declarations.
core/components/modules/analytics-sidebar/root.tsx(24,8): error TS2307: Cannot find module '@plane/propel/icons' or its corresponding type declarations.
core/components/modules/analytics-sidebar/root.tsx(25,38): error TS2307: Cannot find module '@plane/propel/toast' or its corresponding type declarations.
core/components/modules/analytics-sidebar/root.tsx(26,56): error TS2307: Cannot find module '@plane/types' or its corresponding type declarations.
core/components/modules/analytics-sidebar/root.tsx(28,48): error TS2307: Cannot find module '@plane/ui' or its corresponding type declarations.
core/components/modules/analytics-sidebar/root.tsx(31,53): error TS2307: Cannot find module '@plane/utils' or its corresponding type declarations.
core/components/modules/analytics-sidebar/root.tsx(154,44): error TS7006: Parameter 'status' implicitly has an 'any' type.
core/components/modules/analytics-sidebar/root.tsx(223,39): error TS7006: Parameter 'status' implicitly has an 'any' type.
core/components/modules/applied-filters/date.tsx(9,43): error TS2307: Cannot find module '@plane/constants' or its corresponding type declarations.
core/components/modules/applied-filters/date.tsx(10,27): error TS2307: Cannot find module '@plane/propel/icons' or its corresponding type declarations.
core/components/modules/applied-filters/date.tsx(11,60): error TS2307: Cannot find module '@plane/utils' or its corresponding type declarations.
core/components/modules/applied-filters/date.tsx(27,57): error TS7006: Parameter 'd' implicitly has an 'any' type.
core/components/modules/applied-filters/members.tsx(8,27): error TS2307: Cannot find module '@plane/propel/icons' or its corresponding type declarations.
core/components/modules/applied-filters/members.tsx(10,24): error TS2307: Cannot find module '@plane/ui' or its corresponding type declarations.
core/components/modules/applied-filters/members.tsx(12,28): error TS2307: Cannot find module '@plane/utils' or its corresponding type declarations.
core/components/modules/applied-filters/root.tsx(7,32): error TS2307: Cannot find module '@plane/i18n' or its corresponding type declarations.
core/components/modules/applied-filters/root.tsx(8,27): error TS2307: Cannot find module '@plane/propel/icons' or its corresponding type declarations.
core/components/modules/applied-filters/root.tsx(9,60): error TS2307: Cannot find module '@plane/types' or its corresponding type declarations.
core/components/modules/applied-filters/root.tsx(11,45): error TS2307: Cannot find module '@plane/ui' or its corresponding type declarations.
core/components/modules/applied-filters/root.tsx(12,46): error TS2307: Cannot find module '@plane/utils' or its corresponding type declarations.
core/components/modules/applied-filters/root.tsx(64,21): error TS2740: Type '{}' is missing the following properties from type 'string[]': length, pop, push, concat, and 29 more.
core/components/modules/applied-filters/root.tsx(67,40): error TS2345: Argument of type 'string | number | symbol' is not assignable to parameter of type 'string'.
  Type 'number' is not assignable to type 'string'.
core/components/modules/applied-filters/root.tsx(71,21): error TS2740: Type '{}' is missing the following properties from type 'string[]': length, pop, push, concat, and 29 more.
core/components/modules/applied-filters/root.tsx(74,43): error TS2345: Argument of type 'string | number | symbol' is not assignable to parameter of type 'string'.
  Type 'number' is not assignable to type 'string'.
core/components/modules/applied-filters/root.tsx(78,21): error TS2740: Type '{}' is missing the following properties from type 'string[]': length, pop, push, concat, and 29 more.
core/components/modules/applied-filters/status.tsx(9,31): error TS2307: Cannot find module '@plane/constants' or its corresponding type declarations.
core/components/modules/applied-filters/status.tsx(10,32): error TS2307: Cannot find module '@plane/i18n' or its corresponding type declarations.
core/components/modules/applied-filters/status.tsx(11,45): error TS2307: Cannot find module '@plane/propel/icons' or its corresponding type declarations.
core/components/modules/applied-filters/status.tsx(27,52): error TS7006: Parameter 's' implicitly has an 'any' type.
core/components/modules/archived-modules/header.tsx(12,41): error TS2307: Cannot find module '@plane/hooks' or its corresponding type declarations.
core/components/modules/archived-modules/header.tsx(13,39): error TS2307: Cannot find module '@plane/propel/icons' or its corresponding type declarations.
core/components/modules/archived-modules/header.tsx(16,37): error TS2307: Cannot find module '@plane/types' or its corresponding type declarations.
core/components/modules/archived-modules/header.tsx(17,43): error TS2307: Cannot find module '@plane/utils' or its corresponding type declarations.
core/components/modules/archived-modules/modal.tsx(9,24): error TS2307: Cannot find module '@plane/propel/button' or its corresponding type declarations.
core/components/modules/archived-modules/modal.tsx(10,38): error TS2307: Cannot find module '@plane/propel/toast' or its corresponding type declarations.
core/components/modules/archived-modules/modal.tsx(11,56): error TS2307: Cannot find module '@plane/ui' or its corresponding type declarations.
core/components/modules/archived-modules/root.tsx(12,32): error TS2307: Cannot find module '@plane/i18n' or its corresponding type declarations.
core/components/modules/archived-modules/root.tsx(13,36): error TS2307: Cannot find module '@plane/propel/empty-state' or its corresponding type declarations.
core/components/modules/archived-modules/root.tsx(14,37): error TS2307: Cannot find module '@plane/types' or its corresponding type declarations.
core/components/modules/archived-modules/root.tsx(16,39): error TS2307: Cannot find module '@plane/utils' or its corresponding type declarations.
core/components/modules/archived-modules/root.tsx(51,42): error TS7006: Parameter 'val' implicitly has an 'any' type.
core/components/modules/delete-module-modal.tsx(11,40): error TS2307: Cannot find module '@plane/constants' or its corresponding type declarations.
core/components/modules/delete-module-modal.tsx(12,32): error TS2307: Cannot find module '@plane/i18n' or its corresponding type declarations.
core/components/modules/delete-module-modal.tsx(13,38): error TS2307: Cannot find module '@plane/propel/toast' or its corresponding type declarations.
core/components/modules/delete-module-modal.tsx(14,30): error TS2307: Cannot find module '@plane/types' or its corresponding type declarations.
core/components/modules/delete-module-modal.tsx(16,32): error TS2307: Cannot find module '@plane/ui' or its corresponding type declarations.
core/components/modules/dropdowns/filters/lead.tsx(11,32): error TS2307: Cannot find module '@plane/ui' or its corresponding type declarations.
core/components/modules/dropdowns/filters/lead.tsx(13,28): error TS2307: Cannot find module '@plane/utils' or its corresponding type declarations.
core/components/modules/dropdowns/filters/members.tsx(11,32): error TS2307: Cannot find module '@plane/ui' or its corresponding type declarations.
core/components/modules/dropdowns/filters/members.tsx(13,28): error TS2307: Cannot find module '@plane/utils' or its corresponding type declarations.
core/components/modules/dropdowns/filters/root.tsx(9,36): error TS2307: Cannot find module '@plane/propel/icons' or its corresponding type declarations.
core/components/modules/dropdowns/filters/root.tsx(11,39): error TS2307: Cannot find module '@plane/propel/icons' or its corresponding type declarations.
core/components/modules/dropdowns/filters/root.tsx(12,60): error TS2307: Cannot find module '@plane/types' or its corresponding type declarations.
core/components/modules/dropdowns/filters/start-date.tsx(10,43): error TS2307: Cannot find module '@plane/constants' or its corresponding type declarations.
core/components/modules/dropdowns/filters/start-date.tsx(12,32): error TS2307: Cannot find module '@plane/utils' or its corresponding type declarations.
core/components/modules/dropdowns/filters/start-date.tsx(32,61): error TS7006: Parameter 'd' implicitly has an 'any' type.
core/components/modules/dropdowns/filters/start-date.tsx(66,37): error TS7006: Parameter 'option' implicitly has an 'any' type.
core/components/modules/dropdowns/filters/status.tsx(9,31): error TS2307: Cannot find module '@plane/constants' or its corresponding type declarations.
core/components/modules/dropdowns/filters/status.tsx(10,32): error TS2307: Cannot find module '@plane/i18n' or its corresponding type declarations.
core/components/modules/dropdowns/filters/status.tsx(11,34): error TS2307: Cannot find module '@plane/propel/icons' or its corresponding type declarations.
core/components/modules/dropdowns/filters/status.tsx(12,36): error TS2307: Cannot find module '@plane/types' or its corresponding type declarations.
core/components/modules/dropdowns/filters/status.tsx(28,49): error TS7006: Parameter 'p' implicitly has an 'any' type.
core/components/modules/dropdowns/filters/status.tsx(41,34): error TS7006: Parameter 'status' implicitly has an 'any' type.
core/components/modules/dropdowns/filters/target-date.tsx(10,43): error TS2307: Cannot find module '@plane/constants' or its corresponding type declarations.
core/components/modules/dropdowns/filters/target-date.tsx(12,32): error TS2307: Cannot find module '@plane/utils' or its corresponding type declarations.
core/components/modules/dropdowns/filters/target-date.tsx(31,61): error TS7006: Parameter 'd' implicitly has an 'any' type.
core/components/modules/dropdowns/filters/target-date.tsx(65,37): error TS7006: Parameter 'option' implicitly has an 'any' type.
core/components/modules/dropdowns/order-by.tsx(8,41): error TS2307: Cannot find module '@plane/constants' or its corresponding type declarations.
core/components/modules/dropdowns/order-by.tsx(9,32): error TS2307: Cannot find module '@plane/i18n' or its corresponding type declarations.
core/components/modules/dropdowns/order-by.tsx(10,34): error TS2307: Cannot find module '@plane/propel/button' or its corresponding type declarations.
core/components/modules/dropdowns/order-by.tsx(11,44): error TS2307: Cannot find module '@plane/propel/icons' or its corresponding type declarations.
core/components/modules/dropdowns/order-by.tsx(12,44): error TS2307: Cannot find module '@plane/types' or its corresponding type declarations.
core/components/modules/dropdowns/order-by.tsx(14,28): error TS2307: Cannot find module '@plane/ui' or its corresponding type declarations.
core/components/modules/dropdowns/order-by.tsx(16,20): error TS2307: Cannot find module '@plane/utils' or its corresponding type declarations.
core/components/modules/dropdowns/order-by.tsx(30,56): error TS7006: Parameter 'option' implicitly has an 'any' type.
core/components/modules/dropdowns/order-by.tsx(48,37): error TS7006: Parameter 'option' implicitly has an 'any' type.
core/components/modules/form.tsx(10,29): error TS2307: Cannot find module '@plane/constants' or its corresponding type declarations.
core/components/modules/form.tsx(11,32): error TS2307: Cannot find module '@plane/i18n' or its corresponding type declarations.
core/components/modules/form.tsx(12,24): error TS2307: Cannot find module '@plane/propel/button' or its corresponding type declarations.
core/components/modules/form.tsx(13,30): error TS2307: Cannot find module '@plane/types' or its corresponding type declarations.
core/components/modules/form.tsx(15,33): error TS2307: Cannot find module '@plane/ui' or its corresponding type declarations.
core/components/modules/form.tsx(16,66): error TS2307: Cannot find module '@plane/utils' or its corresponding type declarations.
core/components/modules/gantt-chart/blocks.tsx(11,31): error TS2307: Cannot find module '@plane/constants' or its corresponding type declarations.
core/components/modules/gantt-chart/blocks.tsx(12,34): error TS2307: Cannot find module '@plane/propel/icons' or its corresponding type declarations.
core/components/modules/gantt-chart/blocks.tsx(13,25): error TS2307: Cannot find module '@plane/propel/tooltip' or its corresponding type declarations.
core/components/modules/gantt-chart/blocks.tsx(41,25): error TS7006: Parameter 's' implicitly has an 'any' type.
core/components/modules/gantt-chart/modules-list-layout.tsx(10,37): error TS2307: Cannot find module '@plane/types' or its corresponding type declarations.
core/components/modules/gantt-chart/modules-list-layout.tsx(11,76): error TS2307: Cannot find module '@plane/types' or its corresponding type declarations.
core/components/modules/links/create-update-modal.tsx(10,24): error TS2307: Cannot find module '@plane/propel/button' or its corresponding type declarations.
core/components/modules/links/create-update-modal.tsx(11,38): error TS2307: Cannot find module '@plane/propel/toast' or its corresponding type declarations.
core/components/modules/links/create-update-modal.tsx(12,47): error TS2307: Cannot find module '@plane/types' or its corresponding type declarations.
core/components/modules/links/create-update-modal.tsx(14,34): error TS2307: Cannot find module '@plane/ui' or its corresponding type declarations.
core/components/modules/links/list-item.tsx(9,41): error TS2307: Cannot find module '@plane/constants' or its corresponding type declarations.
core/components/modules/links/list-item.tsx(10,47): error TS2307: Cannot find module '@plane/propel/icons' or its corresponding type declarations.
core/components/modules/links/list-item.tsx(12,38): error TS2307: Cannot find module '@plane/propel/toast' or its corresponding type declarations.
core/components/modules/links/list-item.tsx(13,25): error TS2307: Cannot find module '@plane/propel/tooltip' or its corresponding type declarations.
core/components/modules/links/list-item.tsx(14,35): error TS2307: Cannot find module '@plane/types' or its corresponding type declarations.
core/components/modules/links/list-item.tsx(16,71): error TS2307: Cannot find module '@plane/utils' or its corresponding type declarations.
core/components/modules/links/list.tsx(10,35): error TS2307: Cannot find module '@plane/types' or its corresponding type declarations.
core/components/modules/links/list.tsx(38,25): error TS7006: Parameter 'link' implicitly has an 'any' type.
core/components/modules/modal.tsx(11,38): error TS2307: Cannot find module '@plane/propel/toast' or its corresponding type declarations.
core/components/modules/modal.tsx(12,30): error TS2307: Cannot find module '@plane/types' or its corresponding type declarations.
core/components/modules/modal.tsx(13,56): error TS2307: Cannot find module '@plane/ui' or its corresponding type declarations.
core/components/modules/module-card-item.tsx(20,8): error TS2307: Cannot find module '@plane/constants' or its corresponding type declarations.
core/components/modules/module-card-item.tsx(21,33): error TS2307: Cannot find module '@plane/hooks' or its corresponding type declarations.
core/components/modules/module-card-item.tsx(22,31): error TS2307: Cannot find module '@plane/propel/icons' or its corresponding type declarations.
core/components/modules/module-card-item.tsx(23,55): error TS2307: Cannot find module '@plane/propel/toast' or its corresponding type declarations.
core/components/modules/module-card-item.tsx(24,25): error TS2307: Cannot find module '@plane/propel/tooltip' or its corresponding type declarations.
core/components/modules/module-card-item.tsx(25,30): error TS2307: Cannot find module '@plane/types' or its corresponding type declarations.
core/components/modules/module-card-item.tsx(26,61): error TS2307: Cannot find module '@plane/ui' or its corresponding type declarations.
core/components/modules/module-card-item.tsx(27,74): error TS2307: Cannot find module '@plane/utils' or its corresponding type declarations.
core/components/modules/module-card-item.tsx(167,44): error TS7006: Parameter 'status' implicitly has an 'any' type.
core/components/modules/module-card-item.tsx(179,68): error TS7006: Parameter 'group' implicitly has an 'any' type.
core/components/modules/module-card-item.tsx(179,75): error TS7006: Parameter 'index' implicitly has an 'any' type.
core/components/modules/module-card-item.tsx(255,23): error TS7006: Parameter 'e' implicitly has an 'any' type.
core/components/modules/module-layout-icon.tsx(8,68): error TS2307: Cannot find module '@plane/propel/icons' or its corresponding type declarations.
core/components/modules/module-layout-icon.tsx(9,43): error TS2307: Cannot find module '@plane/types' or its corresponding type declarations.
core/components/modules/module-layout-icon.tsx(10,20): error TS2307: Cannot find module '@plane/utils' or its corresponding type declarations.
core/components/modules/module-layout-icon.tsx(29,16): error TS7053: Element implicitly has an 'any' type because expression of type 'any' can't be used to index type '{ list: any; board: any; gantt: any; }'.
core/components/modules/module-list-item-action.tsx(12,95): error TS2307: Cannot find module '@plane/constants' or its corresponding type declarations.
core/components/modules/module-list-item-action.tsx(13,33): error TS2307: Cannot find module '@plane/hooks' or its corresponding type declarations.
core/components/modules/module-list-item-action.tsx(14,32): error TS2307: Cannot find module '@plane/i18n' or its corresponding type declarations.
core/components/modules/module-list-item-action.tsx(15,55): error TS2307: Cannot find module '@plane/propel/toast' or its corresponding type declarations.
core/components/modules/module-list-item-action.tsx(16,25): error TS2307: Cannot find module '@plane/propel/tooltip' or its corresponding type declarations.
core/components/modules/module-list-item-action.tsx(17,30): error TS2307: Cannot find module '@plane/types' or its corresponding type declarations.
core/components/modules/module-list-item-action.tsx(18,30): error TS2307: Cannot find module '@plane/ui' or its corresponding type declarations.
core/components/modules/module-list-item-action.tsx(19,53): error TS2307: Cannot find module '@plane/utils' or its corresponding type declarations.
core/components/modules/module-list-item-action.tsx(51,44): error TS7006: Parameter 'status' implicitly has an 'any' type.
core/components/modules/module-list-item-action.tsx(176,21): error TS7006: Parameter 'e' implicitly has an 'any' type.
core/components/modules/module-list-item.tsx(12,27): error TS2307: Cannot find module '@plane/propel/icons' or its corresponding type declarations.
core/components/modules/module-list-item.tsx(14,43): error TS2307: Cannot find module '@plane/ui' or its corresponding type declarations.
core/components/modules/module-list-item.tsx(16,37): error TS2307: Cannot find module '@plane/utils' or its corresponding type declarations.
core/components/modules/module-peek-overview.tsx(11,37): error TS2307: Cannot find module '@plane/utils' or its corresponding type declarations.
core/components/modules/module-status-dropdown.tsx(9,31): error TS2307: Cannot find module '@plane/constants' or its corresponding type declarations.
core/components/modules/module-status-dropdown.tsx(10,32): error TS2307: Cannot find module '@plane/i18n' or its corresponding type declarations.
core/components/modules/module-status-dropdown.tsx(11,36): error TS2307: Cannot find module '@plane/propel/icons' or its corresponding type declarations.
core/components/modules/module-status-dropdown.tsx(12,34): error TS2307: Cannot find module '@plane/propel/icons' or its corresponding type declarations.
core/components/modules/module-status-dropdown.tsx(13,30): error TS2307: Cannot find module '@plane/types' or its corresponding type declarations.
core/components/modules/module-status-dropdown.tsx(14,30): error TS2307: Cannot find module '@plane/ui' or its corresponding type declarations.
core/components/modules/module-status-dropdown.tsx(25,44): error TS7006: Parameter 'status' implicitly has an 'any' type.
core/components/modules/module-status-dropdown.tsx(50,27): error TS7006: Parameter 'status' implicitly has an 'any' type.
core/components/modules/module-view-header.tsx(12,37): error TS2307: Cannot find module '@plane/constants' or its corresponding type declarations.
core/components/modules/module-view-header.tsx(13,41): error TS2307: Cannot find module '@plane/hooks' or its corresponding type declarations.
core/components/modules/module-view-header.tsx(15,32): error TS2307: Cannot find module '@plane/i18n' or its corresponding type declarations.
core/components/modules/module-view-header.tsx(16,39): error TS2307: Cannot find module '@plane/propel/icons' or its corresponding type declarations.
core/components/modules/module-view-header.tsx(17,25): error TS2307: Cannot find module '@plane/propel/tooltip' or its corresponding type declarations.
core/components/modules/module-view-header.tsx(18,37): error TS2307: Cannot find module '@plane/types' or its corresponding type declarations.
core/components/modules/module-view-header.tsx(20,43): error TS2307: Cannot find module '@plane/utils' or its corresponding type declarations.
core/components/modules/module-view-header.tsx(32,28): error TS2307: Cannot find module '@plane/propel/icon-button' or its corresponding type declarations.
core/components/modules/module-view-header.tsx(174,35): error TS7006: Parameter 'layout' implicitly has an 'any' type.
core/components/modules/modules-list-view.tsx(10,64): error TS2307: Cannot find module '@plane/constants' or its corresponding type declarations.
core/components/modules/modules-list-view.tsx(11,32): error TS2307: Cannot find module '@plane/i18n' or its corresponding type declarations.
core/components/modules/modules-list-view.tsx(12,36): error TS2307: Cannot find module '@plane/propel/empty-state' or its corresponding type declarations.
core/components/modules/modules-list-view.tsx(13,35): error TS2307: Cannot find module '@plane/types' or its corresponding type declarations.
core/components/modules/modules-list-view.tsx(14,50): error TS2307: Cannot find module '@plane/ui' or its corresponding type declarations.
core/components/modules/quick-actions.tsx(11,57): error TS2307: Cannot find module '@plane/constants' or its corresponding type declarations.
core/components/modules/quick-actions.tsx(12,28): error TS2307: Cannot find module '@plane/propel/icon-button' or its corresponding type declarations.
core/components/modules/quick-actions.tsx(13,38): error TS2307: Cannot find module '@plane/propel/toast' or its corresponding type declarations.
core/components/modules/quick-actions.tsx(14,39): error TS2307: Cannot find module '@plane/ui' or its corresponding type declarations.
core/components/modules/quick-actions.tsx(15,41): error TS2307: Cannot find module '@plane/ui' or its corresponding type declarations.
core/components/modules/quick-actions.tsx(16,40): error TS2307: Cannot find module '@plane/utils' or its corresponding type declarations.
core/components/modules/select/status.tsx(12,31): error TS2307: Cannot find module '@plane/constants' or its corresponding type declarations.
core/components/modules/select/status.tsx(13,32): error TS2307: Cannot find module '@plane/i18n' or its corresponding type declarations.
core/components/modules/select/status.tsx(14,53): error TS2307: Cannot find module '@plane/propel/icons' or its corresponding type declarations.
core/components/modules/select/status.tsx(15,30): error TS2307: Cannot find module '@plane/types' or its corresponding type declarations.
core/components/modules/select/status.tsx(17,30): error TS2307: Cannot find module '@plane/ui' or its corresponding type declarations.
core/components/modules/select/status.tsx(35,51): error TS7006: Parameter 's' implicitly has an 'any' type.
core/components/modules/select/status.tsx(57,33): error TS7006: Parameter 'status' implicitly has an 'any' type.
core/components/modules/sidebar-select/select-status.tsx(12,31): error TS2307: Cannot find module '@plane/constants' or its corresponding type declarations.
core/components/modules/sidebar-select/select-status.tsx(13,32): error TS2307: Cannot find module '@plane/i18n' or its corresponding type declarations.
core/components/modules/sidebar-select/select-status.tsx(14,35): error TS2307: Cannot find module '@plane/propel/icons' or its corresponding type declarations.
core/components/modules/sidebar-select/select-status.tsx(15,30): error TS2307: Cannot find module '@plane/types' or its corresponding type declarations.
core/components/modules/sidebar-select/select-status.tsx(17,30): error TS2307: Cannot find module '@plane/ui' or its corresponding type declarations.
core/components/modules/sidebar-select/select-status.tsx(47,61): error TS7006: Parameter 'option' implicitly has an 'any' type.
core/components/modules/sidebar-select/select-status.tsx(58,35): error TS7006: Parameter 'option' implicitly has an 'any' type.
core/components/navigation/app-rail-hoc.tsx(11,30): error TS2307: Cannot find module '@plane/propel/icons' or its corresponding type declarations.
core/components/navigation/app-rail-root.tsx(11,29): error TS2307: Cannot find module '@plane/propel/context-menu' or its corresponding type declarations.
core/components/navigation/app-rail-root.tsx(12,27): error TS2307: Cannot find module '@plane/propel/icons' or its corresponding type declarations.
core/components/navigation/app-rail-root.tsx(13,20): error TS2307: Cannot find module '@plane/utils' or its corresponding type declarations.
core/components/navigation/customize-navigation-dialog.tsx(12,89): error TS2307: Cannot find module '@plane/constants' or its corresponding type declarations.
core/components/navigation/customize-navigation-dialog.tsx(13,32): error TS2307: Cannot find module '@plane/i18n' or its corresponding type declarations.
core/components/navigation/customize-navigation-dialog.tsx(14,76): error TS2307: Cannot find module '@plane/ui' or its corresponding type declarations.
core/components/navigation/customize-navigation-dialog.tsx(15,20): error TS2307: Cannot find module '@plane/utils' or its corresponding type declarations.
core/components/navigation/customize-navigation-dialog.tsx(26,49): error TS2307: Cannot find module '@plane/types' or its corresponding type declarations.
core/components/navigation/customize-navigation-dialog.tsx(82,76): error TS7006: Parameter 'item' implicitly has an 'any' type.
core/components/navigation/customize-navigation-dialog.tsx(90,13): error TS7006: Parameter 'item' implicitly has an 'any' type.
core/components/navigation/customize-navigation-dialog.tsx(105,24): error TS7006: Parameter 'a' implicitly has an 'any' type.
core/components/navigation/customize-navigation-dialog.tsx(105,27): error TS7006: Parameter 'b' implicitly has an 'any' type.
core/components/navigation/customize-navigation-dialog.tsx(213,32): error TS7006: Parameter 'item' implicitly has an 'any' type.
core/components/navigation/customize-navigation-dialog.tsx(215,26): error TS7006: Parameter 'item' implicitly has an 'any' type.
core/components/navigation/customize-navigation-dialog.tsx(220,34): error TS7006: Parameter 'e' implicitly has an 'any' type.
core/components/navigation/customize-navigation-dialog.tsx(242,32): error TS7006: Parameter 'item' implicitly has an 'any' type.
core/components/navigation/customize-navigation-dialog.tsx(244,26): error TS7006: Parameter 'item' implicitly has an 'any' type.
core/components/navigation/customize-navigation-dialog.tsx(251,36): error TS7006: Parameter 'e' implicitly has an 'any' type.
core/components/navigation/customize-navigation-dialog.tsx(314,34): error TS7006: Parameter 'e' implicitly has an 'any' type.
core/components/navigation/project-actions-menu.tsx(11,41): error TS2307: Cannot find module '@plane/constants' or its corresponding type declarations.
core/components/navigation/project-actions-menu.tsx(12,32): error TS2307: Cannot find module '@plane/i18n' or its corresponding type declarations.
core/components/navigation/project-actions-menu.tsx(13,26): error TS2307: Cannot find module '@plane/propel/icons' or its corresponding type declarations.
core/components/navigation/project-actions-menu.tsx(14,28): error TS2307: Cannot find module '@plane/ui' or its corresponding type declarations.
core/components/navigation/project-header-button.tsx(7,38): error TS2307: Cannot find module '@plane/types' or its corresponding type declarations.
core/components/navigation/project-header-button.tsx(9,22): error TS2307: Cannot find module '@plane/propel/emoji-icon-picker' or its corresponding type declarations.
core/components/navigation/project-header-button.tsx(10,33): error TS2307: Cannot find module '@plane/propel/icons' or its corresponding type declarations.
core/components/navigation/project-header-button.tsx(11,25): error TS2307: Cannot find module '@plane/propel/tooltip' or its corresponding type declarations.
core/components/navigation/project-header.tsx(10,29): error TS2307: Cannot find module '@plane/propel/icons' or its corresponding type declarations.
core/components/navigation/project-header.tsx(11,48): error TS2307: Cannot find module '@plane/types' or its corresponding type declarations.
core/components/navigation/project-header.tsx(12,36): error TS2307: Cannot find module '@plane/ui' or its corresponding type declarations.
core/components/navigation/tab-navigation-overflow-menu.tsx(11,32): error TS2307: Cannot find module '@plane/i18n' or its corresponding type declarations.
core/components/navigation/tab-navigation-overflow-menu.tsx(12,34): error TS2307: Cannot find module '@plane/propel/icons' or its corresponding type declarations.
core/components/navigation/tab-navigation-overflow-menu.tsx(13,22): error TS2307: Cannot find module '@plane/propel/menu' or its corresponding type declarations.
core/components/navigation/tab-navigation-overflow-menu.tsx(14,25): error TS2307: Cannot find module '@plane/propel/tooltip' or its corresponding type declarations.
core/components/navigation/tab-navigation-overflow-menu.tsx(15,20): error TS2307: Cannot find module '@plane/utils' or its corresponding type declarations.
core/components/navigation/tab-navigation-root.tsx(10,57): error TS2307: Cannot find module '@plane/constants' or its corresponding type declarations.
core/components/navigation/tab-navigation-root.tsx(11,32): error TS2307: Cannot find module '@plane/i18n' or its corresponding type declarations.
core/components/navigation/tab-navigation-root.tsx(12,54): error TS2307: Cannot find module '@plane/propel/tab-navigation' or its corresponding type declarations.
core/components/navigation/tab-navigation-root.tsx(13,40): error TS2307: Cannot find module '@plane/types' or its corresponding type declarations.
core/components/navigation/tab-navigation-visible-item.tsx(10,32): error TS2307: Cannot find module '@plane/i18n' or its corresponding type declarations.
core/components/navigation/tab-navigation-visible-item.tsx(11,29): error TS2307: Cannot find module '@plane/propel/context-menu' or its corresponding type declarations.
core/components/navigation/tab-navigation-visible-item.tsx(12,34): error TS2307: Cannot find module '@plane/propel/icons' or its corresponding type declarations.
core/components/navigation/tab-navigation-visible-item.tsx(13,35): error TS2307: Cannot find module '@plane/propel/tab-navigation' or its corresponding type declarations.
core/components/navigation/tab-navigation-visible-item.tsx(59,27): error TS7006: Parameter 'e' implicitly has an 'any' type.
core/components/navigation/tab-navigation-visible-item.tsx(69,27): error TS7006: Parameter 'e' implicitly has an 'any' type.
core/components/navigation/top-nav-power-k.tsx(12,39): error TS2307: Cannot find module '@plane/propel/icons' or its corresponding type declarations.
core/components/navigation/top-nav-power-k.tsx(13,20): error TS2307: Cannot find module '@plane/utils' or its corresponding type declarations.
core/components/navigation/top-navigation-root.tsx(10,20): error TS2307: Cannot find module '@plane/utils' or its corresponding type declarations.
core/components/navigation/top-navigation-root.tsx(16,25): error TS2307: Cannot find module '@plane/propel/tooltip' or its corresponding type declarations.
core/components/navigation/top-navigation-root.tsx(18,27): error TS2307: Cannot find module '@plane/propel/icons' or its corresponding type declarations.
core/components/navigation/use-active-tab.ts(8,29): error TS2307: Cannot find module '@plane/types' or its corresponding type declarations.
core/components/navigation/use-navigation-items.ts(9,57): error TS2307: Cannot find module '@plane/constants' or its corresponding type declarations.
core/components/navigation/use-navigation-items.ts(10,87): error TS2307: Cannot find module '@plane/propel/icons' or its corresponding type declarations.
core/components/navigation/use-navigation-items.ts(11,57): error TS2307: Cannot find module '@plane/types' or its corresponding type declarations.
core/components/navigation/use-project-actions.ts(8,38): error TS2307: Cannot find module '@plane/propel/toast' or its corresponding type declarations.
core/components/navigation/use-project-actions.ts(9,36): error TS2307: Cannot find module '@plane/utils' or its corresponding type declarations.
core/components/navigation/use-tab-preferences.ts(8,38): error TS2307: Cannot find module '@plane/propel/toast' or its corresponding type declarations.
core/components/onboarding/create-or-join-workspaces.tsx(11,67): error TS2307: Cannot find module '@plane/types' or its corresponding type declarations.
core/components/onboarding/create-workspace.tsx(11,52): error TS2307: Cannot find module '@plane/constants' or its corresponding type declarations.
core/components/onboarding/create-workspace.tsx(13,32): error TS2307: Cannot find module '@plane/i18n' or its corresponding type declarations.
core/components/onboarding/create-workspace.tsx(14,24): error TS2307: Cannot find module '@plane/propel/button' or its corresponding type declarations.
core/components/onboarding/create-workspace.tsx(15,38): error TS2307: Cannot find module '@plane/propel/toast' or its corresponding type declarations.
core/components/onboarding/create-workspace.tsx(16,58): error TS2307: Cannot find module '@plane/types' or its corresponding type declarations.
core/components/onboarding/create-workspace.tsx(18,46): error TS2307: Cannot find module '@plane/ui' or its corresponding type declarations.
core/components/onboarding/create-workspace.tsx(19,53): error TS2307: Cannot find module '@plane/utils' or its corresponding type declarations.
core/components/onboarding/create-workspace.tsx(155,30): error TS7006: Parameter 'event' implicitly has an 'any' type.
core/components/onboarding/create-workspace.tsx(202,30): error TS7006: Parameter 'e' implicitly has an 'any' type.
core/components/onboarding/create-workspace.tsx(245,45): error TS7006: Parameter 'c' implicitly has an 'any' type.
core/components/onboarding/create-workspace.tsx(254,43): error TS7006: Parameter 'item' implicitly has an 'any' type.
core/components/onboarding/header.tsx(9,46): error TS2307: Cannot find module '@plane/propel/icons' or its corresponding type declarations.
core/components/onboarding/header.tsx(10,25): error TS2307: Cannot find module '@plane/propel/tooltip' or its corresponding type declarations.
core/components/onboarding/header.tsx(11,38): error TS2307: Cannot find module '@plane/types' or its corresponding type declarations.
core/components/onboarding/header.tsx(12,34): error TS2307: Cannot find module '@plane/types' or its corresponding type declarations.
core/components/onboarding/header.tsx(13,20): error TS2307: Cannot find module '@plane/utils' or its corresponding type declarations.
core/components/onboarding/invitations.tsx(9,22): error TS2307: Cannot find module '@plane/constants' or its corresponding type declarations.
core/components/onboarding/invitations.tsx(11,24): error TS2307: Cannot find module '@plane/propel/button' or its corresponding type declarations.
core/components/onboarding/invitations.tsx(12,49): error TS2307: Cannot find module '@plane/types' or its corresponding type declarations.
core/components/onboarding/invitations.tsx(14,35): error TS2307: Cannot find module '@plane/ui' or its corresponding type declarations.
core/components/onboarding/invitations.tsx(15,30): error TS2307: Cannot find module '@plane/utils' or its corresponding type declarations.
core/components/onboarding/invite-members.tsx(23,39): error TS2307: Cannot find module '@plane/constants' or its corresponding type declarations.
core/components/onboarding/invite-members.tsx(24,36): error TS2307: Cannot find module '@plane/constants' or its corresponding type declarations.
core/components/onboarding/invite-members.tsx(25,32): error TS2307: Cannot find module '@plane/i18n' or its corresponding type declarations.
core/components/onboarding/invite-members.tsx(27,24): error TS2307: Cannot find module '@plane/propel/button' or its corresponding type declarations.
core/components/onboarding/invite-members.tsx(28,54): error TS2307: Cannot find module '@plane/propel/icons' or its corresponding type declarations.
core/components/onboarding/invite-members.tsx(29,38): error TS2307: Cannot find module '@plane/propel/toast' or its corresponding type declarations.
core/components/onboarding/invite-members.tsx(30,40): error TS2307: Cannot find module '@plane/types' or its corresponding type declarations.
core/components/onboarding/invite-members.tsx(32,32): error TS2307: Cannot find module '@plane/ui' or its corresponding type declarations.
core/components/onboarding/invite-members.tsx(161,28): error TS7006: Parameter 'event' implicitly has an 'any' type.
core/components/onboarding/invite-members.tsx(230,71): error TS18046: 'value' is of type 'unknown'.
core/components/onboarding/invite-members.tsx(231,78): error TS18046: 'value' is of type 'unknown'.
core/components/onboarding/profile-setup.tsx(11,37): error TS2307: Cannot find module '@plane/constants' or its corresponding type declarations.
core/components/onboarding/profile-setup.tsx(13,32): error TS2307: Cannot find module '@plane/i18n' or its corresponding type declarations.
core/components/onboarding/profile-setup.tsx(14,24): error TS2307: Cannot find module '@plane/propel/button' or its corresponding type declarations.
core/components/onboarding/profile-setup.tsx(15,38): error TS2307: Cannot find module '@plane/propel/toast' or its corresponding type declarations.
core/components/onboarding/profile-setup.tsx(16,60): error TS2307: Cannot find module '@plane/types' or its corresponding type declarations.
core/components/onboarding/profile-setup.tsx(18,59): error TS2307: Cannot find module '@plane/ui' or its corresponding type declarations.
core/components/onboarding/profile-setup.tsx(20,73): error TS2307: Cannot find module '@plane/utils' or its corresponding type declarations.
core/components/onboarding/root.tsx(10,38): error TS2307: Cannot find module '@plane/propel/toast' or its corresponding type declarations.
core/components/onboarding/root.tsx(11,98): error TS2307: Cannot find module '@plane/types' or its corresponding type declarations.
core/components/onboarding/root.tsx(12,34): error TS2307: Cannot find module '@plane/types' or its corresponding type declarations.
core/components/onboarding/step-indicator.tsx(9,20): error TS2307: Cannot find module '@plane/utils' or its corresponding type declarations.
core/components/onboarding/steps/profile/consent.tsx(7,27): error TS2307: Cannot find module '@plane/propel/icons' or its corresponding type declarations.
core/components/onboarding/steps/profile/root.tsx(12,37): error TS2307: Cannot find module '@plane/constants' or its corresponding type declarations.
core/components/onboarding/steps/profile/root.tsx(13,24): error TS2307: Cannot find module '@plane/propel/button' or its corresponding type declarations.
core/components/onboarding/steps/profile/root.tsx(14,38): error TS2307: Cannot find module '@plane/propel/toast' or its corresponding type declarations.
core/components/onboarding/steps/profile/root.tsx(15,28): error TS2307: Cannot find module '@plane/types' or its corresponding type declarations.
core/components/onboarding/steps/profile/root.tsx(16,34): error TS2307: Cannot find module '@plane/types' or its corresponding type declarations.
core/components/onboarding/steps/profile/root.tsx(17,73): error TS2307: Cannot find module '@plane/utils' or its corresponding type declarations.
core/components/onboarding/steps/profile/set-password.tsx(8,43): error TS2307: Cannot find module '@plane/propel/icons' or its corresponding type declarations.
core/components/onboarding/steps/profile/set-password.tsx(9,58): error TS2307: Cannot find module '@plane/ui' or its corresponding type declarations.
core/components/onboarding/steps/profile/set-password.tsx(10,20): error TS2307: Cannot find module '@plane/utils' or its corresponding type declarations.
core/components/onboarding/steps/profile/set-password.tsx(104,24): error TS7006: Parameter 'value' implicitly has an 'any' type.
core/components/onboarding/steps/profile/set-password.tsx(122,26): error TS7006: Parameter 'value' implicitly has an 'any' type.
core/components/onboarding/steps/role/root.tsx(11,24): error TS2307: Cannot find module '@plane/propel/button' or its corresponding type declarations.
core/components/onboarding/steps/role/root.tsx(12,38): error TS2307: Cannot find module '@plane/propel/icons' or its corresponding type declarations.
core/components/onboarding/steps/role/root.tsx(13,38): error TS2307: Cannot find module '@plane/propel/toast' or its corresponding type declarations.
core/components/onboarding/steps/role/root.tsx(14,35): error TS2307: Cannot find module '@plane/types' or its corresponding type declarations.
core/components/onboarding/steps/role/root.tsx(15,34): error TS2307: Cannot find module '@plane/types' or its corresponding type declarations.
core/components/onboarding/steps/root.tsx(9,49): error TS2307: Cannot find module '@plane/types' or its corresponding type declarations.
core/components/onboarding/steps/root.tsx(10,34): error TS2307: Cannot find module '@plane/types' or its corresponding type declarations.
core/components/onboarding/steps/team/root.tsx(22,39): error TS2307: Cannot find module '@plane/constants' or its corresponding type declarations.
core/components/onboarding/steps/team/root.tsx(23,36): error TS2307: Cannot find module '@plane/constants' or its corresponding type declarations.
core/components/onboarding/steps/team/root.tsx(24,32): error TS2307: Cannot find module '@plane/i18n' or its corresponding type declarations.
core/components/onboarding/steps/team/root.tsx(25,24): error TS2307: Cannot find module '@plane/propel/button' or its corresponding type declarations.
core/components/onboarding/steps/team/root.tsx(26,54): error TS2307: Cannot find module '@plane/propel/icons' or its corresponding type declarations.
core/components/onboarding/steps/team/root.tsx(27,38): error TS2307: Cannot find module '@plane/propel/toast' or its corresponding type declarations.
core/components/onboarding/steps/team/root.tsx(28,34): error TS2307: Cannot find module '@plane/types' or its corresponding type declarations.
core/components/onboarding/steps/team/root.tsx(29,32): error TS2307: Cannot find module '@plane/ui' or its corresponding type declarations.
core/components/onboarding/steps/team/root.tsx(157,28): error TS7006: Parameter 'event' implicitly has an 'any' type.
core/components/onboarding/steps/team/root.tsx(226,71): error TS18046: 'value' is of type 'unknown'.
core/components/onboarding/steps/team/root.tsx(227,78): error TS18046: 'value' is of type 'unknown'.
core/components/onboarding/steps/usecase/root.tsx(10,27): error TS2307: Cannot find module '@plane/constants' or its corresponding type declarations.
core/components/onboarding/steps/usecase/root.tsx(11,24): error TS2307: Cannot find module '@plane/propel/button' or its corresponding type declarations.
core/components/onboarding/steps/usecase/root.tsx(12,27): error TS2307: Cannot find module '@plane/propel/icons' or its corresponding type declarations.
core/components/onboarding/steps/usecase/root.tsx(13,38): error TS2307: Cannot find module '@plane/propel/toast' or its corresponding type declarations.
core/components/onboarding/steps/usecase/root.tsx(14,35): error TS2307: Cannot find module '@plane/types' or its corresponding type declarations.
core/components/onboarding/steps/usecase/root.tsx(15,34): error TS2307: Cannot find module '@plane/types' or its corresponding type declarations.
core/components/onboarding/steps/usecase/root.tsx(16,20): error TS2307: Cannot find module '@plane/utils' or its corresponding type declarations.
core/components/onboarding/steps/usecase/root.tsx(104,31): error TS7006: Parameter 'useCase' implicitly has an 'any' type.
core/components/onboarding/steps/workspace/create.tsx(12,52): error TS2307: Cannot find module '@plane/constants' or its corresponding type declarations.
core/components/onboarding/steps/workspace/create.tsx(13,32): error TS2307: Cannot find module '@plane/i18n' or its corresponding type declarations.
core/components/onboarding/steps/workspace/create.tsx(14,24): error TS2307: Cannot find module '@plane/propel/button' or its corresponding type declarations.
core/components/onboarding/steps/workspace/create.tsx(15,38): error TS2307: Cannot find module '@plane/propel/toast' or its corresponding type declarations.
core/components/onboarding/steps/workspace/create.tsx(16,40): error TS2307: Cannot find module '@plane/types' or its corresponding type declarations.
core/components/onboarding/steps/workspace/create.tsx(17,25): error TS2307: Cannot find module '@plane/ui' or its corresponding type declarations.
core/components/onboarding/steps/workspace/create.tsx(18,57): error TS2307: Cannot find module '@plane/utils' or its corresponding type declarations.
core/components/onboarding/steps/workspace/create.tsx(261,43): error TS7006: Parameter 'size' implicitly has an 'any' type.
core/components/onboarding/steps/workspace/join-invites.tsx(9,22): error TS2307: Cannot find module '@plane/constants' or its corresponding type declarations.
core/components/onboarding/steps/workspace/join-invites.tsx(10,24): error TS2307: Cannot find module '@plane/propel/button' or its corresponding type declarations.
core/components/onboarding/steps/workspace/join-invites.tsx(11,49): error TS2307: Cannot find module '@plane/types' or its corresponding type declarations.
core/components/onboarding/steps/workspace/join-invites.tsx(12,35): error TS2307: Cannot find module '@plane/ui' or its corresponding type declarations.
core/components/onboarding/steps/workspace/join-invites.tsx(13,30): error TS2307: Cannot find module '@plane/utils' or its corresponding type declarations.
core/components/onboarding/steps/workspace/root.tsx(10,49): error TS2307: Cannot find module '@plane/types' or its corresponding type declarations.
core/components/onboarding/steps/workspace/root.tsx(11,63): error TS2307: Cannot find module '@plane/types' or its corresponding type declarations.
core/components/onboarding/switch-account-dropdown.tsx(11,32): error TS2307: Cannot find module '@plane/utils' or its corresponding type declarations.
core/components/onboarding/switch-account-modal.tsx(13,24): error TS2307: Cannot find module '@plane/propel/button' or its corresponding type declarations.
core/components/onboarding/switch-account-modal.tsx(14,38): error TS2307: Cannot find module '@plane/propel/toast' or its corresponding type declarations.
core/components/onboarding/tour/root.tsx(10,24): error TS2307: Cannot find module '@plane/propel/button' or its corresponding type declarations.
core/components/onboarding/tour/root.tsx(11,40): error TS2307: Cannot find module '@plane/propel/icons' or its corresponding type declarations.
core/components/onboarding/tour/sidebar.tsx(8,75): error TS2307: Cannot find module '@plane/propel/icons' or its corresponding type declarations.
core/components/onboarding/tour/sidebar.tsx(9,32): error TS2307: Cannot find module '@plane/propel/icons' or its corresponding type declarations.
core/components/pages/dropdowns/actions.tsx(12,29): error TS2307: Cannot find module '@plane/constants' or its corresponding type declarations.
core/components/pages/dropdowns/actions.tsx(14,93): error TS2307: Cannot find module '@plane/propel/icons' or its corresponding type declarations.
core/components/pages/dropdowns/actions.tsx(16,39): error TS2307: Cannot find module '@plane/ui' or its corresponding type declarations.
core/components/pages/dropdowns/actions.tsx(17,41): error TS2307: Cannot find module '@plane/ui' or its corresponding type declarations.
core/components/pages/dropdowns/actions.tsx(19,20): error TS2307: Cannot find module '@plane/utils' or its corresponding type declarations.
core/components/pages/editor/ai/ask-pi-menu.tsx(10,25): error TS2307: Cannot find module '@plane/propel/tooltip' or its corresponding type declarations.
core/components/pages/editor/ai/ask-pi-menu.tsx(12,20): error TS2307: Cannot find module '@plane/utils' or its corresponding type declarations.
core/components/pages/editor/ai/menu.tsx(11,35): error TS2307: Cannot find module '@plane/editor' or its corresponding type declarations.
core/components/pages/editor/ai/menu.tsx(12,34): error TS2307: Cannot find module '@plane/propel/icons' or its corresponding type declarations.
core/components/pages/editor/ai/menu.tsx(14,25): error TS2307: Cannot find module '@plane/propel/tooltip' or its corresponding type declarations.
core/components/pages/editor/ai/menu.tsx(16,20): error TS2307: Cannot find module '@plane/utils' or its corresponding type declarations.
core/components/pages/editor/ai/menu.tsx(19,48): error TS2307: Cannot find module '@plane/constants' or its corresponding type declarations.
core/components/pages/editor/content-limit-banner.tsx(8,20): error TS2307: Cannot find module '@plane/utils' or its corresponding type declarations.
core/components/pages/editor/editor-body.tsx(10,47): error TS2307: Cannot find module '@plane/constants' or its corresponding type declarations.
core/components/pages/editor/editor-body.tsx(11,52): error TS2307: Cannot find module '@plane/editor' or its corresponding type declarations.
core/components/pages/editor/editor-body.tsx(21,8): error TS2307: Cannot find module '@plane/editor' or its corresponding type declarations.
core/components/pages/editor/editor-body.tsx(22,32): error TS2307: Cannot find module '@plane/i18n' or its corresponding type declarations.
core/components/pages/editor/editor-body.tsx(23,98): error TS2307: Cannot find module '@plane/types' or its corresponding type declarations.
core/components/pages/editor/editor-body.tsx(24,34): error TS2307: Cannot find module '@plane/ui' or its corresponding type declarations.
core/components/pages/editor/editor-body.tsx(25,51): error TS2307: Cannot find module '@plane/utils' or its corresponding type declarations.
core/components/pages/editor/editor-body.tsx(171,23): error TS7006: Parameter 'state' implicitly has an 'any' type.
core/components/pages/editor/editor-body.tsx(286,38): error TS7006: Parameter 'query' implicitly has an 'any' type.
core/components/pages/editor/editor-body.tsx(292,33): error TS7006: Parameter 'props' implicitly has an 'any' type.
core/components/pages/editor/header/logo-picker.tsx(10,57): error TS2307: Cannot find module '@plane/propel/emoji-icon-picker' or its corresponding type declarations.
core/components/pages/editor/header/logo-picker.tsx(11,20): error TS2307: Cannot find module '@plane/utils' or its corresponding type declarations.
core/components/pages/editor/header/logo-picker.tsx(36,24): error TS7006: Parameter 'val' implicitly has an 'any' type.
core/components/pages/editor/header/root.tsx(11,51): error TS2307: Cannot find module '@plane/propel/emoji-icon-picker' or its corresponding type declarations.
core/components/pages/editor/header/root.tsx(12,20): error TS2307: Cannot find module '@plane/utils' or its corresponding type declarations.
core/components/pages/editor/header/root.tsx(43,30): error TS7006: Parameter 'val' implicitly has an 'any' type.
core/components/pages/editor/page-root.tsx(10,55): error TS2307: Cannot find module '@plane/editor' or its corresponding type declarations.
core/components/pages/editor/page-root.tsx(11,91): error TS2307: Cannot find module '@plane/types' or its corresponding type declarations.
core/components/pages/editor/summary/content-browser.tsx(9,45): error TS2307: Cannot find module '@plane/editor' or its corresponding type declarations.
core/components/pages/editor/summary/content-browser.tsx(10,20): error TS2307: Cannot find module '@plane/utils' or its corresponding type declarations.
core/components/pages/editor/summary/heading-components.tsx(8,31): error TS2307: Cannot find module '@plane/editor' or its corresponding type declarations.
core/components/pages/editor/summary/heading-components.tsx(9,20): error TS2307: Cannot find module '@plane/utils' or its corresponding type declarations.
core/components/pages/editor/title.tsx(10,35): error TS2307: Cannot find module '@plane/editor' or its corresponding type declarations.
core/components/pages/editor/title.tsx(12,26): error TS2307: Cannot find module '@plane/ui' or its corresponding type declarations.
core/components/pages/editor/title.tsx(13,33): error TS2307: Cannot find module '@plane/utils' or its corresponding type declarations.
core/components/pages/editor/title.tsx(56,25): error TS7006: Parameter 'e' implicitly has an 'any' type.
core/components/pages/editor/title.tsx(63,24): error TS7006: Parameter 'e' implicitly has an 'any' type.
core/components/pages/editor/toolbar/color-dropdown.tsx(11,29): error TS2307: Cannot find module '@plane/editor' or its corresponding type declarations.
core/components/pages/editor/toolbar/color-dropdown.tsx(12,38): error TS2307: Cannot find module '@plane/editor' or its corresponding type declarations.
core/components/pages/editor/toolbar/color-dropdown.tsx(14,20): error TS2307: Cannot find module '@plane/utils' or its corresponding type declarations.
core/components/pages/editor/toolbar/color-dropdown.tsx(30,45): error TS7006: Parameter 'c' implicitly has an 'any' type.
core/components/pages/editor/toolbar/color-dropdown.tsx(31,51): error TS7006: Parameter 'c' implicitly has an 'any' type.
core/components/pages/editor/toolbar/color-dropdown.tsx(73,35): error TS7006: Parameter 'color' implicitly has an 'any' type.
core/components/pages/editor/toolbar/color-dropdown.tsx(96,35): error TS7006: Parameter 'color' implicitly has an 'any' type.
core/components/pages/editor/toolbar/options-dropdown.tsx(11,38): error TS2307: Cannot find module '@plane/propel/toast' or its corresponding type declarations.
core/components/pages/editor/toolbar/options-dropdown.tsx(12,30): error TS2307: Cannot find module '@plane/ui' or its corresponding type declarations.
core/components/pages/editor/toolbar/root.tsx(10,32): error TS2307: Cannot find module '@plane/i18n' or its corresponding type declarations.
core/components/pages/editor/toolbar/root.tsx(11,25): error TS2307: Cannot find module '@plane/propel/tooltip' or its corresponding type declarations.
core/components/pages/editor/toolbar/root.tsx(12,20): error TS2307: Cannot find module '@plane/utils' or its corresponding type declarations.
core/components/pages/editor/toolbar/toolbar.tsx(8,35): error TS2307: Cannot find module '@plane/editor' or its corresponding type declarations.
core/components/pages/editor/toolbar/toolbar.tsx(10,44): error TS2307: Cannot find module '@plane/propel/icons' or its corresponding type declarations.
core/components/pages/editor/toolbar/toolbar.tsx(11,25): error TS2307: Cannot find module '@plane/propel/tooltip' or its corresponding type declarations.
core/components/pages/editor/toolbar/toolbar.tsx(12,28): error TS2307: Cannot find module '@plane/ui' or its corresponding type declarations.
core/components/pages/editor/toolbar/toolbar.tsx(13,20): error TS2307: Cannot find module '@plane/utils' or its corresponding type declarations.
core/components/pages/editor/toolbar/toolbar.tsx(15,38): error TS2307: Cannot find module '@plane/editor' or its corresponding type declarations.
core/components/pages/editor/toolbar/toolbar.tsx(16,49): error TS2307: Cannot find module '@plane/editor' or its corresponding type declarations.
core/components/pages/editor/toolbar/toolbar.tsx(46,11): error TS2578: Unused '@ts-expect-error' directive.
core/components/pages/editor/toolbar/toolbar.tsx(82,20): error TS18046: 'item' is of type 'unknown'.
core/components/pages/editor/toolbar/toolbar.tsx(83,14): error TS18046: 'item' is of type 'unknown'.
core/components/pages/editor/toolbar/toolbar.tsx(99,20): error TS18046: 'item' is of type 'unknown'.
core/components/pages/editor/toolbar/toolbar.tsx(100,14): error TS18046: 'item' is of type 'unknown'.
core/components/pages/editor/toolbar/toolbar.tsx(111,51): error TS7006: Parameter 'item' implicitly has an 'any' type.
core/components/pages/editor/toolbar/toolbar.tsx(142,32): error TS7006: Parameter 'item' implicitly has an 'any' type.
core/components/pages/editor/toolbar/toolbar.tsx(184,35): error TS7006: Parameter 'item' implicitly has an 'any' type.
core/components/pages/header/archived-badge.tsx(9,29): error TS2307: Cannot find module '@plane/propel/icons' or its corresponding type declarations.
core/components/pages/header/archived-badge.tsx(10,37): error TS2307: Cannot find module '@plane/utils' or its corresponding type declarations.
core/components/pages/header/copy-link-control.tsx(10,37): error TS2307: Cannot find module '@plane/propel/icons' or its corresponding type declarations.
core/components/pages/header/copy-link-control.tsx(12,25): error TS2307: Cannot find module '@plane/propel/tooltip' or its corresponding type declarations.
core/components/pages/header/copy-link-control.tsx(13,28): error TS2307: Cannot find module '@plane/propel/icon-button' or its corresponding type declarations.
core/components/pages/header/copy-link-control.tsx(14,20): error TS2307: Cannot find module '@plane/utils' or its corresponding type declarations.
core/components/pages/header/favorite-control.tsx(10,28): error TS2307: Cannot find module '@plane/propel/icon-button' or its corresponding type declarations.
core/components/pages/header/lock-control.tsx(11,25): error TS2307: Cannot find module '@plane/propel/tooltip' or its corresponding type declarations.
core/components/pages/header/offline-badge.tsx(9,25): error TS2307: Cannot find module '@plane/propel/tooltip' or its corresponding type declarations.
core/components/pages/header/root.tsx(11,32): error TS2307: Cannot find module '@plane/i18n' or its corresponding type declarations.
core/components/pages/header/root.tsx(12,60): error TS2307: Cannot find module '@plane/types' or its corresponding type declarations.
core/components/pages/header/root.tsx(13,40): error TS2307: Cannot find module '@plane/ui' or its corresponding type declarations.
core/components/pages/header/root.tsx(14,39): error TS2307: Cannot find module '@plane/utils' or its corresponding type declarations.
core/components/pages/header/syncing-badge.tsx(9,25): error TS2307: Cannot find module '@plane/propel/tooltip' or its corresponding type declarations.
core/components/pages/header/syncing-badge.tsx(10,23): error TS2307: Cannot find module '@plane/propel/badge' or its corresponding type declarations.
core/components/pages/list/applied-filters/root.tsx(7,32): error TS2307: Cannot find module '@plane/i18n' or its corresponding type declarations.
core/components/pages/list/applied-filters/root.tsx(8,27): error TS2307: Cannot find module '@plane/propel/icons' or its corresponding type declarations.
core/components/pages/list/applied-filters/root.tsx(10,39): error TS2307: Cannot find module '@plane/types' or its corresponding type declarations.
core/components/pages/list/applied-filters/root.tsx(11,21): error TS2307: Cannot find module '@plane/ui' or its corresponding type declarations.
core/components/pages/list/applied-filters/root.tsx(12,46): error TS2307: Cannot find module '@plane/utils' or its corresponding type declarations.
core/components/pages/list/applied-filters/root.tsx(48,38): error TS2345: Argument of type 'string | number | symbol' is not assignable to parameter of type 'string'.
  Type 'number' is not assignable to type 'string'.
core/components/pages/list/applied-filters/root.tsx(55,41): error TS2345: Argument of type 'string | number | symbol' is not assignable to parameter of type 'string'.
  Type 'number' is not assignable to type 'string'.
core/components/pages/list/block-item-action.tsx(10,26): error TS2307: Cannot find module '@plane/propel/icons' or its corresponding type declarations.
core/components/pages/list/block-item-action.tsx(11,25): error TS2307: Cannot find module '@plane/propel/tooltip' or its corresponding type declarations.
core/components/pages/list/block-item-action.tsx(12,38): error TS2307: Cannot find module '@plane/ui' or its corresponding type declarations.
core/components/pages/list/block-item-action.tsx(13,49): error TS2307: Cannot find module '@plane/utils' or its corresponding type declarations.
core/components/pages/list/block-item-action.tsx(68,21): error TS7006: Parameter 'e' implicitly has an 'any' type.
core/components/pages/list/block.tsx(9,22): error TS2307: Cannot find module '@plane/propel/emoji-icon-picker' or its corresponding type declarations.
core/components/pages/list/block.tsx(10,26): error TS2307: Cannot find module '@plane/propel/icons' or its corresponding type declarations.
core/components/pages/list/block.tsx(12,29): error TS2307: Cannot find module '@plane/utils' or its corresponding type declarations.
core/components/pages/list/filters/root.tsx(9,39): error TS2307: Cannot find module '@plane/propel/icons' or its corresponding type declarations.
core/components/pages/list/filters/root.tsx(10,53): error TS2307: Cannot find module '@plane/types' or its corresponding type declarations.
core/components/pages/list/order-by.tsx(9,34): error TS2307: Cannot find module '@plane/propel/button' or its corresponding type declarations.
core/components/pages/list/order-by.tsx(11,27): error TS2307: Cannot find module '@plane/propel/icons' or its corresponding type declarations.
core/components/pages/list/order-by.tsx(12,62): error TS2307: Cannot find module '@plane/types' or its corresponding type declarations.
core/components/pages/list/order-by.tsx(13,28): error TS2307: Cannot find module '@plane/ui' or its corresponding type declarations.
core/components/pages/list/root.tsx(9,42): error TS2307: Cannot find module '@plane/types' or its corresponding type declarations.
core/components/pages/list/search-input.tsx(9,41): error TS2307: Cannot find module '@plane/hooks' or its corresponding type declarations.
core/components/pages/list/search-input.tsx(10,28): error TS2307: Cannot find module '@plane/propel/icon-button' or its corresponding type declarations.
core/components/pages/list/search-input.tsx(11,39): error TS2307: Cannot find module '@plane/propel/icons' or its corresponding type declarations.
core/components/pages/list/search-input.tsx(12,20): error TS2307: Cannot find module '@plane/utils' or its corresponding type declarations.
core/components/pages/list/tab-navigation.tsx(9,42): error TS2307: Cannot find module '@plane/types' or its corresponding type declarations.
core/components/pages/list/tab-navigation.tsx(11,20): error TS2307: Cannot find module '@plane/utils' or its corresponding type declarations.
core/components/pages/loaders/page-content-loader.tsx(8,24): error TS2307: Cannot find module '@plane/ui' or its corresponding type declarations.
core/components/pages/loaders/page-content-loader.tsx(9,20): error TS2307: Cannot find module '@plane/utils' or its corresponding type declarations.
core/components/pages/loaders/page-loader.tsx(8,24): error TS2307: Cannot find module '@plane/ui' or its corresponding type declarations.
core/components/pages/modals/create-page-modal.tsx(9,34): error TS2307: Cannot find module '@plane/constants' or its corresponding type declarations.
core/components/pages/modals/create-page-modal.tsx(10,28): error TS2307: Cannot find module '@plane/types' or its corresponding type declarations.
core/components/pages/modals/create-page-modal.tsx(12,56): error TS2307: Cannot find module '@plane/ui' or its corresponding type declarations.
core/components/pages/modals/create-page-modal.tsx(52,22): error TS7006: Parameter 'prev' implicitly has an 'any' type.
core/components/pages/modals/create-page-modal.tsx(56,22): error TS7006: Parameter 'prev' implicitly has an 'any' type.
core/components/pages/modals/delete-page-modal.tsx(11,38): error TS2307: Cannot find module '@plane/propel/toast' or its corresponding type declarations.
core/components/pages/modals/delete-page-modal.tsx(12,32): error TS2307: Cannot find module '@plane/ui' or its corresponding type declarations.
core/components/pages/modals/delete-page-modal.tsx(13,29): error TS2307: Cannot find module '@plane/utils' or its corresponding type declarations.
core/components/pages/modals/export-page-modal.tsx(13,35): error TS2307: Cannot find module '@plane/editor' or its corresponding type declarations.
core/components/pages/modals/export-page-modal.tsx(15,24): error TS2307: Cannot find module '@plane/propel/button' or its corresponding type declarations.
core/components/pages/modals/export-page-modal.tsx(16,38): error TS2307: Cannot find module '@plane/propel/toast' or its corresponding type declarations.
core/components/pages/modals/export-page-modal.tsx(17,70): error TS2307: Cannot find module '@plane/ui' or its corresponding type declarations.
core/components/pages/modals/page-form.tsx(12,42): error TS2307: Cannot find module '@plane/constants' or its corresponding type declarations.
core/components/pages/modals/page-form.tsx(13,32): error TS2307: Cannot find module '@plane/i18n' or its corresponding type declarations.
core/components/pages/modals/page-form.tsx(14,24): error TS2307: Cannot find module '@plane/propel/button' or its corresponding type declarations.
core/components/pages/modals/page-form.tsx(15,57): error TS2307: Cannot find module '@plane/propel/emoji-icon-picker' or its corresponding type declarations.
core/components/pages/modals/page-form.tsx(16,47): error TS2307: Cannot find module '@plane/propel/icons' or its corresponding type declarations.
core/components/pages/modals/page-form.tsx(17,32): error TS2307: Cannot find module '@plane/propel/icons' or its corresponding type declarations.
core/components/pages/modals/page-form.tsx(18,28): error TS2307: Cannot find module '@plane/types' or its corresponding type declarations.
core/components/pages/modals/page-form.tsx(19,23): error TS2307: Cannot find module '@plane/ui' or its corresponding type declarations.
core/components/pages/modals/page-form.tsx(20,29): error TS2307: Cannot find module '@plane/utils' or its corresponding type declarations.
core/components/pages/modals/page-form.tsx(121,26): error TS7006: Parameter 'e' implicitly has an 'any' type.
core/components/pages/navigation-pane/root.tsx(12,32): error TS2307: Cannot find module '@plane/i18n' or its corresponding type declarations.
core/components/pages/navigation-pane/root.tsx(13,22): error TS2307: Cannot find module '@plane/propel/tabs' or its corresponding type declarations.
core/components/pages/navigation-pane/root.tsx(14,25): error TS2307: Cannot find module '@plane/propel/tooltip' or its corresponding type declarations.
core/components/pages/navigation-pane/tab-panels/assets.tsx(12,33): error TS2307: Cannot find module '@plane/editor' or its corresponding type declarations.
core/components/pages/navigation-pane/tab-panels/assets.tsx(13,35): error TS2307: Cannot find module '@plane/editor' or its corresponding type declarations.
core/components/pages/navigation-pane/tab-panels/assets.tsx(14,32): error TS2307: Cannot find module '@plane/i18n' or its corresponding type declarations.
core/components/pages/navigation-pane/tab-panels/assets.tsx(15,62): error TS2307: Cannot find module '@plane/utils' or its corresponding type declarations.
core/components/pages/navigation-pane/tab-panels/assets.tsx(113,25): error TS7006: Parameter 'asset' implicitly has an 'any' type.
core/components/pages/navigation-pane/tab-panels/empty-state/assets.tsx(9,32): error TS2307: Cannot find module '@plane/i18n' or its corresponding type declarations.
core/components/pages/navigation-pane/tab-panels/empty-state/outline.tsx(9,32): error TS2307: Cannot find module '@plane/i18n' or its corresponding type declarations.
core/components/pages/navigation-pane/tab-panels/info/actors-info.tsx(11,32): error TS2307: Cannot find module '@plane/i18n' or its corresponding type declarations.
core/components/pages/navigation-pane/tab-panels/info/actors-info.tsx(12,24): error TS2307: Cannot find module '@plane/ui' or its corresponding type declarations.
core/components/pages/navigation-pane/tab-panels/info/actors-info.tsx(13,72): error TS2307: Cannot find module '@plane/utils' or its corresponding type declarations.
core/components/pages/navigation-pane/tab-panels/info/document-info.tsx(10,36): error TS2307: Cannot find module '@plane/editor' or its corresponding type declarations.
core/components/pages/navigation-pane/tab-panels/info/document-info.tsx(11,32): error TS2307: Cannot find module '@plane/i18n' or its corresponding type declarations.
core/components/pages/navigation-pane/tab-panels/info/document-info.tsx(12,43): error TS2307: Cannot find module '@plane/utils' or its corresponding type declarations.
core/components/pages/navigation-pane/tab-panels/info/version-history.tsx(13,32): error TS2307: Cannot find module '@plane/i18n' or its corresponding type declarations.
core/components/pages/navigation-pane/tab-panels/info/version-history.tsx(14,35): error TS2307: Cannot find module '@plane/types' or its corresponding type declarations.
core/components/pages/navigation-pane/tab-panels/info/version-history.tsx(15,24): error TS2307: Cannot find module '@plane/ui' or its corresponding type declarations.
core/components/pages/navigation-pane/tab-panels/info/version-history.tsx(16,74): error TS2307: Cannot find module '@plane/utils' or its corresponding type declarations.
core/components/pages/navigation-pane/tab-panels/outline.tsx(8,28): error TS2307: Cannot find module '@plane/propel/scrollarea' or its corresponding type declarations.
core/components/pages/navigation-pane/tab-panels/root.tsx(15,22): error TS2307: Cannot find module '@plane/propel/tabs' or its corresponding type declarations.
core/components/pages/navigation-pane/tabs-list.tsx(8,32): error TS2307: Cannot find module '@plane/i18n' or its corresponding type declarations.
core/components/pages/navigation-pane/tabs-list.tsx(9,22): error TS2307: Cannot find module '@plane/propel/tabs' or its corresponding type declarations.
core/components/pages/pages-list-main-content.tsx(11,52): error TS2307: Cannot find module '@plane/constants' or its corresponding type declarations.
core/components/pages/pages-list-main-content.tsx(12,32): error TS2307: Cannot find module '@plane/i18n' or its corresponding type declarations.
core/components/pages/pages-list-main-content.tsx(13,36): error TS2307: Cannot find module '@plane/propel/empty-state' or its corresponding type declarations.
core/components/pages/pages-list-main-content.tsx(14,38): error TS2307: Cannot find module '@plane/propel/toast' or its corresponding type declarations.
core/components/pages/pages-list-main-content.tsx(15,49): error TS2307: Cannot find module '@plane/types' or its corresponding type declarations.
core/components/pages/pages-list-main-content.tsx(16,35): error TS2307: Cannot find module '@plane/types' or its corresponding type declarations.
core/components/pages/pages-list-view.tsx(9,42): error TS2307: Cannot find module '@plane/types' or its corresponding type declarations.
core/components/pages/version/editor.tsx(10,37): error TS2307: Cannot find module '@plane/editor' or its corresponding type declarations.
core/components/pages/version/editor.tsx(11,48): error TS2307: Cannot find module '@plane/types' or its corresponding type declarations.
core/components/pages/version/editor.tsx(12,24): error TS2307: Cannot find module '@plane/ui' or its corresponding type declarations.
core/components/pages/version/editor.tsx(13,36): error TS2307: Cannot find module '@plane/utils' or its corresponding type declarations.
core/components/pages/version/main-content.tsx(12,24): error TS2307: Cannot find module '@plane/propel/button' or its corresponding type declarations.
core/components/pages/version/main-content.tsx(13,38): error TS2307: Cannot find module '@plane/propel/toast' or its corresponding type declarations.
core/components/pages/version/main-content.tsx(14,35): error TS2307: Cannot find module '@plane/types' or its corresponding type declarations.
core/components/pages/version/main-content.tsx(15,58): error TS2307: Cannot find module '@plane/utils' or its corresponding type declarations.
core/components/pages/version/root.tsx(11,35): error TS2307: Cannot find module '@plane/types' or its corresponding type declarations.
core/components/pages/version/root.tsx(12,20): error TS2307: Cannot find module '@plane/utils' or its corresponding type declarations.
core/components/power-k/config/account-commands.ts(10,32): error TS2307: Cannot find module '@plane/i18n' or its corresponding type declarations.
core/components/power-k/config/account-commands.ts(11,38): error TS2307: Cannot find module '@plane/propel/toast' or its corresponding type declarations.
core/components/power-k/config/creation/command.ts(9,57): error TS2307: Cannot find module '@plane/constants' or its corresponding type declarations.
core/components/power-k/config/creation/command.ts(10,52): error TS2307: Cannot find module '@plane/propel/icons' or its corresponding type declarations.
core/components/power-k/config/creation/command.ts(12,35): error TS2307: Cannot find module '@plane/types' or its corresponding type declarations.
core/components/power-k/config/miscellaneous-commands.ts(9,32): error TS2307: Cannot find module '@plane/i18n' or its corresponding type declarations.
core/components/power-k/config/miscellaneous-commands.ts(10,38): error TS2307: Cannot find module '@plane/propel/icons' or its corresponding type declarations.
core/components/power-k/config/miscellaneous-commands.ts(12,38): error TS2307: Cannot find module '@plane/propel/toast' or its corresponding type declarations.
core/components/power-k/config/miscellaneous-commands.ts(13,37): error TS2307: Cannot find module '@plane/utils' or its corresponding type declarations.
core/components/power-k/config/navigation/commands.ts(9,39): error TS2307: Cannot find module '@plane/constants' or its corresponding type declarations.
core/components/power-k/config/navigation/commands.ts(10,91): error TS2307: Cannot find module '@plane/propel/icons' or its corresponding type declarations.
core/components/power-k/config/navigation/commands.ts(11,81): error TS2307: Cannot find module '@plane/types' or its corresponding type declarations.
core/components/power-k/config/navigation/commands.ts(12,56): error TS2307: Cannot find module '@plane/types' or its corresponding type declarations.
core/components/power-k/config/preferences-commands.ts(11,32): error TS2307: Cannot find module '@plane/i18n' or its corresponding type declarations.
core/components/power-k/config/preferences-commands.ts(12,38): error TS2307: Cannot find module '@plane/propel/toast' or its corresponding type declarations.
core/components/power-k/config/preferences-commands.ts(13,52): error TS2307: Cannot find module '@plane/types' or its corresponding type declarations.
core/components/power-k/hooks/use-context-indicator.ts(9,29): error TS2307: Cannot find module '@plane/utils' or its corresponding type declarations.
core/components/power-k/menus/cycles.tsx(10,30): error TS2307: Cannot find module '@plane/propel/icons' or its corresponding type declarations.
core/components/power-k/menus/cycles.tsx(11,29): error TS2307: Cannot find module '@plane/types' or its corresponding type declarations.
core/components/power-k/menus/labels.tsx(10,34): error TS2307: Cannot find module '@plane/types' or its corresponding type declarations.
core/components/power-k/menus/members.tsx(10,24): error TS2307: Cannot find module '@plane/ui' or its corresponding type declarations.
core/components/power-k/menus/members.tsx(11,28): error TS2307: Cannot find module '@plane/utils' or its corresponding type declarations.
core/components/power-k/menus/modules.tsx(10,34): error TS2307: Cannot find module '@plane/propel/icons' or its corresponding type declarations.
core/components/power-k/menus/modules.tsx(11,30): error TS2307: Cannot find module '@plane/types' or its corresponding type declarations.
core/components/power-k/menus/projects.tsx(9,22): error TS2307: Cannot find module '@plane/propel/emoji-icon-picker' or its corresponding type declarations.
core/components/power-k/menus/projects.tsx(11,38): error TS2307: Cannot find module '@plane/types' or its corresponding type declarations.
core/components/power-k/menus/views.tsx(11,35): error TS2307: Cannot find module '@plane/types' or its corresponding type declarations.
core/components/power-k/menus/workspaces.tsx(9,33): error TS2307: Cannot find module '@plane/types' or its corresponding type declarations.
core/components/power-k/ui/modal/command-item.tsx(10,27): error TS2307: Cannot find module '@plane/propel/icons' or its corresponding type declarations.
core/components/power-k/ui/modal/command-item.tsx(12,20): error TS2307: Cannot find module '@plane/utils' or its corresponding type declarations.
core/components/power-k/ui/modal/context-indicator.tsx(9,32): error TS2307: Cannot find module '@plane/i18n' or its corresponding type declarations.
core/components/power-k/ui/modal/footer.tsx(9,32): error TS2307: Cannot find module '@plane/i18n' or its corresponding type declarations.
core/components/power-k/ui/modal/footer.tsx(10,30): error TS2307: Cannot find module '@plane/ui' or its corresponding type declarations.
core/components/power-k/ui/modal/header.tsx(10,32): error TS2307: Cannot find module '@plane/i18n' or its corresponding type declarations.
core/components/power-k/ui/modal/header.tsx(12,28): error TS2307: Cannot find module '@plane/propel/icons' or its corresponding type declarations.
core/components/power-k/ui/modal/no-results-command.tsx(8,32): error TS2307: Cannot find module '@plane/i18n' or its corresponding type declarations.
core/components/power-k/ui/modal/no-results-command.tsx(9,28): error TS2307: Cannot find module '@plane/propel/icons' or its corresponding type declarations.
core/components/power-k/ui/modal/search-menu.tsx(10,49): error TS2307: Cannot find module '@plane/constants' or its corresponding type declarations.
core/components/power-k/ui/modal/search-menu.tsx(11,46): error TS2307: Cannot find module '@plane/types' or its corresponding type declarations.
core/components/power-k/ui/modal/search-menu.tsx(12,20): error TS2307: Cannot find module '@plane/utils' or its corresponding type declarations.
core/components/power-k/ui/modal/search-results-map.tsx(9,40): error TS2307: Cannot find module '@plane/propel/icons' or its corresponding type declarations.
core/components/power-k/ui/modal/search-results-map.tsx(16,8): error TS2307: Cannot find module '@plane/types' or its corresponding type declarations.
core/components/power-k/ui/modal/search-results-map.tsx(17,38): error TS2307: Cannot find module '@plane/utils' or its corresponding type declarations.
core/components/power-k/ui/modal/search-results.tsx(11,46): error TS2307: Cannot find module '@plane/types' or its corresponding type declarations.
core/components/power-k/ui/modal/search-results.tsx(42,27): error TS7006: Parameter 'item' implicitly has an 'any' type.
core/components/power-k/ui/modal/shortcuts-root.tsx(10,39): error TS2307: Cannot find module '@plane/propel/icons' or its corresponding type declarations.
core/components/power-k/ui/modal/shortcuts-root.tsx(11,28): error TS2307: Cannot find module '@plane/propel/scrollarea' or its corresponding type declarations.
core/components/power-k/ui/modal/shortcuts-root.tsx(12,23): error TS2307: Cannot find module '@plane/ui' or its corresponding type declarations.
core/components/power-k/ui/modal/shortcuts-root.tsx(80,36): error TS7006: Parameter 'e' implicitly has an 'any' type.
core/components/power-k/ui/pages/context-based/cycle/commands.ts(11,57): error TS2307: Cannot find module '@plane/constants' or its corresponding type declarations.
core/components/power-k/ui/pages/context-based/cycle/commands.ts(12,32): error TS2307: Cannot find module '@plane/i18n' or its corresponding type declarations.
core/components/power-k/ui/pages/context-based/cycle/commands.ts(13,26): error TS2307: Cannot find module '@plane/propel/icons' or its corresponding type declarations.
core/components/power-k/ui/pages/context-based/cycle/commands.ts(14,38): error TS2307: Cannot find module '@plane/propel/toast' or its corresponding type declarations.
core/components/power-k/ui/pages/context-based/cycle/commands.ts(15,37): error TS2307: Cannot find module '@plane/utils' or its corresponding type declarations.
core/components/power-k/ui/pages/context-based/module/commands.tsx(11,39): error TS2307: Cannot find module '@plane/constants' or its corresponding type declarations.
core/components/power-k/ui/pages/context-based/module/commands.tsx(12,32): error TS2307: Cannot find module '@plane/i18n' or its corresponding type declarations.
core/components/power-k/ui/pages/context-based/module/commands.tsx(13,44): error TS2307: Cannot find module '@plane/propel/icons' or its corresponding type declarations.
core/components/power-k/ui/pages/context-based/module/commands.tsx(14,38): error TS2307: Cannot find module '@plane/propel/toast' or its corresponding type declarations.
core/components/power-k/ui/pages/context-based/module/commands.tsx(15,45): error TS2307: Cannot find module '@plane/types' or its corresponding type declarations.
core/components/power-k/ui/pages/context-based/module/commands.tsx(16,34): error TS2307: Cannot find module '@plane/types' or its corresponding type declarations.
core/components/power-k/ui/pages/context-based/module/commands.tsx(17,37): error TS2307: Cannot find module '@plane/utils' or its corresponding type declarations.
core/components/power-k/ui/pages/context-based/module/status-menu.tsx(10,31): error TS2307: Cannot find module '@plane/constants' or its corresponding type declarations.
core/components/power-k/ui/pages/context-based/module/status-menu.tsx(11,32): error TS2307: Cannot find module '@plane/i18n' or its corresponding type declarations.
core/components/power-k/ui/pages/context-based/module/status-menu.tsx(12,34): error TS2307: Cannot find module '@plane/propel/icons' or its corresponding type declarations.
core/components/power-k/ui/pages/context-based/module/status-menu.tsx(13,36): error TS2307: Cannot find module '@plane/types' or its corresponding type declarations.
core/components/power-k/ui/pages/context-based/module/status-menu.tsx(29,27): error TS7006: Parameter 'status' implicitly has an 'any' type.
core/components/power-k/ui/pages/context-based/page/commands.ts(10,32): error TS2307: Cannot find module '@plane/i18n' or its corresponding type declarations.
core/components/power-k/ui/pages/context-based/page/commands.ts(12,47): error TS2307: Cannot find module '@plane/propel/icons' or its corresponding type declarations.
core/components/power-k/ui/pages/context-based/page/commands.ts(13,38): error TS2307: Cannot find module '@plane/propel/toast' or its corresponding type declarations.
core/components/power-k/ui/pages/context-based/page/commands.ts(14,29): error TS2307: Cannot find module '@plane/types' or its corresponding type declarations.
core/components/power-k/ui/pages/context-based/page/commands.ts(15,37): error TS2307: Cannot find module '@plane/utils' or its corresponding type declarations.
core/components/power-k/ui/pages/context-based/work-item/commands.ts(22,39): error TS2307: Cannot find module '@plane/constants' or its corresponding type declarations.
core/components/power-k/ui/pages/context-based/work-item/commands.ts(23,32): error TS2307: Cannot find module '@plane/i18n' or its corresponding type declarations.
core/components/power-k/ui/pages/context-based/work-item/commands.ts(24,79): error TS2307: Cannot find module '@plane/propel/icons' or its corresponding type declarations.
core/components/power-k/ui/pages/context-based/work-item/commands.ts(25,38): error TS2307: Cannot find module '@plane/propel/toast' or its corresponding type declarations.
core/components/power-k/ui/pages/context-based/work-item/commands.ts(26,77): error TS2307: Cannot find module '@plane/types' or its corresponding type declarations.
core/components/power-k/ui/pages/context-based/work-item/commands.ts(27,53): error TS2307: Cannot find module '@plane/types' or its corresponding type declarations.
core/components/power-k/ui/pages/context-based/work-item/commands.ts(28,37): error TS2307: Cannot find module '@plane/utils' or its corresponding type declarations.
core/components/power-k/ui/pages/context-based/work-item/cycles-menu.tsx(9,37): error TS2307: Cannot find module '@plane/types' or its corresponding type declarations.
core/components/power-k/ui/pages/context-based/work-item/cycles-menu.tsx(10,25): error TS2307: Cannot find module '@plane/ui' or its corresponding type declarations.
core/components/power-k/ui/pages/context-based/work-item/estimates-menu.tsx(11,32): error TS2307: Cannot find module '@plane/i18n' or its corresponding type declarations.
core/components/power-k/ui/pages/context-based/work-item/estimates-menu.tsx(12,33): error TS2307: Cannot find module '@plane/types' or its corresponding type declarations.
core/components/power-k/ui/pages/context-based/work-item/estimates-menu.tsx(13,29): error TS2307: Cannot find module '@plane/types' or its corresponding type declarations.
core/components/power-k/ui/pages/context-based/work-item/estimates-menu.tsx(14,25): error TS2307: Cannot find module '@plane/ui' or its corresponding type declarations.
core/components/power-k/ui/pages/context-based/work-item/estimates-menu.tsx(15,52): error TS2307: Cannot find module '@plane/utils' or its corresponding type declarations.
core/components/power-k/ui/pages/context-based/work-item/labels-menu.tsx(9,42): error TS2307: Cannot find module '@plane/types' or its corresponding type declarations.
core/components/power-k/ui/pages/context-based/work-item/labels-menu.tsx(10,25): error TS2307: Cannot find module '@plane/ui' or its corresponding type declarations.
core/components/power-k/ui/pages/context-based/work-item/modules-menu.tsx(9,38): error TS2307: Cannot find module '@plane/types' or its corresponding type declarations.
core/components/power-k/ui/pages/context-based/work-item/modules-menu.tsx(10,25): error TS2307: Cannot find module '@plane/ui' or its corresponding type declarations.
core/components/power-k/ui/pages/context-based/work-item/priorities-menu.tsx(10,34): error TS2307: Cannot find module '@plane/constants' or its corresponding type declarations.
core/components/power-k/ui/pages/context-based/work-item/priorities-menu.tsx(11,30): error TS2307: Cannot find module '@plane/propel/icons' or its corresponding type declarations.
core/components/power-k/ui/pages/context-based/work-item/priorities-menu.tsx(12,47): error TS2307: Cannot find module '@plane/types' or its corresponding type declarations.
core/components/power-k/ui/pages/context-based/work-item/priorities-menu.tsx(26,30): error TS7006: Parameter 'priority' implicitly has an 'any' type.
core/components/power-k/ui/pages/context-based/work-item/root.tsx(10,35): error TS2307: Cannot find module '@plane/types' or its corresponding type declarations.
core/components/power-k/ui/pages/context-based/work-item/state-menu-item.tsx(8,32): error TS2307: Cannot find module '@plane/propel/icons' or its corresponding type declarations.
core/components/power-k/ui/pages/context-based/work-item/state-menu-item.tsx(9,29): error TS2307: Cannot find module '@plane/types' or its corresponding type declarations.
core/components/power-k/ui/pages/context-based/work-item/states-menu.tsx(11,29): error TS2307: Cannot find module '@plane/types' or its corresponding type declarations.
core/components/power-k/ui/pages/context-based/work-item/states-menu.tsx(12,25): error TS2307: Cannot find module '@plane/ui' or its corresponding type declarations.
core/components/power-k/ui/pages/open-entity/project-cycles-menu.tsx(9,29): error TS2307: Cannot find module '@plane/types' or its corresponding type declarations.
core/components/power-k/ui/pages/open-entity/project-cycles-menu.tsx(10,25): error TS2307: Cannot find module '@plane/ui' or its corresponding type declarations.
core/components/power-k/ui/pages/open-entity/project-modules-menu.tsx(9,30): error TS2307: Cannot find module '@plane/types' or its corresponding type declarations.
core/components/power-k/ui/pages/open-entity/project-modules-menu.tsx(10,25): error TS2307: Cannot find module '@plane/ui' or its corresponding type declarations.
core/components/power-k/ui/pages/open-entity/project-settings-menu.tsx(9,57): error TS2307: Cannot find module '@plane/constants' or its corresponding type declarations.
core/components/power-k/ui/pages/open-entity/project-settings-menu.tsx(10,32): error TS2307: Cannot find module '@plane/i18n' or its corresponding type declarations.
core/components/power-k/ui/pages/open-entity/project-settings-menu.tsx(35,9): error TS18046: 'setting' is of type 'unknown'.
core/components/power-k/ui/pages/open-entity/project-settings-menu.tsx(42,5): error TS2698: Spread types may only be created from object types.
core/components/power-k/ui/pages/open-entity/project-settings-menu.tsx(43,14): error TS18046: 'setting' is of type 'unknown'.
core/components/power-k/ui/pages/open-entity/project-settings-menu.tsx(44,34): error TS18046: 'setting' is of type 'unknown'.
core/components/power-k/ui/pages/open-entity/project-views-menu.tsx(9,35): error TS2307: Cannot find module '@plane/types' or its corresponding type declarations.
core/components/power-k/ui/pages/open-entity/project-views-menu.tsx(10,25): error TS2307: Cannot find module '@plane/ui' or its corresponding type declarations.
core/components/power-k/ui/pages/open-entity/projects-menu.tsx(9,38): error TS2307: Cannot find module '@plane/types' or its corresponding type declarations.
core/components/power-k/ui/pages/open-entity/projects-menu.tsx(10,25): error TS2307: Cannot find module '@plane/ui' or its corresponding type declarations.
core/components/power-k/ui/pages/open-entity/workspace-settings-menu.tsx(9,59): error TS2307: Cannot find module '@plane/constants' or its corresponding type declarations.
core/components/power-k/ui/pages/open-entity/workspace-settings-menu.tsx(11,32): error TS2307: Cannot find module '@plane/i18n' or its corresponding type declarations.
core/components/power-k/ui/pages/open-entity/workspace-settings-menu.tsx(33,24): error TS18046: 'setting' is of type 'unknown'.
core/components/power-k/ui/pages/open-entity/workspace-settings-menu.tsx(36,5): error TS2698: Spread types may only be created from object types.
core/components/power-k/ui/pages/open-entity/workspace-settings-menu.tsx(37,14): error TS18046: 'setting' is of type 'unknown'.
core/components/power-k/ui/pages/open-entity/workspace-settings-menu.tsx(38,36): error TS18046: 'setting' is of type 'unknown'.
core/components/power-k/ui/pages/open-entity/workspaces-menu.tsx(9,33): error TS2307: Cannot find module '@plane/types' or its corresponding type declarations.
core/components/power-k/ui/pages/open-entity/workspaces-menu.tsx(10,25): error TS2307: Cannot find module '@plane/ui' or its corresponding type declarations.
core/components/power-k/ui/pages/preferences/languages-menu.tsx(11,37): error TS2307: Cannot find module '@plane/i18n' or its corresponding type declarations.
core/components/power-k/ui/pages/preferences/languages-menu.tsx(24,33): error TS7006: Parameter 'language' implicitly has an 'any' type.
core/components/power-k/ui/pages/preferences/start-of-week-menu.tsx(10,43): error TS2307: Cannot find module '@plane/constants' or its corresponding type declarations.
core/components/power-k/ui/pages/preferences/start-of-week-menu.tsx(11,38): error TS2307: Cannot find module '@plane/types' or its corresponding type declarations.
core/components/power-k/ui/pages/preferences/start-of-week-menu.tsx(24,39): error TS7006: Parameter 'day' implicitly has an 'any' type.
core/components/power-k/ui/pages/preferences/themes-menu.tsx(11,31): error TS2307: Cannot find module '@plane/constants' or its corresponding type declarations.
core/components/power-k/ui/pages/preferences/themes-menu.tsx(12,32): error TS2307: Cannot find module '@plane/i18n' or its corresponding type declarations.
core/components/power-k/ui/pages/preferences/themes-menu.tsx(36,27): error TS7006: Parameter 'theme' implicitly has an 'any' type.
core/components/power-k/ui/pages/work-item-selection-page.tsx(10,82): error TS2307: Cannot find module '@plane/types' or its corresponding type declarations.
core/components/power-k/ui/renderer/command.tsx(10,32): error TS2307: Cannot find module '@plane/i18n' or its corresponding type declarations.
core/components/power-k/ui/renderer/shortcut.tsx(8,32): error TS2307: Cannot find module '@plane/i18n' or its corresponding type declarations.
core/components/power-k/ui/renderer/shortcut.tsx(9,32): error TS2307: Cannot find module '@plane/utils' or its corresponding type declarations.
core/components/power-k/utils/navigation.ts(8,29): error TS2307: Cannot find module '@plane/utils' or its corresponding type declarations.
core/components/profile/activity/activity-list.tsx(12,44): error TS2307: Cannot find module '@plane/types' or its corresponding type declarations.
core/components/profile/activity/activity-list.tsx(13,46): error TS2307: Cannot find module '@plane/utils' or its corresponding type declarations.
core/components/profile/activity/activity-list.tsx(41,34): error TS7006: Parameter 'activityItem' implicitly has an 'any' type.
core/components/profile/activity/download-button.tsx(11,32): error TS2307: Cannot find module '@plane/i18n' or its corresponding type declarations.
core/components/profile/activity/download-button.tsx(12,24): error TS2307: Cannot find module '@plane/propel/button' or its corresponding type declarations.
core/components/profile/activity/download-button.tsx(14,44): error TS2307: Cannot find module '@plane/utils' or its corresponding type declarations.
core/components/profile/activity/workspace-activity-list.tsx(11,39): error TS2307: Cannot find module '@plane/constants' or its corresponding type declarations.
core/components/profile/overview/activity.tsx(11,32): error TS2307: Cannot find module '@plane/i18n' or its corresponding type declarations.
core/components/profile/overview/activity.tsx(12,24): error TS2307: Cannot find module '@plane/propel/avatar' or its corresponding type declarations.
core/components/profile/overview/activity.tsx(13,35): error TS2307: Cannot find module '@plane/propel/empty-state' or its corresponding type declarations.
core/components/profile/overview/activity.tsx(14,30): error TS2307: Cannot find module '@plane/ui' or its corresponding type declarations.
core/components/profile/overview/activity.tsx(15,46): error TS2307: Cannot find module '@plane/utils' or its corresponding type declarations.
core/components/profile/overview/activity.tsx(19,39): error TS2307: Cannot find module '@plane/constants' or its corresponding type declarations.
core/components/profile/overview/activity.tsx(58,47): error TS7006: Parameter 'activity' implicitly has an 'any' type.
core/components/profile/overview/priority-distribution.tsx(8,32): error TS2307: Cannot find module '@plane/i18n' or its corresponding type declarations.
core/components/profile/overview/priority-distribution.tsx(9,26): error TS2307: Cannot find module '@plane/propel/charts/bar-chart' or its corresponding type declarations.
core/components/profile/overview/priority-distribution.tsx(10,35): error TS2307: Cannot find module '@plane/propel/empty-state' or its corresponding type declarations.
core/components/profile/overview/priority-distribution.tsx(11,39): error TS2307: Cannot find module '@plane/types' or its corresponding type declarations.
core/components/profile/overview/priority-distribution.tsx(12,30): error TS2307: Cannot find module '@plane/ui' or its corresponding type declarations.
core/components/profile/overview/priority-distribution.tsx(13,39): error TS2307: Cannot find module '@plane/utils' or its corresponding type declarations.
core/components/profile/overview/priority-distribution.tsx(38,60): error TS7006: Parameter 'priority' implicitly has an 'any' type.
core/components/profile/overview/state-distribution.tsx(8,30): error TS2307: Cannot find module '@plane/constants' or its corresponding type declarations.
core/components/profile/overview/state-distribution.tsx(9,32): error TS2307: Cannot find module '@plane/i18n' or its corresponding type declarations.
core/components/profile/overview/state-distribution.tsx(10,26): error TS2307: Cannot find module '@plane/propel/charts/pie-chart' or its corresponding type declarations.
core/components/profile/overview/state-distribution.tsx(11,35): error TS2307: Cannot find module '@plane/propel/empty-state' or its corresponding type declarations.
core/components/profile/overview/state-distribution.tsx(12,63): error TS2307: Cannot find module '@plane/types' or its corresponding type declarations.
core/components/profile/overview/state-distribution.tsx(13,22): error TS2307: Cannot find module '@plane/ui' or its corresponding type declarations.
core/components/profile/overview/state-distribution.tsx(14,39): error TS2307: Cannot find module '@plane/utils' or its corresponding type declarations.
core/components/profile/overview/state-distribution.tsx(41,53): error TS7006: Parameter 'group' implicitly has an 'any' type.
core/components/profile/overview/state-distribution.tsx(49,58): error TS7006: Parameter 'group' implicitly has an 'any' type.
core/components/profile/overview/stats.tsx(11,32): error TS2307: Cannot find module '@plane/i18n' or its corresponding type declarations.
core/components/profile/overview/stats.tsx(12,68): error TS2307: Cannot find module '@plane/propel/icons' or its corresponding type declarations.
core/components/profile/overview/stats.tsx(13,39): error TS2307: Cannot find module '@plane/types' or its corresponding type declarations.
core/components/profile/overview/stats.tsx(14,60): error TS2307: Cannot find module '@plane/ui' or its corresponding type declarations.
core/components/profile/overview/workload.tsx(8,30): error TS2307: Cannot find module '@plane/constants' or its corresponding type declarations.
core/components/profile/overview/workload.tsx(10,32): error TS2307: Cannot find module '@plane/i18n' or its corresponding type declarations.
core/components/profile/overview/workload.tsx(11,45): error TS2307: Cannot find module '@plane/types' or its corresponding type declarations.
core/components/profile/overview/workload.tsx(12,52): error TS2307: Cannot find module '@plane/ui' or its corresponding type declarations.
core/components/profile/profile-issues-filter.tsx(11,65): error TS2307: Cannot find module '@plane/constants' or its corresponding type declarations.
core/components/profile/profile-issues-filter.tsx(13,32): error TS2307: Cannot find module '@plane/i18n' or its corresponding type declarations.
core/components/profile/profile-issues-filter.tsx(15,74): error TS2307: Cannot find module '@plane/types' or its corresponding type declarations.
core/components/profile/profile-issues-filter.tsx(16,53): error TS2307: Cannot find module '@plane/types' or its corresponding type declarations.
core/components/profile/profile-issues-filter.tsx(39,47): error TS2345: Argument of type 'undefined' is not assignable to parameter of type 'string'.
core/components/profile/profile-issues-filter.tsx(49,9): error TS2345: Argument of type 'undefined' is not assignable to parameter of type 'string'.
core/components/profile/profile-issues-filter.tsx(61,47): error TS2345: Argument of type 'undefined' is not assignable to parameter of type 'string'.
core/components/profile/profile-issues.tsx(12,47): error TS2307: Cannot find module '@plane/constants' or its corresponding type declarations.
core/components/profile/profile-issues.tsx(13,34): error TS2307: Cannot find module '@plane/types' or its corresponding type declarations.
core/components/profile/profile-issues.tsx(33,15): error TS2339: Property 'setViewId' does not exist on type 'IModuleIssues | IArchivedIssues | IWorkspaceIssues | IProfileIssues | IProjectViewIssues | IWorkspaceDraftIssues'.
core/components/profile/profile-issues.tsx(47,15): error TS2554: Expected 3 arguments, but got 2.
core/components/profile/profile-issues.tsx(60,24): error TS2684: The 'this' context of type '((workspaceSlug: string, projectId: string, filters: TWorkItemFilterExpression) => Promise<void>) | ((workspaceSlug: string, viewId: string, filters: TWorkItemFilterExpression) => Promise<void>) | ((workspaceSlug: string, projectId: string, moduleId: string, filters: TWorkItemFilterExpression) => Promise<...>) | ((w...' is not assignable to method's 'this' of type '(this: ((workspaceSlug: string, projectId: string, filters: TWorkItemFilterExpression) => Promise<void>) | ((workspaceSlug: string, viewId: string, filters: TWorkItemFilterExpression) => Promise<...>) | ((workspaceSlug: string, projectId: string, moduleId: string, filters: TWorkItemFilterExpression) => Promise<...>)...'.
  Type '(workspaceSlug: string, projectId: string, moduleId: string, filters: TWorkItemFilterExpression) => Promise<void>' is not assignable to type '(this: ((workspaceSlug: string, projectId: string, filters: TWorkItemFilterExpression) => Promise<void>) | ((workspaceSlug: string, viewId: string, filters: TWorkItemFilterExpression) => Promise<...>) | ((workspaceSlug: string, projectId: string, moduleId: string, filters: TWorkItemFilterExpression) => Promise<...>)...'.
    Target signature provides too few arguments. Expected 4 or more, but got 3.
core/components/profile/profile-setting-content-wrapper.tsx(7,20): error TS2307: Cannot find module '@plane/utils' or its corresponding type declarations.
core/components/profile/sidebar.tsx(12,41): error TS2307: Cannot find module '@plane/hooks' or its corresponding type declarations.
core/components/profile/sidebar.tsx(13,32): error TS2307: Cannot find module '@plane/i18n' or its corresponding type declarations.
core/components/profile/sidebar.tsx(14,22): error TS2307: Cannot find module '@plane/propel/emoji-icon-picker' or its corresponding type declarations.
core/components/profile/sidebar.tsx(15,28): error TS2307: Cannot find module '@plane/propel/icon-button' or its corresponding type declarations.
core/components/profile/sidebar.tsx(16,43): error TS2307: Cannot find module '@plane/propel/icons' or its corresponding type declarations.
core/components/profile/sidebar.tsx(17,25): error TS2307: Cannot find module '@plane/propel/tooltip' or its corresponding type declarations.
core/components/profile/sidebar.tsx(18,53): error TS2307: Cannot find module '@plane/types' or its corresponding type declarations.
core/components/profile/sidebar.tsx(19,24): error TS2307: Cannot find module '@plane/ui' or its corresponding type declarations.
core/components/profile/sidebar.tsx(20,53): error TS2307: Cannot find module '@plane/utils' or its corresponding type declarations.
core/components/profile/sidebar.tsx(148,51): error TS7006: Parameter 'project' implicitly has an 'any' type.
core/components/profile/sidebar.tsx(148,60): error TS7006: Parameter 'index' implicitly has an 'any' type.
core/components/profile/start-of-week-preference.tsx(9,43): error TS2307: Cannot find module '@plane/constants' or its corresponding type declarations.
core/components/profile/start-of-week-preference.tsx(10,38): error TS2307: Cannot find module '@plane/propel/toast' or its corresponding type declarations.
core/components/profile/start-of-week-preference.tsx(11,38): error TS2307: Cannot find module '@plane/types' or its corresponding type declarations.
core/components/profile/start-of-week-preference.tsx(12,30): error TS2307: Cannot find module '@plane/ui' or its corresponding type declarations.
core/components/profile/start-of-week-preference.tsx(19,35): error TS7006: Parameter 'option' implicitly has an 'any' type.
core/components/profile/start-of-week-preference.tsx(51,45): error TS7006: Parameter 'day' implicitly has an 'any' type.
core/components/project-states/create-update/create.tsx(9,30): error TS2307: Cannot find module '@plane/constants' or its corresponding type declarations.
core/components/project-states/create-update/create.tsx(10,38): error TS2307: Cannot find module '@plane/propel/toast' or its corresponding type declarations.
core/components/project-states/create-update/create.tsx(11,70): error TS2307: Cannot find module '@plane/types' or its corresponding type declarations.
core/components/project-states/create-update/form.tsx(9,24): error TS2307: Cannot find module '@plane/propel/button' or its corresponding type declarations.
core/components/project-states/create-update/form.tsx(10,29): error TS2307: Cannot find module '@plane/types' or its corresponding type declarations.
core/components/project-states/create-update/form.tsx(11,42): error TS2307: Cannot find module '@plane/ui' or its corresponding type declarations.
core/components/project-states/create-update/form.tsx(43,18): error TS7006: Parameter 'prev' implicitly has an 'any' type.
core/components/project-states/create-update/form.tsx(82,22): error TS7006: Parameter 'e' implicitly has an 'any' type.
core/components/project-states/create-update/form.tsx(95,22): error TS7006: Parameter 'e' implicitly has an 'any' type.
core/components/project-states/create-update/update.tsx(9,38): error TS2307: Cannot find module '@plane/propel/toast' or its corresponding type declarations.
core/components/project-states/create-update/update.tsx(10,56): error TS2307: Cannot find module '@plane/types' or its corresponding type declarations.
core/components/project-states/group-item.tsx(11,51): error TS2307: Cannot find module '@plane/constants' or its corresponding type declarations.
core/components/project-states/group-item.tsx(12,32): error TS2307: Cannot find module '@plane/i18n' or its corresponding type declarations.
core/components/project-states/group-item.tsx(13,59): error TS2307: Cannot find module '@plane/propel/icons' or its corresponding type declarations.
core/components/project-states/group-item.tsx(14,70): error TS2307: Cannot find module '@plane/types' or its corresponding type declarations.
core/components/project-states/group-item.tsx(15,20): error TS2307: Cannot find module '@plane/utils' or its corresponding type declarations.
core/components/project-states/group-list.tsx(10,70): error TS2307: Cannot find module '@plane/types' or its corresponding type declarations.
core/components/project-states/group-list.tsx(11,20): error TS2307: Cannot find module '@plane/utils' or its corresponding type declarations.
core/components/project-states/loader.tsx(7,24): error TS2307: Cannot find module '@plane/ui' or its corresponding type declarations.
core/components/project-states/options/delete.tsx(10,27): error TS2307: Cannot find module '@plane/propel/icons' or its corresponding type declarations.
core/components/project-states/options/delete.tsx(12,38): error TS2307: Cannot find module '@plane/propel/toast' or its corresponding type declarations.
core/components/project-states/options/delete.tsx(13,25): error TS2307: Cannot find module '@plane/propel/tooltip' or its corresponding type declarations.
core/components/project-states/options/delete.tsx(14,56): error TS2307: Cannot find module '@plane/types' or its corresponding type declarations.
core/components/project-states/options/delete.tsx(15,32): error TS2307: Cannot find module '@plane/ui' or its corresponding type declarations.
core/components/project-states/options/delete.tsx(16,20): error TS2307: Cannot find module '@plane/utils' or its corresponding type declarations.
core/components/project-states/options/mark-as-default.tsx(10,48): error TS2307: Cannot find module '@plane/types' or its corresponding type declarations.
core/components/project-states/options/mark-as-default.tsx(11,20): error TS2307: Cannot find module '@plane/utils' or its corresponding type declarations.
core/components/project-states/root.tsx(11,39): error TS2307: Cannot find module '@plane/constants' or its corresponding type declarations.
core/components/project-states/root.tsx(12,56): error TS2307: Cannot find module '@plane/types' or its corresponding type declarations.
core/components/project-states/root.tsx(13,35): error TS2307: Cannot find module '@plane/types' or its corresponding type declarations.
core/components/project-states/state-delete-modal.tsx(11,38): error TS2307: Cannot find module '@plane/propel/toast' or its corresponding type declarations.
core/components/project-states/state-delete-modal.tsx(12,29): error TS2307: Cannot find module '@plane/types' or its corresponding type declarations.
core/components/project-states/state-delete-modal.tsx(14,32): error TS2307: Cannot find module '@plane/ui' or its corresponding type declarations.
core/components/project-states/state-item-title.tsx(10,51): error TS2307: Cannot find module '@plane/constants' or its corresponding type declarations.
core/components/project-states/state-item-title.tsx(12,42): error TS2307: Cannot find module '@plane/propel/icons' or its corresponding type declarations.
core/components/project-states/state-item-title.tsx(13,56): error TS2307: Cannot find module '@plane/types' or its corresponding type declarations.
core/components/project-states/state-item.tsx(13,37): error TS2307: Cannot find module '@plane/constants' or its corresponding type declarations.
core/components/project-states/state-item.tsx(14,70): error TS2307: Cannot find module '@plane/types' or its corresponding type declarations.
core/components/project-states/state-item.tsx(15,31): error TS2307: Cannot find module '@plane/ui' or its corresponding type declarations.
core/components/project-states/state-item.tsx(16,45): error TS2307: Cannot find module '@plane/utils' or its corresponding type declarations.
core/components/project-states/state-list.tsx(8,70): error TS2307: Cannot find module '@plane/types' or its corresponding type declarations.
core/components/project/applied-filters/access.tsx(9,33): error TS2307: Cannot find module '@plane/constants' or its corresponding type declarations.
core/components/project/applied-filters/access.tsx(10,32): error TS2307: Cannot find module '@plane/i18n' or its corresponding type declarations.
core/components/project/applied-filters/access.tsx(11,27): error TS2307: Cannot find module '@plane/propel/icons' or its corresponding type declarations.
core/components/project/applied-filters/access.tsx(26,53): error TS7006: Parameter 's' implicitly has an 'any' type.
core/components/project/applied-filters/date.tsx(8,51): error TS2307: Cannot find module '@plane/constants' or its corresponding type declarations.
core/components/project/applied-filters/date.tsx(9,27): error TS2307: Cannot find module '@plane/propel/icons' or its corresponding type declarations.
core/components/project/applied-filters/date.tsx(11,60): error TS2307: Cannot find module '@plane/utils' or its corresponding type declarations.
core/components/project/applied-filters/date.tsx(26,65): error TS7006: Parameter 'd' implicitly has an 'any' type.
core/components/project/applied-filters/members.tsx(8,27): error TS2307: Cannot find module '@plane/propel/icons' or its corresponding type declarations.
core/components/project/applied-filters/members.tsx(10,24): error TS2307: Cannot find module '@plane/ui' or its corresponding type declarations.
core/components/project/applied-filters/members.tsx(12,28): error TS2307: Cannot find module '@plane/utils' or its corresponding type declarations.
core/components/project/applied-filters/project-display-filters.tsx(10,48): error TS2307: Cannot find module '@plane/constants' or its corresponding type declarations.
core/components/project/applied-filters/project-display-filters.tsx(11,32): error TS2307: Cannot find module '@plane/i18n' or its corresponding type declarations.
core/components/project/applied-filters/project-display-filters.tsx(12,27): error TS2307: Cannot find module '@plane/propel/icons' or its corresponding type declarations.
core/components/project/applied-filters/project-display-filters.tsx(13,55): error TS2307: Cannot find module '@plane/types' or its corresponding type declarations.
core/components/project/applied-filters/project-display-filters.tsx(29,66): error TS7006: Parameter 's' implicitly has an 'any' type.
core/components/project/applied-filters/root.tsx(7,32): error TS2307: Cannot find module '@plane/i18n' or its corresponding type declarations.
core/components/project/applied-filters/root.tsx(8,27): error TS2307: Cannot find module '@plane/propel/icons' or its corresponding type declarations.
core/components/project/applied-filters/root.tsx(10,25): error TS2307: Cannot find module '@plane/propel/tooltip' or its corresponding type declarations.
core/components/project/applied-filters/root.tsx(11,72): error TS2307: Cannot find module '@plane/types' or its corresponding type declarations.
core/components/project/applied-filters/root.tsx(12,45): error TS2307: Cannot find module '@plane/ui' or its corresponding type declarations.
core/components/project/applied-filters/root.tsx(13,46): error TS2307: Cannot find module '@plane/utils' or its corresponding type declarations.
core/components/project/applied-filters/root.tsx(69,19): error TS2740: Type '{}' is missing the following properties from type 'string[]': length, pop, push, concat, and 29 more.
core/components/project/applied-filters/root.tsx(72,38): error TS2345: Argument of type 'string | number | symbol' is not assignable to parameter of type 'string'.
  Type 'number' is not assignable to type 'string'.
core/components/project/applied-filters/root.tsx(76,19): error TS2740: Type '{}' is missing the following properties from type 'string[]': length, pop, push, concat, and 29 more.
core/components/project/applied-filters/root.tsx(79,41): error TS2345: Argument of type 'string | number | symbol' is not assignable to parameter of type 'string'.
  Type 'number' is not assignable to type 'string'.
core/components/project/applied-filters/root.tsx(83,19): error TS2740: Type '{}' is missing the following properties from type 'string[]': length, pop, push, concat, and 29 more.
core/components/project/archive-restore-modal.tsx(9,24): error TS2307: Cannot find module '@plane/propel/button' or its corresponding type declarations.
core/components/project/archive-restore-modal.tsx(10,38): error TS2307: Cannot find module '@plane/propel/toast' or its corresponding type declarations.
core/components/project/archive-restore-modal.tsx(11,56): error TS2307: Cannot find module '@plane/ui' or its corresponding type declarations.
core/components/project/card-list.tsx(9,57): error TS2307: Cannot find module '@plane/constants' or its corresponding type declarations.
core/components/project/card-list.tsx(10,32): error TS2307: Cannot find module '@plane/i18n' or its corresponding type declarations.
core/components/project/card-list.tsx(11,36): error TS2307: Cannot find module '@plane/propel/empty-state' or its corresponding type declarations.
core/components/project/card-list.tsx(12,32): error TS2307: Cannot find module '@plane/ui' or its corresponding type declarations.
core/components/project/card-list.tsx(14,39): error TS2307: Cannot find module '@plane/utils' or its corresponding type declarations.
core/components/project/card.tsx(13,80): error TS2307: Cannot find module '@plane/constants' or its corresponding type declarations.
core/components/project/card.tsx(14,33): error TS2307: Cannot find module '@plane/hooks' or its corresponding type declarations.
core/components/project/card.tsx(15,24): error TS2307: Cannot find module '@plane/propel/button' or its corresponding type declarations.
core/components/project/card.tsx(16,22): error TS2307: Cannot find module '@plane/propel/emoji-icon-picker' or its corresponding type declarations.
core/components/project/card.tsx(17,70): error TS2307: Cannot find module '@plane/propel/icons' or its corresponding type declarations.
core/components/project/card.tsx(18,55): error TS2307: Cannot find module '@plane/propel/toast' or its corresponding type declarations.
core/components/project/card.tsx(19,25): error TS2307: Cannot find module '@plane/propel/tooltip' or its corresponding type declarations.
core/components/project/card.tsx(20,31): error TS2307: Cannot find module '@plane/types' or its corresponding type declarations.
core/components/project/card.tsx(21,39): error TS2307: Cannot find module '@plane/ui' or its corresponding type declarations.
core/components/project/card.tsx(22,64): error TS2307: Cannot find module '@plane/ui' or its corresponding type declarations.
core/components/project/card.tsx(23,73): error TS2307: Cannot find module '@plane/utils' or its corresponding type declarations.
core/components/project/card.tsx(255,31): error TS7006: Parameter 'e' implicitly has an 'any' type.
core/components/project/card.tsx(292,47): error TS7006: Parameter 'memberId' implicitly has an 'any' type.
core/components/project/card.tsx(359,33): error TS7006: Parameter 'e' implicitly has an 'any' type.
core/components/project/confirm-project-member-remove.tsx(12,24): error TS2307: Cannot find module '@plane/propel/button' or its corresponding type declarations.
core/components/project/confirm-project-member-remove.tsx(13,32): error TS2307: Cannot find module '@plane/types' or its corresponding type declarations.
core/components/project/confirm-project-member-remove.tsx(15,56): error TS2307: Cannot find module '@plane/ui' or its corresponding type declarations.
core/components/project/create-project-modal.tsx(8,56): error TS2307: Cannot find module '@plane/ui' or its corresponding type declarations.
core/components/project/create-project-modal.tsx(9,53): error TS2307: Cannot find module '@plane/utils' or its corresponding type declarations.
core/components/project/create-project-modal.tsx(17,31): error TS2307: Cannot find module '@plane/types' or its corresponding type declarations.
core/components/project/create/common-attributes.tsx(10,26): error TS2307: Cannot find module '@plane/propel/icons' or its corresponding type declarations.
core/components/project/create/common-attributes.tsx(12,29): error TS2307: Cannot find module '@plane/constants' or its corresponding type declarations.
core/components/project/create/common-attributes.tsx(13,32): error TS2307: Cannot find module '@plane/i18n' or its corresponding type declarations.
core/components/project/create/common-attributes.tsx(14,31): error TS2307: Cannot find module '@plane/types' or its corresponding type declarations.
core/components/project/create/common-attributes.tsx(16,25): error TS2307: Cannot find module '@plane/propel/tooltip' or its corresponding type declarations.
core/components/project/create/common-attributes.tsx(17,33): error TS2307: Cannot find module '@plane/ui' or its corresponding type declarations.
core/components/project/create/common-attributes.tsx(18,61): error TS2307: Cannot find module '@plane/utils' or its corresponding type declarations.
core/components/project/create/common-attributes.tsx(140,26): error TS7006: Parameter 'e' implicitly has an 'any' type.
core/components/project/create/header.tsx(10,29): error TS2307: Cannot find module '@plane/constants' or its corresponding type declarations.
core/components/project/create/header.tsx(11,32): error TS2307: Cannot find module '@plane/i18n' or its corresponding type declarations.
core/components/project/create/header.tsx(12,57): error TS2307: Cannot find module '@plane/propel/emoji-icon-picker' or its corresponding type declarations.
core/components/project/create/header.tsx(13,27): error TS2307: Cannot find module '@plane/propel/icons' or its corresponding type declarations.
core/components/project/create/header.tsx(15,31): error TS2307: Cannot find module '@plane/types' or its corresponding type declarations.
core/components/project/create/header.tsx(17,29): error TS2307: Cannot find module '@plane/utils' or its corresponding type declarations.
core/components/project/create/project-create-buttons.tsx(9,29): error TS2307: Cannot find module '@plane/constants' or its corresponding type declarations.
core/components/project/create/project-create-buttons.tsx(10,32): error TS2307: Cannot find module '@plane/i18n' or its corresponding type declarations.
core/components/project/create/project-create-buttons.tsx(11,24): error TS2307: Cannot find module '@plane/propel/button' or its corresponding type declarations.
core/components/project/create/project-create-buttons.tsx(12,31): error TS2307: Cannot find module '@plane/types' or its corresponding type declarations.
core/components/project/create/project-create-buttons.tsx(15,29): error TS2307: Cannot find module '@plane/utils' or its corresponding type declarations.
core/components/project/delete-project-modal.tsx(11,24): error TS2307: Cannot find module '@plane/propel/button' or its corresponding type declarations.
core/components/project/delete-project-modal.tsx(12,38): error TS2307: Cannot find module '@plane/propel/toast' or its corresponding type declarations.
core/components/project/delete-project-modal.tsx(13,31): error TS2307: Cannot find module '@plane/types' or its corresponding type declarations.
core/components/project/delete-project-modal.tsx(14,63): error TS2307: Cannot find module '@plane/ui' or its corresponding type declarations.
core/components/project/dropdowns/filters/access.tsx(10,33): error TS2307: Cannot find module '@plane/constants' or its corresponding type declarations.
core/components/project/dropdowns/filters/access.tsx(11,32): error TS2307: Cannot find module '@plane/i18n' or its corresponding type declarations.
core/components/project/dropdowns/filters/access.tsx(30,51): error TS7006: Parameter 'a' implicitly has an 'any' type.
core/components/project/dropdowns/filters/access.tsx(42,34): error TS7006: Parameter 'access' implicitly has an 'any' type.
core/components/project/dropdowns/filters/created-at.tsx(10,51): error TS2307: Cannot find module '@plane/constants' or its corresponding type declarations.
core/components/project/dropdowns/filters/created-at.tsx(12,32): error TS2307: Cannot find module '@plane/utils' or its corresponding type declarations.
core/components/project/dropdowns/filters/created-at.tsx(31,69): error TS7006: Parameter 'd' implicitly has an 'any' type.
core/components/project/dropdowns/filters/created-at.tsx(65,37): error TS7006: Parameter 'option' implicitly has an 'any' type.
core/components/project/dropdowns/filters/lead.tsx(11,32): error TS2307: Cannot find module '@plane/ui' or its corresponding type declarations.
core/components/project/dropdowns/filters/lead.tsx(13,28): error TS2307: Cannot find module '@plane/utils' or its corresponding type declarations.
core/components/project/dropdowns/filters/member-list.tsx(10,24): error TS2307: Cannot find module '@plane/propel/button' or its corresponding type declarations.
core/components/project/dropdowns/filters/member-list.tsx(11,33): error TS2307: Cannot find module '@plane/propel/icons' or its corresponding type declarations.
core/components/project/dropdowns/filters/member-list.tsx(12,56): error TS2307: Cannot find module '@plane/types' or its corresponding type declarations.
core/components/project/dropdowns/filters/member-list.tsx(14,28): error TS2307: Cannot find module '@plane/ui' or its corresponding type declarations.
core/components/project/dropdowns/filters/members.tsx(11,32): error TS2307: Cannot find module '@plane/ui' or its corresponding type declarations.
core/components/project/dropdowns/filters/members.tsx(13,28): error TS2307: Cannot find module '@plane/utils' or its corresponding type declarations.
core/components/project/dropdowns/filters/root.tsx(9,39): error TS2307: Cannot find module '@plane/propel/icons' or its corresponding type declarations.
core/components/project/dropdowns/filters/root.tsx(11,62): error TS2307: Cannot find module '@plane/types' or its corresponding type declarations.
core/components/project/dropdowns/order-by.tsx(9,42): error TS2307: Cannot find module '@plane/constants' or its corresponding type declarations.
core/components/project/dropdowns/order-by.tsx(10,32): error TS2307: Cannot find module '@plane/i18n' or its corresponding type declarations.
core/components/project/dropdowns/order-by.tsx(11,34): error TS2307: Cannot find module '@plane/propel/button' or its corresponding type declarations.
core/components/project/dropdowns/order-by.tsx(12,27): error TS2307: Cannot find module '@plane/propel/icons' or its corresponding type declarations.
core/components/project/dropdowns/order-by.tsx(13,45): error TS2307: Cannot find module '@plane/types' or its corresponding type declarations.
core/components/project/dropdowns/order-by.tsx(14,28): error TS2307: Cannot find module '@plane/ui' or its corresponding type declarations.
core/components/project/dropdowns/order-by.tsx(28,57): error TS7006: Parameter 'option' implicitly has an 'any' type.
core/components/project/dropdowns/order-by.tsx(54,38): error TS7006: Parameter 'option' implicitly has an 'any' type.
core/components/project/empty-state.tsx(9,24): error TS2307: Cannot find module '@plane/propel/button' or its corresponding type declarations.
core/components/project/filters.tsx(12,32): error TS2307: Cannot find module '@plane/i18n' or its corresponding type declarations.
core/components/project/filters.tsx(13,38): error TS2307: Cannot find module '@plane/types' or its corresponding type declarations.
core/components/project/filters.tsx(14,43): error TS2307: Cannot find module '@plane/utils' or its corresponding type declarations.
core/components/project/filters.tsx(55,53): error TS7006: Parameter 'v' implicitly has an 'any' type.
core/components/project/form-loader.tsx(8,24): error TS2307: Cannot find module '@plane/ui' or its corresponding type declarations.
core/components/project/form.tsx(10,33): error TS2307: Cannot find module '@plane/constants' or its corresponding type declarations.
core/components/project/form.tsx(11,32): error TS2307: Cannot find module '@plane/i18n' or its corresponding type declarations.
core/components/project/form.tsx(13,24): error TS2307: Cannot find module '@plane/propel/button' or its corresponding type declarations.
core/components/project/form.tsx(14,57): error TS2307: Cannot find module '@plane/propel/emoji-icon-picker' or its corresponding type declarations.
core/components/project/form.tsx(15,26): error TS2307: Cannot find module '@plane/propel/icons' or its corresponding type declarations.
core/components/project/form.tsx(16,38): error TS2307: Cannot find module '@plane/propel/toast' or its corresponding type declarations.
core/components/project/form.tsx(17,25): error TS2307: Cannot find module '@plane/propel/tooltip' or its corresponding type declarations.
core/components/project/form.tsx(18,32): error TS2307: Cannot find module '@plane/types' or its corresponding type declarations.
core/components/project/form.tsx(19,43): error TS2307: Cannot find module '@plane/types' or its corresponding type declarations.
core/components/project/form.tsx(20,47): error TS2307: Cannot find module '@plane/ui' or its corresponding type declarations.
core/components/project/form.tsx(21,37): error TS2307: Cannot find module '@plane/utils' or its corresponding type declarations.
core/components/project/form.tsx(70,48): error TS7006: Parameter 'n' implicitly has an 'any' type.
core/components/project/form.tsx(378,63): error TS7006: Parameter 'n' implicitly has an 'any' type.
core/components/project/form.tsx(400,43): error TS7006: Parameter 'network' implicitly has an 'any' type.
core/components/project/header.tsx(10,83): error TS2307: Cannot find module '@plane/constants' or its corresponding type declarations.
core/components/project/header.tsx(11,32): error TS2307: Cannot find module '@plane/i18n' or its corresponding type declarations.
core/components/project/header.tsx(13,24): error TS2307: Cannot find module '@plane/propel/button' or its corresponding type declarations.
core/components/project/header.tsx(14,29): error TS2307: Cannot find module '@plane/propel/icons' or its corresponding type declarations.
core/components/project/header.tsx(15,37): error TS2307: Cannot find module '@plane/ui' or its corresponding type declarations.
core/components/project/integration-card.tsx(9,38): error TS2307: Cannot find module '@plane/propel/toast' or its corresponding type declarations.
core/components/project/integration-card.tsx(10,44): error TS2307: Cannot find module '@plane/types' or its corresponding type declarations.
core/components/project/integration-card.tsx(18,43): error TS2307: Cannot find module '@plane/constants' or its corresponding type declarations.
core/components/project/join-project-modal.tsx(9,24): error TS2307: Cannot find module '@plane/propel/button' or its corresponding type declarations.
core/components/project/join-project-modal.tsx(10,31): error TS2307: Cannot find module '@plane/types' or its corresponding type declarations.
core/components/project/join-project-modal.tsx(12,56): error TS2307: Cannot find module '@plane/ui' or its corresponding type declarations.
core/components/project/leave-project-modal.tsx(12,24): error TS2307: Cannot find module '@plane/propel/button' or its corresponding type declarations.
core/components/project/leave-project-modal.tsx(13,38): error TS2307: Cannot find module '@plane/propel/toast' or its corresponding type declarations.
core/components/project/leave-project-modal.tsx(14,31): error TS2307: Cannot find module '@plane/types' or its corresponding type declarations.
core/components/project/leave-project-modal.tsx(15,63): error TS2307: Cannot find module '@plane/ui' or its corresponding type declarations.
core/components/project/member-header-column.tsx(11,77): error TS2307: Cannot find module '@plane/constants' or its corresponding type declarations.
core/components/project/member-header-column.tsx(12,41): error TS2307: Cannot find module '@plane/constants' or its corresponding type declarations.
core/components/project/member-header-column.tsx(14,32): error TS2307: Cannot find module '@plane/i18n' or its corresponding type declarations.
core/components/project/member-header-column.tsx(16,28): error TS2307: Cannot find module '@plane/ui' or its corresponding type declarations.
core/components/project/member-list-item.tsx(9,38): error TS2307: Cannot find module '@plane/propel/toast' or its corresponding type declarations.
core/components/project/member-list-item.tsx(10,23): error TS2307: Cannot find module '@plane/ui' or its corresponding type declarations.
core/components/project/member-list-item.tsx(84,24): error TS7006: Parameter 'rowData' implicitly has an 'any' type.
core/components/project/member-list.tsx(10,82): error TS2307: Cannot find module '@plane/constants' or its corresponding type declarations.
core/components/project/member-list.tsx(11,32): error TS2307: Cannot find module '@plane/i18n' or its corresponding type declarations.
core/components/project/member-list.tsx(12,24): error TS2307: Cannot find module '@plane/propel/button' or its corresponding type declarations.
core/components/project/member-list.tsx(13,28): error TS2307: Cannot find module '@plane/propel/icons' or its corresponding type declarations.
core/components/project/member-select.tsx(11,35): error TS2307: Cannot find module '@plane/types' or its corresponding type declarations.
core/components/project/member-select.tsx(13,44): error TS2307: Cannot find module '@plane/ui' or its corresponding type declarations.
core/components/project/member-select.tsx(15,28): error TS2307: Cannot find module '@plane/utils' or its corresponding type declarations.
core/components/project/multi-select-modal.tsx(13,32): error TS2307: Cannot find module '@plane/i18n' or its corresponding type declarations.
core/components/project/multi-select-modal.tsx(14,24): error TS2307: Cannot find module '@plane/propel/button' or its corresponding type declarations.
core/components/project/multi-select-modal.tsx(15,22): error TS2307: Cannot find module '@plane/propel/emoji-icon-picker' or its corresponding type declarations.
core/components/project/multi-select-modal.tsx(16,39): error TS2307: Cannot find module '@plane/propel/icons' or its corresponding type declarations.
core/components/project/multi-select-modal.tsx(17,66): error TS2307: Cannot find module '@plane/ui' or its corresponding type declarations.
core/components/project/multi-select-modal.tsx(18,20): error TS2307: Cannot find module '@plane/utils' or its corresponding type declarations.
core/components/project/project-feature-update.tsx(9,32): error TS2307: Cannot find module '@plane/i18n' or its corresponding type declarations.
core/components/project/project-feature-update.tsx(11,42): error TS2307: Cannot find module '@plane/propel/button' or its corresponding type declarations.
core/components/project/project-feature-update.tsx(12,22): error TS2307: Cannot find module '@plane/propel/emoji-icon-picker' or its corresponding type declarations.
core/components/project/project-feature-update.tsx(13,21): error TS2307: Cannot find module '@plane/ui' or its corresponding type declarations.
core/components/project/project-network-icon.tsx(7,44): error TS2307: Cannot find module '@plane/constants' or its corresponding type declarations.
core/components/project/project-network-icon.tsx(9,37): error TS2307: Cannot find module '@plane/propel/icons' or its corresponding type declarations.
core/components/project/project-network-icon.tsx(10,20): error TS2307: Cannot find module '@plane/utils' or its corresponding type declarations.
core/components/project/project-settings-member-defaults.tsx(13,57): error TS2307: Cannot find module '@plane/constants' or its corresponding type declarations.
core/components/project/project-settings-member-defaults.tsx(14,32): error TS2307: Cannot find module '@plane/i18n' or its corresponding type declarations.
core/components/project/project-settings-member-defaults.tsx(15,38): error TS2307: Cannot find module '@plane/propel/toast' or its corresponding type declarations.
core/components/project/project-settings-member-defaults.tsx(16,54): error TS2307: Cannot find module '@plane/types' or its corresponding type declarations.
core/components/project/project-settings-member-defaults.tsx(17,38): error TS2307: Cannot find module '@plane/ui' or its corresponding type declarations.
core/components/project/project-settings-member-defaults.tsx(19,33): error TS2307: Cannot find module '@plane/constants' or its corresponding type declarations.
core/components/project/publish-project/modal.tsx(13,49): error TS2307: Cannot find module '@plane/constants' or its corresponding type declarations.
core/components/project/publish-project/modal.tsx(14,24): error TS2307: Cannot find module '@plane/propel/button' or its corresponding type declarations.
core/components/project/publish-project/modal.tsx(15,50): error TS2307: Cannot find module '@plane/propel/icons' or its corresponding type declarations.
core/components/project/publish-project/modal.tsx(16,38): error TS2307: Cannot find module '@plane/propel/toast' or its corresponding type declarations.
core/components/project/publish-project/modal.tsx(17,70): error TS2307: Cannot find module '@plane/types' or its corresponding type declarations.
core/components/project/publish-project/modal.tsx(19,76): error TS2307: Cannot find module '@plane/ui' or its corresponding type declarations.
core/components/project/publish-project/modal.tsx(21,37): error TS2307: Cannot find module '@plane/utils' or its corresponding type declarations.
core/components/project/root.tsx(11,32): error TS2307: Cannot find module '@plane/i18n' or its corresponding type declarations.
core/components/project/root.tsx(12,72): error TS2307: Cannot find module '@plane/types' or its corresponding type declarations.
core/components/project/root.tsx(13,39): error TS2307: Cannot find module '@plane/utils' or its corresponding type declarations.
core/components/project/root.tsx(55,42): error TS7006: Parameter 'val' implicitly has an 'any' type.
core/components/project/search-projects.tsx(10,41): error TS2307: Cannot find module '@plane/hooks' or its corresponding type declarations.
core/components/project/search-projects.tsx(12,32): error TS2307: Cannot find module '@plane/i18n' or its corresponding type declarations.
core/components/project/search-projects.tsx(13,39): error TS2307: Cannot find module '@plane/propel/icons' or its corresponding type declarations.
core/components/project/search-projects.tsx(15,20): error TS2307: Cannot find module '@plane/utils' or its corresponding type declarations.
core/components/project/search-projects.tsx(18,28): error TS2307: Cannot find module '@plane/propel/icon-button' or its corresponding type declarations.
core/components/project/send-project-invitation-modal.tsx(11,40): error TS2307: Cannot find module '@plane/constants' or its corresponding type declarations.
core/components/project/send-project-invitation-modal.tsx(12,32): error TS2307: Cannot find module '@plane/i18n' or its corresponding type declarations.
core/components/project/send-project-invitation-modal.tsx(13,24): error TS2307: Cannot find module '@plane/propel/button' or its corresponding type declarations.
core/components/project/send-project-invitation-modal.tsx(14,54): error TS2307: Cannot find module '@plane/propel/icons' or its corresponding type declarations.
core/components/project/send-project-invitation-modal.tsx(15,38): error TS2307: Cannot find module '@plane/propel/toast' or its corresponding type declarations.
core/components/project/send-project-invitation-modal.tsx(16,98): error TS2307: Cannot find module '@plane/ui' or its corresponding type declarations.
core/components/project/send-project-invitation-modal.tsx(18,28): error TS2307: Cannot find module '@plane/utils' or its corresponding type declarations.
core/components/project/settings/control-section.tsx(11,42): error TS2307: Cannot find module '@plane/constants' or its corresponding type declarations.
core/components/project/settings/control-section.tsx(12,32): error TS2307: Cannot find module '@plane/i18n' or its corresponding type declarations.
core/components/project/settings/control-section.tsx(13,24): error TS2307: Cannot find module '@plane/propel/button' or its corresponding type declarations.
core/components/project/settings/features-list.tsx(9,32): error TS2307: Cannot find module '@plane/i18n' or its corresponding type declarations.
core/components/project/settings/features-list.tsx(10,33): error TS2307: Cannot find module '@plane/propel/toast' or its corresponding type declarations.
core/components/project/settings/features-list.tsx(11,25): error TS2307: Cannot find module '@plane/propel/tooltip' or its corresponding type declarations.
core/components/project/settings/features-list.tsx(12,31): error TS2307: Cannot find module '@plane/types' or its corresponding type declarations.
core/components/project/settings/features-list.tsx(13,72): error TS2307: Cannot find module '@plane/propel/icons' or its corresponding type declarations.
core/components/project/settings/helper.tsx(8,42): error TS2307: Cannot find module '@plane/constants' or its corresponding type declarations.
core/components/project/settings/helper.tsx(9,34): error TS2307: Cannot find module '@plane/propel/icons' or its corresponding type declarations.
core/components/project/settings/helper.tsx(10,47): error TS2307: Cannot find module '@plane/propel/pill' or its corresponding type declarations.
core/components/project/settings/helper.tsx(11,30): error TS2307: Cannot find module '@plane/ui' or its corresponding type declarations.
core/components/project/settings/helper.tsx(12,29): error TS2307: Cannot find module '@plane/utils' or its corresponding type declarations.
core/components/project/settings/member-columns.tsx(13,65): error TS2307: Cannot find module '@plane/constants' or its corresponding type declarations.
core/components/project/settings/member-columns.tsx(14,38): error TS2307: Cannot find module '@plane/propel/toast' or its corresponding type declarations.
core/components/project/settings/member-columns.tsx(15,85): error TS2307: Cannot find module '@plane/types' or its corresponding type declarations.
core/components/project/settings/member-columns.tsx(16,42): error TS2307: Cannot find module '@plane/ui' or its corresponding type declarations.
core/components/project/settings/member-columns.tsx(17,28): error TS2307: Cannot find module '@plane/utils' or its corresponding type declarations.
core/components/projects/create/attributes.tsx(9,46): error TS2307: Cannot find module '@plane/constants' or its corresponding type declarations.
core/components/projects/create/attributes.tsx(10,32): error TS2307: Cannot find module '@plane/i18n' or its corresponding type declarations.
core/components/projects/create/attributes.tsx(11,31): error TS2307: Cannot find module '@plane/types' or its corresponding type declarations.
core/components/projects/create/attributes.tsx(12,30): error TS2307: Cannot find module '@plane/ui' or its corresponding type declarations.
core/components/projects/create/attributes.tsx(13,29): error TS2307: Cannot find module '@plane/utils' or its corresponding type declarations.
core/components/projects/create/attributes.tsx(33,56): error TS7006: Parameter 'n' implicitly has an 'any' type.
core/components/projects/create/attributes.tsx(58,39): error TS7006: Parameter 'network' implicitly has an 'any' type.
core/components/projects/create/root.tsx(11,32): error TS2307: Cannot find module '@plane/i18n' or its corresponding type declarations.
core/components/projects/create/root.tsx(12,38): error TS2307: Cannot find module '@plane/propel/toast' or its corresponding type declarations.
core/components/projects/create/root.tsx(13,32): error TS2307: Cannot find module '@plane/types' or its corresponding type declarations.
core/components/projects/create/root.tsx(23,31): error TS2307: Cannot find module '@plane/types' or its corresponding type declarations.
core/components/projects/create/utils.ts(7,36): error TS2307: Cannot find module '@plane/constants' or its corresponding type declarations.
core/components/projects/create/utils.ts(8,31): error TS2307: Cannot find module '@plane/types' or its corresponding type declarations.
core/components/projects/mobile-header.tsx(12,32): error TS2307: Cannot find module '@plane/i18n' or its corresponding type declarations.
core/components/projects/mobile-header.tsx(13,33): error TS2307: Cannot find module '@plane/propel/icons' or its corresponding type declarations.
core/components/projects/mobile-header.tsx(14,38): error TS2307: Cannot find module '@plane/types' or its corresponding type declarations.
core/components/projects/mobile-header.tsx(15,39): error TS2307: Cannot find module '@plane/utils' or its corresponding type declarations.
core/components/projects/settings/intake/header.tsx(12,57): error TS2307: Cannot find module '@plane/constants' or its corresponding type declarations.
core/components/projects/settings/intake/header.tsx(13,32): error TS2307: Cannot find module '@plane/i18n' or its corresponding type declarations.
core/components/projects/settings/intake/header.tsx(14,24): error TS2307: Cannot find module '@plane/propel/button' or its corresponding type declarations.
core/components/projects/settings/intake/header.tsx(15,37): error TS2307: Cannot find module '@plane/ui' or its corresponding type declarations.
core/components/projects/settings/intake/header.tsx(25,28): error TS2307: Cannot find module '@plane/propel/icons' or its corresponding type declarations.
core/components/projects/settings/useProjectColumns.tsx(9,57): error TS2307: Cannot find module '@plane/constants' or its corresponding type declarations.
core/components/projects/settings/useProjectColumns.tsx(10,59): error TS2307: Cannot find module '@plane/types' or its corresponding type declarations.
core/components/projects/settings/useProjectColumns.tsx(11,37): error TS2307: Cannot find module '@plane/utils' or its corresponding type declarations.
core/components/readonly/cycle.tsx(10,32): error TS2307: Cannot find module '@plane/i18n' or its corresponding type declarations.
core/components/readonly/cycle.tsx(11,27): error TS2307: Cannot find module '@plane/propel/icons' or its corresponding type declarations.
core/components/readonly/cycle.tsx(12,20): error TS2307: Cannot find module '@plane/utils' or its corresponding type declarations.
core/components/readonly/date.tsx(9,32): error TS2307: Cannot find module '@plane/i18n' or its corresponding type declarations.
core/components/readonly/date.tsx(10,36): error TS2307: Cannot find module '@plane/propel/icons' or its corresponding type declarations.
core/components/readonly/date.tsx(11,50): error TS2307: Cannot find module '@plane/utils' or its corresponding type declarations.
core/components/readonly/estimate.tsx(9,32): error TS2307: Cannot find module '@plane/i18n' or its corresponding type declarations.
core/components/readonly/estimate.tsx(10,38): error TS2307: Cannot find module '@plane/propel/icons' or its corresponding type declarations.
core/components/readonly/estimate.tsx(11,33): error TS2307: Cannot find module '@plane/types' or its corresponding type declarations.
core/components/readonly/estimate.tsx(12,56): error TS2307: Cannot find module '@plane/utils' or its corresponding type declarations.
core/components/readonly/labels.tsx(10,25): error TS2307: Cannot find module '@plane/propel/tooltip' or its corresponding type declarations.
core/components/readonly/labels.tsx(11,20): error TS2307: Cannot find module '@plane/utils' or its corresponding type declarations.
core/components/readonly/member.tsx(10,32): error TS2307: Cannot find module '@plane/i18n' or its corresponding type declarations.
core/components/readonly/member.tsx(11,20): error TS2307: Cannot find module '@plane/utils' or its corresponding type declarations.
core/components/readonly/module.tsx(11,32): error TS2307: Cannot find module '@plane/i18n' or its corresponding type declarations.
core/components/readonly/module.tsx(12,20): error TS2307: Cannot find module '@plane/utils' or its corresponding type declarations.
core/components/readonly/priority.tsx(9,34): error TS2307: Cannot find module '@plane/constants' or its corresponding type declarations.
core/components/readonly/priority.tsx(10,32): error TS2307: Cannot find module '@plane/i18n' or its corresponding type declarations.
core/components/readonly/priority.tsx(11,30): error TS2307: Cannot find module '@plane/propel/icons' or its corresponding type declarations.
core/components/readonly/priority.tsx(12,39): error TS2307: Cannot find module '@plane/types' or its corresponding type declarations.
core/components/readonly/priority.tsx(13,20): error TS2307: Cannot find module '@plane/utils' or its corresponding type declarations.
core/components/readonly/priority.tsx(26,50): error TS7006: Parameter 'p' implicitly has an 'any' type.
core/components/readonly/state.tsx(10,32): error TS2307: Cannot find module '@plane/i18n' or its corresponding type declarations.
core/components/readonly/state.tsx(11,32): error TS2307: Cannot find module '@plane/propel/icons' or its corresponding type declarations.
core/components/readonly/state.tsx(12,24): error TS2307: Cannot find module '@plane/ui' or its corresponding type declarations.
core/components/readonly/state.tsx(13,20): error TS2307: Cannot find module '@plane/utils' or its corresponding type declarations.
core/components/relations/index.tsx(8,52): error TS2307: Cannot find module '@plane/propel/icons' or its corresponding type declarations.
core/components/relations/index.tsx(10,42): error TS2307: Cannot find module '@plane/types' or its corresponding type declarations.
core/components/rich-filters/add-filters/button.tsx(11,50): error TS2307: Cannot find module '@plane/propel/button' or its corresponding type declarations.
core/components/rich-filters/add-filters/button.tsx(12,34): error TS2307: Cannot find module '@plane/propel/button' or its corresponding type declarations.
core/components/rich-filters/add-filters/button.tsx(13,38): error TS2307: Cannot find module '@plane/shared-state' or its corresponding type declarations.
core/components/rich-filters/add-filters/button.tsx(14,76): error TS2307: Cannot find module '@plane/types' or its corresponding type declarations.
core/components/rich-filters/add-filters/button.tsx(15,34): error TS2307: Cannot find module '@plane/types' or its corresponding type declarations.
core/components/rich-filters/add-filters/button.tsx(16,20): error TS2307: Cannot find module '@plane/utils' or its corresponding type declarations.
core/components/rich-filters/add-filters/dropdown.tsx(10,38): error TS2307: Cannot find module '@plane/propel/toast' or its corresponding type declarations.
core/components/rich-filters/add-filters/dropdown.tsx(11,38): error TS2307: Cannot find module '@plane/shared-state' or its corresponding type declarations.
core/components/rich-filters/add-filters/dropdown.tsx(12,76): error TS2307: Cannot find module '@plane/types' or its corresponding type declarations.
core/components/rich-filters/add-filters/dropdown.tsx(13,36): error TS2307: Cannot find module '@plane/ui' or its corresponding type declarations.
core/components/rich-filters/add-filters/dropdown.tsx(14,39): error TS2307: Cannot find module '@plane/utils' or its corresponding type declarations.
core/components/rich-filters/add-filters/dropdown.tsx(35,71): error TS7006: Parameter 'config' implicitly has an 'any' type.
core/components/rich-filters/filter-item/close-button.tsx(10,27): error TS2307: Cannot find module '@plane/propel/icons' or its corresponding type declarations.
core/components/rich-filters/filter-item/close-button.tsx(11,38): error TS2307: Cannot find module '@plane/shared-state' or its corresponding type declarations.
core/components/rich-filters/filter-item/close-button.tsx(12,55): error TS2307: Cannot find module '@plane/types' or its corresponding type declarations.
core/components/rich-filters/filter-item/container.tsx(9,25): error TS2307: Cannot find module '@plane/propel/tooltip' or its corresponding type declarations.
core/components/rich-filters/filter-item/container.tsx(10,20): error TS2307: Cannot find module '@plane/propel/utils' or its corresponding type declarations.
core/components/rich-filters/filter-item/container.tsx(11,50): error TS2307: Cannot find module '@plane/types' or its corresponding type declarations.
core/components/rich-filters/filter-item/container.tsx(12,31): error TS2307: Cannot find module '@plane/utils' or its corresponding type declarations.
core/components/rich-filters/filter-item/invalid.tsx(11,55): error TS2307: Cannot find module '@plane/types' or its corresponding type declarations.
core/components/rich-filters/filter-item/loader.tsx(7,24): error TS2307: Cannot find module '@plane/ui' or its corresponding type declarations.
core/components/rich-filters/filter-item/property.tsx(9,25): error TS2307: Cannot find module '@plane/propel/tooltip' or its corresponding type declarations.
core/components/rich-filters/filter-item/property.tsx(10,20): error TS2307: Cannot find module '@plane/propel/utils' or its corresponding type declarations.
core/components/rich-filters/filter-item/property.tsx(11,38): error TS2307: Cannot find module '@plane/shared-state' or its corresponding type declarations.
core/components/rich-filters/filter-item/property.tsx(12,76): error TS2307: Cannot find module '@plane/types' or its corresponding type declarations.
core/components/rich-filters/filter-item/root.tsx(10,38): error TS2307: Cannot find module '@plane/shared-state' or its corresponding type declarations.
core/components/rich-filters/filter-item/root.tsx(18,8): error TS2307: Cannot find module '@plane/types' or its corresponding type declarations.
core/components/rich-filters/filter-item/root.tsx(19,36): error TS2307: Cannot find module '@plane/ui' or its corresponding type declarations.
core/components/rich-filters/filter-item/root.tsx(20,43): error TS2307: Cannot find module '@plane/utils' or its corresponding type declarations.
core/components/rich-filters/filter-item/root.tsx(45,11): error TS7006: Parameter 'option' implicitly has an 'any' type.
core/components/rich-filters/filter-value-input/date/range.tsx(10,99): error TS2307: Cannot find module '@plane/types' or its corresponding type declarations.
core/components/rich-filters/filter-value-input/date/range.tsx(11,76): error TS2307: Cannot find module '@plane/utils' or its corresponding type declarations.
core/components/rich-filters/filter-value-input/date/single.tsx(10,94): error TS2307: Cannot find module '@plane/types' or its corresponding type declarations.
core/components/rich-filters/filter-value-input/date/single.tsx(11,48): error TS2307: Cannot find module '@plane/utils' or its corresponding type declarations.
core/components/rich-filters/filter-value-input/root.tsx(21,8): error TS2307: Cannot find module '@plane/types' or its corresponding type declarations.
core/components/rich-filters/filter-value-input/root.tsx(22,35): error TS2307: Cannot find module '@plane/types' or its corresponding type declarations.
core/components/rich-filters/filter-value-input/select/multi.tsx(16,8): error TS2307: Cannot find module '@plane/types' or its corresponding type declarations.
core/components/rich-filters/filter-value-input/select/multi.tsx(17,36): error TS2307: Cannot find module '@plane/ui' or its corresponding type declarations.
core/components/rich-filters/filter-value-input/select/multi.tsx(18,53): error TS2307: Cannot find module '@plane/utils' or its corresponding type declarations.
core/components/rich-filters/filter-value-input/select/selected-options-display.tsx(10,65): error TS2307: Cannot find module '@plane/types' or its corresponding type declarations.
core/components/rich-filters/filter-value-input/select/selected-options-display.tsx(11,35): error TS2307: Cannot find module '@plane/utils' or its corresponding type declarations.
core/components/rich-filters/filter-value-input/select/selected-options-display.tsx(28,11): error TS7006: Parameter 'value' implicitly has an 'any' type.
core/components/rich-filters/filter-value-input/select/shared.tsx(8,80): error TS2307: Cannot find module '@plane/types' or its corresponding type declarations.
core/components/rich-filters/filter-value-input/select/shared.tsx(9,20): error TS2307: Cannot find module '@plane/utils' or its corresponding type declarations.
core/components/rich-filters/filter-value-input/select/single.tsx(15,8): error TS2307: Cannot find module '@plane/types' or its corresponding type declarations.
core/components/rich-filters/filter-value-input/select/single.tsx(16,36): error TS2307: Cannot find module '@plane/ui' or its corresponding type declarations.
core/components/rich-filters/filters-row.tsx(12,24): error TS2307: Cannot find module '@plane/propel/button' or its corresponding type declarations.
core/components/rich-filters/filters-row.tsx(13,38): error TS2307: Cannot find module '@plane/shared-state' or its corresponding type declarations.
core/components/rich-filters/filters-row.tsx(14,55): error TS2307: Cannot find module '@plane/types' or its corresponding type declarations.
core/components/rich-filters/filters-row.tsx(15,52): error TS2307: Cannot find module '@plane/ui' or its corresponding type declarations.
core/components/rich-filters/filters-row.tsx(70,44): error TS7006: Parameter 'condition' implicitly has an 'any' type.
core/components/rich-filters/filters-toggle.tsx(9,28): error TS2307: Cannot find module '@plane/propel/icon-button' or its corresponding type declarations.
core/components/rich-filters/filters-toggle.tsx(10,47): error TS2307: Cannot find module '@plane/propel/icons' or its corresponding type declarations.
core/components/rich-filters/filters-toggle.tsx(11,20): error TS2307: Cannot find module '@plane/utils' or its corresponding type declarations.
core/components/rich-filters/filters-toggle.tsx(12,38): error TS2307: Cannot find module '@plane/shared-state' or its corresponding type declarations.
core/components/rich-filters/filters-toggle.tsx(13,55): error TS2307: Cannot find module '@plane/types' or its corresponding type declarations.
core/components/rich-filters/shared.ts(13,8): error TS2307: Cannot find module '@plane/types' or its corresponding type declarations.
core/components/settings/boxed-control-item.tsx(8,20): error TS2307: Cannot find module '@plane/utils' or its corresponding type declarations.
core/components/settings/content-wrapper.tsx(8,28): error TS2307: Cannot find module '@plane/propel/scrollarea' or its corresponding type declarations.
core/components/settings/content-wrapper.tsx(9,20): error TS2307: Cannot find module '@plane/utils' or its corresponding type declarations.
core/components/settings/heading.tsx(8,20): error TS2307: Cannot find module '@plane/ui' or its corresponding type declarations.
core/components/settings/helper.ts(7,71): error TS2307: Cannot find module '@plane/constants' or its corresponding type declarations.
core/components/settings/helper.ts(23,4): error TS7006: Parameter 'acc' implicitly has an 'any' type.
core/components/settings/helper.ts(23,9): error TS7006: Parameter 'setting' implicitly has an 'any' type.
core/components/settings/mobile/nav.tsx(10,41): error TS2307: Cannot find module '@plane/hooks' or its corresponding type declarations.
core/components/settings/mobile/nav.tsx(11,32): error TS2307: Cannot find module '@plane/i18n' or its corresponding type declarations.
core/components/settings/mobile/nav.tsx(12,34): error TS2307: Cannot find module '@plane/propel/icons' or its corresponding type declarations.
core/components/settings/mobile/nav.tsx(14,28): error TS2307: Cannot find module '@plane/propel/icon-button' or its corresponding type declarations.
core/components/settings/page-header.tsx(7,24): error TS2307: Cannot find module '@plane/ui' or its corresponding type declarations.
core/components/settings/profile/content/pages/api-tokens.tsx(11,32): error TS2307: Cannot find module '@plane/i18n' or its corresponding type declarations.
core/components/settings/profile/content/pages/api-tokens.tsx(12,24): error TS2307: Cannot find module '@plane/propel/button' or its corresponding type declarations.
core/components/settings/profile/content/pages/api-tokens.tsx(13,35): error TS2307: Cannot find module '@plane/propel/empty-state' or its corresponding type declarations.
core/components/settings/profile/content/pages/api-tokens.tsx(14,33): error TS2307: Cannot find module '@plane/services' or its corresponding type declarations.
core/components/settings/profile/content/pages/api-tokens.tsx(21,33): error TS2307: Cannot find module '@plane/constants' or its corresponding type declarations.
core/components/settings/profile/content/pages/api-tokens.tsx(53,28): error TS7006: Parameter 'token' implicitly has an 'any' type.
core/components/settings/profile/content/pages/general/form.tsx(12,32): error TS2307: Cannot find module '@plane/i18n' or its corresponding type declarations.
core/components/settings/profile/content/pages/general/form.tsx(13,24): error TS2307: Cannot find module '@plane/propel/button' or its corresponding type declarations.
core/components/settings/profile/content/pages/general/form.tsx(14,55): error TS2307: Cannot find module '@plane/propel/toast' or its corresponding type declarations.
core/components/settings/profile/content/pages/general/form.tsx(15,32): error TS2307: Cannot find module '@plane/types' or its corresponding type declarations.
core/components/settings/profile/content/pages/general/form.tsx(16,42): error TS2307: Cannot find module '@plane/types' or its corresponding type declarations.
core/components/settings/profile/content/pages/general/form.tsx(17,23): error TS2307: Cannot find module '@plane/ui' or its corresponding type declarations.
core/components/settings/profile/content/pages/general/form.tsx(18,28): error TS2307: Cannot find module '@plane/utils' or its corresponding type declarations.
core/components/settings/profile/content/pages/general/form.tsx(32,57): error TS2307: Cannot find module '@plane/utils' or its corresponding type declarations.
core/components/settings/profile/content/pages/general/root.tsx(8,32): error TS2307: Cannot find module '@plane/i18n' or its corresponding type declarations.
core/components/settings/profile/content/pages/index.ts(9,43): error TS2307: Cannot find module '@plane/types' or its corresponding type declarations.
core/components/settings/profile/content/pages/notifications/email-notification-form.tsx(11,32): error TS2307: Cannot find module '@plane/i18n' or its corresponding type declarations.
core/components/settings/profile/content/pages/notifications/email-notification-form.tsx(12,38): error TS2307: Cannot find module '@plane/propel/toast' or its corresponding type declarations.
core/components/settings/profile/content/pages/notifications/email-notification-form.tsx(13,53): error TS2307: Cannot find module '@plane/types' or its corresponding type declarations.
core/components/settings/profile/content/pages/notifications/email-notification-form.tsx(14,30): error TS2307: Cannot find module '@plane/ui' or its corresponding type declarations.
core/components/settings/profile/content/pages/notifications/email-notification-form.tsx(73,28): error TS7006: Parameter 'newValue' implicitly has an 'any' type.
core/components/settings/profile/content/pages/notifications/email-notification-form.tsx(93,28): error TS7006: Parameter 'newValue' implicitly has an 'any' type.
core/components/settings/profile/content/pages/notifications/email-notification-form.tsx(114,30): error TS7006: Parameter 'newValue' implicitly has an 'any' type.
core/components/settings/profile/content/pages/notifications/email-notification-form.tsx(135,28): error TS7006: Parameter 'newValue' implicitly has an 'any' type.
core/components/settings/profile/content/pages/notifications/email-notification-form.tsx(155,28): error TS7006: Parameter 'newValue' implicitly has an 'any' type.
core/components/settings/profile/content/pages/notifications/root.tsx(10,32): error TS2307: Cannot find module '@plane/i18n' or its corresponding type declarations.
core/components/settings/profile/content/pages/preferences/language-and-timezone-list.tsx(9,53): error TS2307: Cannot find module '@plane/i18n' or its corresponding type declarations.
core/components/settings/profile/content/pages/preferences/language-and-timezone-list.tsx(10,38): error TS2307: Cannot find module '@plane/propel/toast' or its corresponding type declarations.
core/components/settings/profile/content/pages/preferences/language-and-timezone-list.tsx(11,30): error TS2307: Cannot find module '@plane/ui' or its corresponding type declarations.
core/components/settings/profile/content/pages/preferences/language-and-timezone-list.tsx(66,58): error TS7006: Parameter 'l' implicitly has an 'any' type.
core/components/settings/profile/content/pages/preferences/language-and-timezone-list.tsx(91,41): error TS7006: Parameter 'item' implicitly has an 'any' type.
core/components/settings/profile/content/pages/preferences/root.tsx(9,32): error TS2307: Cannot find module '@plane/i18n' or its corresponding type declarations.
core/components/settings/profile/content/pages/security.tsx(12,37): error TS2307: Cannot find module '@plane/constants' or its corresponding type declarations.
core/components/settings/profile/content/pages/security.tsx(13,32): error TS2307: Cannot find module '@plane/i18n' or its corresponding type declarations.
core/components/settings/profile/content/pages/security.tsx(14,24): error TS2307: Cannot find module '@plane/propel/button' or its corresponding type declarations.
core/components/settings/profile/content/pages/security.tsx(15,38): error TS2307: Cannot find module '@plane/propel/toast' or its corresponding type declarations.
core/components/settings/profile/content/pages/security.tsx(16,50): error TS2307: Cannot find module '@plane/ui' or its corresponding type declarations.
core/components/settings/profile/content/pages/security.tsx(17,37): error TS2307: Cannot find module '@plane/utils' or its corresponding type declarations.
core/components/settings/profile/content/root.tsx(10,28): error TS2307: Cannot find module '@plane/propel/scrollarea' or its corresponding type declarations.
core/components/settings/profile/content/root.tsx(11,43): error TS2307: Cannot find module '@plane/types' or its corresponding type declarations.
core/components/settings/profile/content/root.tsx(12,20): error TS2307: Cannot find module '@plane/utils' or its corresponding type declarations.
core/components/settings/profile/heading.tsx(8,20): error TS2307: Cannot find module '@plane/ui' or its corresponding type declarations.
core/components/settings/profile/modal.tsx(11,28): error TS2307: Cannot find module '@plane/propel/icon-button' or its corresponding type declarations.
core/components/settings/profile/modal.tsx(12,56): error TS2307: Cannot find module '@plane/ui' or its corresponding type declarations.
core/components/settings/profile/sidebar/header.tsx(9,24): error TS2307: Cannot find module '@plane/ui' or its corresponding type declarations.
core/components/settings/profile/sidebar/header.tsx(12,28): error TS2307: Cannot find module '@plane/utils' or its corresponding type declarations.
core/components/settings/profile/sidebar/item-categories.tsx(17,8): error TS2307: Cannot find module '@plane/constants' or its corresponding type declarations.
core/components/settings/profile/sidebar/item-categories.tsx(18,32): error TS2307: Cannot find module '@plane/i18n' or its corresponding type declarations.
core/components/settings/profile/sidebar/item-categories.tsx(19,32): error TS2307: Cannot find module '@plane/propel/icons' or its corresponding type declarations.
core/components/settings/profile/sidebar/item-categories.tsx(20,43): error TS2307: Cannot find module '@plane/types' or its corresponding type declarations.
core/components/settings/profile/sidebar/item-categories.tsx(49,41): error TS7006: Parameter 'category' implicitly has an 'any' type.
core/components/settings/profile/sidebar/item-categories.tsx(60,35): error TS7006: Parameter 'item' implicitly has an 'any' type.
core/components/settings/profile/sidebar/root.tsx(8,28): error TS2307: Cannot find module '@plane/propel/scrollarea' or its corresponding type declarations.
core/components/settings/profile/sidebar/root.tsx(9,43): error TS2307: Cannot find module '@plane/types' or its corresponding type declarations.
core/components/settings/profile/sidebar/root.tsx(10,20): error TS2307: Cannot find module '@plane/utils' or its corresponding type declarations.
core/components/settings/profile/sidebar/workspace-options.tsx(10,32): error TS2307: Cannot find module '@plane/i18n' or its corresponding type declarations.
core/components/settings/project/content/feature-control-item.tsx(9,33): error TS2307: Cannot find module '@plane/propel/toast' or its corresponding type declarations.
core/components/settings/project/content/feature-control-item.tsx(10,31): error TS2307: Cannot find module '@plane/types' or its corresponding type declarations.
core/components/settings/project/content/feature-control-item.tsx(11,30): error TS2307: Cannot find module '@plane/ui' or its corresponding type declarations.
core/components/settings/project/sidebar/header.tsx(10,30): error TS2307: Cannot find module '@plane/constants' or its corresponding type declarations.
core/components/settings/project/sidebar/header.tsx(11,32): error TS2307: Cannot find module '@plane/i18n' or its corresponding type declarations.
core/components/settings/project/sidebar/header.tsx(12,22): error TS2307: Cannot find module '@plane/propel/emoji-icon-picker' or its corresponding type declarations.
core/components/settings/project/sidebar/header.tsx(13,28): error TS2307: Cannot find module '@plane/propel/icon-button' or its corresponding type declarations.
core/components/settings/project/sidebar/item-categories.tsx(16,8): error TS2307: Cannot find module '@plane/constants' or its corresponding type declarations.
core/components/settings/project/sidebar/item-categories.tsx(17,32): error TS2307: Cannot find module '@plane/i18n' or its corresponding type declarations.
core/components/settings/project/sidebar/item-categories.tsx(43,41): error TS7006: Parameter 'category' implicitly has an 'any' type.
core/components/settings/project/sidebar/item-categories.tsx(45,55): error TS7006: Parameter 'item' implicitly has an 'any' type.
core/components/settings/project/sidebar/item-categories.tsx(57,37): error TS7006: Parameter 'item' implicitly has an 'any' type.
core/components/settings/project/sidebar/item-icon.tsx(10,32): error TS2307: Cannot find module '@plane/propel/icons' or its corresponding type declarations.
core/components/settings/project/sidebar/item-icon.tsx(20,8): error TS2307: Cannot find module '@plane/propel/icons' or its corresponding type declarations.
core/components/settings/project/sidebar/item-icon.tsx(21,43): error TS2307: Cannot find module '@plane/types' or its corresponding type declarations.
core/components/settings/project/sidebar/root.tsx(8,28): error TS2307: Cannot find module '@plane/propel/scrollarea' or its corresponding type declarations.
core/components/settings/sidebar/item.tsx(10,20): error TS2307: Cannot find module '@plane/utils' or its corresponding type declarations.
core/components/settings/sidebar/item.tsx(12,32): error TS2307: Cannot find module '@plane/propel/icons' or its corresponding type declarations.
core/components/settings/workspace/sidebar/header.tsx(10,30): error TS2307: Cannot find module '@plane/constants' or its corresponding type declarations.
core/components/settings/workspace/sidebar/header.tsx(11,32): error TS2307: Cannot find module '@plane/i18n' or its corresponding type declarations.
core/components/settings/workspace/sidebar/header.tsx(12,28): error TS2307: Cannot find module '@plane/propel/icon-button' or its corresponding type declarations.
core/components/settings/workspace/sidebar/item-categories.tsx(16,8): error TS2307: Cannot find module '@plane/constants' or its corresponding type declarations.
core/components/settings/workspace/sidebar/item-categories.tsx(17,32): error TS2307: Cannot find module '@plane/i18n' or its corresponding type declarations.
core/components/settings/workspace/sidebar/item-categories.tsx(18,29): error TS2307: Cannot find module '@plane/utils' or its corresponding type declarations.
core/components/settings/workspace/sidebar/item-categories.tsx(37,43): error TS7006: Parameter 'category' implicitly has an 'any' type.
core/components/settings/workspace/sidebar/item-categories.tsx(39,55): error TS7006: Parameter 'item' implicitly has an 'any' type.
core/components/settings/workspace/sidebar/item-categories.tsx(51,37): error TS7006: Parameter 'item' implicitly has an 'any' type.
core/components/settings/workspace/sidebar/item-icon.tsx(10,32): error TS2307: Cannot find module '@plane/propel/icons' or its corresponding type declarations.
core/components/settings/workspace/sidebar/item-icon.tsx(11,45): error TS2307: Cannot find module '@plane/types' or its corresponding type declarations.
core/components/settings/workspace/sidebar/root.tsx(8,28): error TS2307: Cannot find module '@plane/propel/scrollarea' or its corresponding type declarations.
core/components/settings/workspace/sidebar/root.tsx(9,20): error TS2307: Cannot find module '@plane/utils' or its corresponding type declarations.
core/components/sidebar/add-button.tsx(7,24): error TS2307: Cannot find module '@plane/propel/button' or its corresponding type declarations.
core/components/sidebar/resizable-sidebar.tsx(10,31): error TS2307: Cannot find module '@plane/hooks' or its corresponding type declarations.
core/components/sidebar/resizable-sidebar.tsx(11,20): error TS2307: Cannot find module '@plane/utils' or its corresponding type declarations.
core/components/sidebar/search-button.tsx(7,28): error TS2307: Cannot find module '@plane/propel/icons' or its corresponding type declarations.
core/components/sidebar/search-button.tsx(8,20): error TS2307: Cannot find module '@plane/utils' or its corresponding type declarations.
core/components/sidebar/sidebar-item.tsx(8,20): error TS2307: Cannot find module '@plane/utils' or its corresponding type declarations.
core/components/sidebar/sidebar-navigation.tsx(7,20): error TS2307: Cannot find module '@plane/utils' or its corresponding type declarations.
core/components/sidebar/sidebar-toggle-button.tsx(11,28): error TS2307: Cannot find module '@plane/propel/icon-button' or its corresponding type declarations.
core/components/sidebar/sidebar-wrapper.tsx(10,41): error TS2307: Cannot find module '@plane/hooks' or its corresponding type declarations.
core/components/sidebar/sidebar-wrapper.tsx(11,33): error TS2307: Cannot find module '@plane/propel/icons' or its corresponding type declarations.
core/components/sidebar/sidebar-wrapper.tsx(12,28): error TS2307: Cannot find module '@plane/propel/scrollarea' or its corresponding type declarations.
core/components/sidebar/sidebar-wrapper.tsx(21,28): error TS2307: Cannot find module '@plane/propel/icon-button' or its corresponding type declarations.
core/components/stickies/action-bar.tsx(13,41): error TS2307: Cannot find module '@plane/hooks' or its corresponding type declarations.
core/components/stickies/action-bar.tsx(15,71): error TS2307: Cannot find module '@plane/propel/icons' or its corresponding type declarations.
core/components/stickies/action-bar.tsx(16,25): error TS2307: Cannot find module '@plane/propel/tooltip' or its corresponding type declarations.
core/components/stickies/action-bar.tsx(18,20): error TS2307: Cannot find module '@plane/utils' or its corresponding type declarations.
core/components/stickies/delete-modal.tsx(10,32): error TS2307: Cannot find module '@plane/i18n' or its corresponding type declarations.
core/components/stickies/delete-modal.tsx(11,38): error TS2307: Cannot find module '@plane/propel/toast' or its corresponding type declarations.
core/components/stickies/delete-modal.tsx(12,32): error TS2307: Cannot find module '@plane/ui' or its corresponding type declarations.
core/components/stickies/layout/stickies-infinite.tsx(11,35): error TS2307: Cannot find module '@plane/constants' or its corresponding type declarations.
core/components/stickies/layout/stickies-infinite.tsx(12,40): error TS2307: Cannot find module '@plane/ui' or its corresponding type declarations.
core/components/stickies/layout/stickies-infinite.tsx(13,20): error TS2307: Cannot find module '@plane/utils' or its corresponding type declarations.
core/components/stickies/layout/stickies-list.tsx(19,39): error TS2307: Cannot find module '@plane/constants' or its corresponding type declarations.
core/components/stickies/layout/stickies-list.tsx(20,32): error TS2307: Cannot find module '@plane/i18n' or its corresponding type declarations.
core/components/stickies/layout/stickies-list.tsx(21,26): error TS2307: Cannot find module '@plane/propel/icons' or its corresponding type declarations.
core/components/stickies/layout/stickies-list.tsx(22,37): error TS2307: Cannot find module '@plane/types' or its corresponding type declarations.
core/components/stickies/layout/stickies-loader.tsx(8,24): error TS2307: Cannot find module '@plane/ui' or its corresponding type declarations.
core/components/stickies/layout/stickies-truncated.tsx(12,32): error TS2307: Cannot find module '@plane/i18n' or its corresponding type declarations.
core/components/stickies/layout/stickies-truncated.tsx(13,20): error TS2307: Cannot find module '@plane/utils' or its corresponding type declarations.
core/components/stickies/layout/sticky-dnd-wrapper.tsx(22,38): error TS2307: Cannot find module '@plane/types' or its corresponding type declarations.
core/components/stickies/layout/sticky.helpers.ts(8,78): error TS2307: Cannot find module '@plane/types' or its corresponding type declarations.
core/components/stickies/modal/index.tsx(7,40): error TS2307: Cannot find module '@plane/ui' or its corresponding type declarations.
core/components/stickies/modal/search.tsx(12,41): error TS2307: Cannot find module '@plane/hooks' or its corresponding type declarations.
core/components/stickies/modal/search.tsx(14,32): error TS2307: Cannot find module '@plane/i18n' or its corresponding type declarations.
core/components/stickies/modal/search.tsx(15,39): error TS2307: Cannot find module '@plane/propel/icons' or its corresponding type declarations.
core/components/stickies/modal/search.tsx(16,20): error TS2307: Cannot find module '@plane/utils' or its corresponding type declarations.
core/components/stickies/modal/search.tsx(18,28): error TS2307: Cannot find module '@plane/propel/icon-button' or its corresponding type declarations.
core/components/stickies/modal/stickies.tsx(11,55): error TS2307: Cannot find module '@plane/propel/icons' or its corresponding type declarations.
core/components/stickies/sticky/inputs.tsx(11,35): error TS2307: Cannot find module '@plane/editor' or its corresponding type declarations.
core/components/stickies/sticky/inputs.tsx(12,30): error TS2307: Cannot find module '@plane/types' or its corresponding type declarations.
core/components/stickies/sticky/inputs.tsx(13,36): error TS2307: Cannot find module '@plane/utils' or its corresponding type declarations.
core/components/stickies/sticky/inputs.tsx(74,13): error TS2322: Type '{ id: string; initialValue: any; value: null; workspaceSlug: string; workspaceId: any; onChange: (_description: any, description_html: any) => void; placeholder: (_: any, value: any) => "" | "Click to type here"; ... 7 more ...; ref: MutableRefObject<...>; }' is not assignable to type 'IntrinsicAttributes & RefAttributes<unknown>'.
  Property 'id' does not exist on type 'IntrinsicAttributes & RefAttributes<unknown>'.
core/components/stickies/sticky/inputs.tsx(79,24): error TS7006: Parameter '_description' implicitly has an 'any' type.
core/components/stickies/sticky/inputs.tsx(79,38): error TS7006: Parameter 'description_html' implicitly has an 'any' type.
core/components/stickies/sticky/inputs.tsx(83,27): error TS7006: Parameter '_' implicitly has an 'any' type.
core/components/stickies/sticky/inputs.tsx(83,30): error TS7006: Parameter 'value' implicitly has an 'any' type.
core/components/stickies/sticky/root.tsx(12,30): error TS2307: Cannot find module '@plane/types' or its corresponding type declarations.
core/components/stickies/sticky/root.tsx(14,20): error TS2307: Cannot find module '@plane/utils' or its corresponding type declarations.
core/components/stickies/sticky/sticky-item-drag-handle.tsx(9,28): error TS2307: Cannot find module '@plane/ui' or its corresponding type declarations.
core/components/stickies/sticky/sticky-item-drag-handle.tsx(11,20): error TS2307: Cannot find module '@plane/utils' or its corresponding type declarations.
core/components/stickies/sticky/use-operations.tsx(9,32): error TS2307: Cannot find module '@plane/i18n' or its corresponding type declarations.
core/components/stickies/sticky/use-operations.tsx(10,38): error TS2307: Cannot find module '@plane/propel/toast' or its corresponding type declarations.
core/components/stickies/sticky/use-operations.tsx(11,47): error TS2307: Cannot find module '@plane/types' or its corresponding type declarations.
core/components/stickies/sticky/use-operations.tsx(13,32): error TS2307: Cannot find module '@plane/utils' or its corresponding type declarations.
core/components/stickies/widget.tsx(11,32): error TS2307: Cannot find module '@plane/i18n' or its corresponding type declarations.
core/components/stickies/widget.tsx(12,26): error TS2307: Cannot find module '@plane/propel/icons' or its corresponding type declarations.
core/components/ui/empty-space.tsx(10,34): error TS2307: Cannot find module '@plane/propel/icons' or its corresponding type declarations.
core/components/ui/labels-list.tsx(8,25): error TS2307: Cannot find module '@plane/propel/tooltip' or its corresponding type declarations.
core/components/ui/labels-list.tsx(9,34): error TS2307: Cannot find module '@plane/types' or its corresponding type declarations.
core/components/ui/loader/layouts/gantt-layout-loader.tsx(8,21): error TS2307: Cannot find module '@plane/ui' or its corresponding type declarations.
core/components/ui/loader/layouts/kanban-layout-loader.tsx(10,32): error TS2307: Cannot find module '@plane/ui' or its corresponding type declarations.
core/components/ui/loader/layouts/kanban-layout-loader.tsx(12,20): error TS2307: Cannot find module '@plane/utils' or its corresponding type declarations.
core/components/ui/loader/layouts/list-layout-loader.tsx(10,21): error TS2307: Cannot find module '@plane/ui' or its corresponding type declarations.
core/components/ui/loader/layouts/list-layout-loader.tsx(12,20): error TS2307: Cannot find module '@plane/utils' or its corresponding type declarations.
core/components/ui/loader/layouts/project-inbox/inbox-layout-loader.tsx(9,24): error TS2307: Cannot find module '@plane/ui' or its corresponding type declarations.
core/components/ui/loader/layouts/spreadsheet-layout-loader.tsx(8,21): error TS2307: Cannot find module '@plane/ui' or its corresponding type declarations.
core/components/ui/loader/settings/api-token.tsx(8,32): error TS2307: Cannot find module '@plane/i18n' or its corresponding type declarations.
core/components/user/user-greetings.tsx(8,32): error TS2307: Cannot find module '@plane/i18n' or its corresponding type declarations.
core/components/user/user-greetings.tsx(10,28): error TS2307: Cannot find module '@plane/types' or its corresponding type declarations.
core/components/views/applied-filters/access.tsx(9,32): error TS2307: Cannot find module '@plane/i18n' or its corresponding type declarations.
core/components/views/applied-filters/access.tsx(10,27): error TS2307: Cannot find module '@plane/propel/icons' or its corresponding type declarations.
core/components/views/applied-filters/access.tsx(13,34): error TS2307: Cannot find module '@plane/types' or its corresponding type declarations.
core/components/views/applied-filters/root.tsx(7,32): error TS2307: Cannot find module '@plane/i18n' or its corresponding type declarations.
core/components/views/applied-filters/root.tsx(8,27): error TS2307: Cannot find module '@plane/propel/icons' or its corresponding type declarations.
core/components/views/applied-filters/root.tsx(10,52): error TS2307: Cannot find module '@plane/types' or its corresponding type declarations.
core/components/views/applied-filters/root.tsx(11,21): error TS2307: Cannot find module '@plane/ui' or its corresponding type declarations.
core/components/views/applied-filters/root.tsx(12,46): error TS2307: Cannot find module '@plane/utils' or its corresponding type declarations.
core/components/views/applied-filters/root.tsx(50,43): error TS2345: Argument of type 'string | number | symbol' is not assignable to parameter of type 'string'.
  Type 'number' is not assignable to type 'string'.
core/components/views/applied-filters/root.tsx(57,36): error TS2345: Argument of type 'string | number | symbol' is not assignable to parameter of type 'string'.
  Type 'number' is not assignable to type 'string'.
core/components/views/applied-filters/root.tsx(64,39): error TS2345: Argument of type 'string | number | symbol' is not assignable to parameter of type 'string'.
  Type 'number' is not assignable to type 'string'.
core/components/views/delete-view-modal.tsx(11,32): error TS2307: Cannot find module '@plane/i18n' or its corresponding type declarations.
core/components/views/delete-view-modal.tsx(12,38): error TS2307: Cannot find module '@plane/propel/toast' or its corresponding type declarations.
core/components/views/delete-view-modal.tsx(13,35): error TS2307: Cannot find module '@plane/types' or its corresponding type declarations.
core/components/views/delete-view-modal.tsx(15,32): error TS2307: Cannot find module '@plane/ui' or its corresponding type declarations.
core/components/views/filters/filter-selection.tsx(10,39): error TS2307: Cannot find module '@plane/propel/icons' or its corresponding type declarations.
core/components/views/filters/filter-selection.tsx(11,53): error TS2307: Cannot find module '@plane/types' or its corresponding type declarations.
core/components/views/filters/filter-selection.tsx(12,29): error TS2307: Cannot find module '@plane/types' or its corresponding type declarations.
core/components/views/filters/order-by.tsx(9,64): error TS2307: Cannot find module '@plane/constants' or its corresponding type declarations.
core/components/views/filters/order-by.tsx(10,32): error TS2307: Cannot find module '@plane/i18n' or its corresponding type declarations.
core/components/views/filters/order-by.tsx(11,34): error TS2307: Cannot find module '@plane/propel/button' or its corresponding type declarations.
core/components/views/filters/order-by.tsx(12,27): error TS2307: Cannot find module '@plane/propel/icons' or its corresponding type declarations.
core/components/views/filters/order-by.tsx(13,62): error TS2307: Cannot find module '@plane/types' or its corresponding type declarations.
core/components/views/filters/order-by.tsx(14,28): error TS2307: Cannot find module '@plane/ui' or its corresponding type declarations.
core/components/views/filters/order-by.tsx(27,57): error TS7006: Parameter 'option' implicitly has an 'any' type.
core/components/views/filters/order-by.tsx(50,38): error TS7006: Parameter 'option' implicitly has an 'any' type.
core/components/views/filters/order-by.tsx(65,34): error TS7006: Parameter 'option' implicitly has an 'any' type.
core/components/views/form.tsx(11,60): error TS2307: Cannot find module '@plane/constants' or its corresponding type declarations.
core/components/views/form.tsx(12,32): error TS2307: Cannot find module '@plane/i18n' or its corresponding type declarations.
core/components/views/form.tsx(13,24): error TS2307: Cannot find module '@plane/propel/button' or its corresponding type declarations.
core/components/views/form.tsx(14,57): error TS2307: Cannot find module '@plane/propel/emoji-icon-picker' or its corresponding type declarations.
core/components/views/form.tsx(15,27): error TS2307: Cannot find module '@plane/propel/icons' or its corresponding type declarations.
core/components/views/form.tsx(22,8): error TS2307: Cannot find module '@plane/types' or its corresponding type declarations.
core/components/views/form.tsx(23,47): error TS2307: Cannot find module '@plane/types' or its corresponding type declarations.
core/components/views/form.tsx(24,33): error TS2307: Cannot find module '@plane/ui' or its corresponding type declarations.
core/components/views/form.tsx(25,86): error TS2307: Cannot find module '@plane/utils' or its corresponding type declarations.
core/components/views/helper.tsx(7,35): error TS2307: Cannot find module '@plane/types' or its corresponding type declarations.
core/components/views/modal.tsx(9,38): error TS2307: Cannot find module '@plane/propel/toast' or its corresponding type declarations.
core/components/views/modal.tsx(10,35): error TS2307: Cannot find module '@plane/types' or its corresponding type declarations.
core/components/views/modal.tsx(11,34): error TS2307: Cannot find module '@plane/types' or its corresponding type declarations.
core/components/views/modal.tsx(13,56): error TS2307: Cannot find module '@plane/ui' or its corresponding type declarations.
core/components/views/modal.tsx(39,21): error TS2339: Property 'mutateFilters' does not exist on type 'IArchivedIssuesFilter | IWorkspaceIssuesFilter | IModuleIssuesFilter | IProfileIssuesFilter | IProjectViewIssuesFilter | IWorkspaceDraftIssuesFilter'.
core/components/views/quick-actions.tsx(11,57): error TS2307: Cannot find module '@plane/constants' or its corresponding type declarations.
core/components/views/quick-actions.tsx(12,28): error TS2307: Cannot find module '@plane/propel/icon-button' or its corresponding type declarations.
core/components/views/quick-actions.tsx(13,38): error TS2307: Cannot find module '@plane/propel/toast' or its corresponding type declarations.
core/components/views/quick-actions.tsx(14,35): error TS2307: Cannot find module '@plane/types' or its corresponding type declarations.
core/components/views/quick-actions.tsx(16,39): error TS2307: Cannot find module '@plane/ui' or its corresponding type declarations.
core/components/views/quick-actions.tsx(17,41): error TS2307: Cannot find module '@plane/ui' or its corresponding type declarations.
core/components/views/quick-actions.tsx(18,40): error TS2307: Cannot find module '@plane/utils' or its corresponding type declarations.
core/components/views/view-list-header.tsx(11,41): error TS2307: Cannot find module '@plane/hooks' or its corresponding type declarations.
core/components/views/view-list-header.tsx(12,39): error TS2307: Cannot find module '@plane/propel/icons' or its corresponding type declarations.
core/components/views/view-list-header.tsx(15,20): error TS2307: Cannot find module '@plane/utils' or its corresponding type declarations.
core/components/views/view-list-header.tsx(22,28): error TS2307: Cannot find module '@plane/propel/icon-button' or its corresponding type declarations.
core/components/views/view-list-item-action.tsx(12,80): error TS2307: Cannot find module '@plane/constants' or its corresponding type declarations.
core/components/views/view-list-item-action.tsx(13,33): error TS2307: Cannot find module '@plane/hooks' or its corresponding type declarations.
core/components/views/view-list-item-action.tsx(14,26): error TS2307: Cannot find module '@plane/propel/icons' or its corresponding type declarations.
core/components/views/view-list-item-action.tsx(15,25): error TS2307: Cannot find module '@plane/propel/tooltip' or its corresponding type declarations.
core/components/views/view-list-item-action.tsx(16,35): error TS2307: Cannot find module '@plane/types' or its corresponding type declarations.
core/components/views/view-list-item-action.tsx(17,29): error TS2307: Cannot find module '@plane/types' or its corresponding type declarations.
core/components/views/view-list-item-action.tsx(18,30): error TS2307: Cannot find module '@plane/ui' or its corresponding type declarations.
core/components/views/view-list-item-action.tsx(19,36): error TS2307: Cannot find module '@plane/utils' or its corresponding type declarations.
core/components/views/view-list-item-action.tsx(117,21): error TS7006: Parameter 'e' implicitly has an 'any' type.
core/components/views/view-list-item.tsx(10,22): error TS2307: Cannot find module '@plane/propel/emoji-icon-picker' or its corresponding type declarations.
core/components/views/view-list-item.tsx(11,27): error TS2307: Cannot find module '@plane/propel/icons' or its corresponding type declarations.
core/components/views/view-list-item.tsx(13,35): error TS2307: Cannot find module '@plane/types' or its corresponding type declarations.
core/components/views/views-list.tsx(10,39): error TS2307: Cannot find module '@plane/constants' or its corresponding type declarations.
core/components/views/views-list.tsx(11,32): error TS2307: Cannot find module '@plane/i18n' or its corresponding type declarations.
core/components/views/views-list.tsx(12,36): error TS2307: Cannot find module '@plane/propel/empty-state' or its corresponding type declarations.
core/components/views/views-list.tsx(13,35): error TS2307: Cannot find module '@plane/types' or its corresponding type declarations.
core/components/web-hooks/create-webhook-modal.tsx(10,32): error TS2307: Cannot find module '@plane/i18n' or its corresponding type declarations.
core/components/web-hooks/create-webhook-modal.tsx(11,38): error TS2307: Cannot find module '@plane/propel/toast' or its corresponding type declarations.
core/components/web-hooks/create-webhook-modal.tsx(12,63): error TS2307: Cannot find module '@plane/types' or its corresponding type declarations.
core/components/web-hooks/create-webhook-modal.tsx(14,56): error TS2307: Cannot find module '@plane/ui' or its corresponding type declarations.
core/components/web-hooks/create-webhook-modal.tsx(16,29): error TS2307: Cannot find module '@plane/utils' or its corresponding type declarations.
core/components/web-hooks/delete-webhook-modal.tsx(10,38): error TS2307: Cannot find module '@plane/propel/toast' or its corresponding type declarations.
core/components/web-hooks/delete-webhook-modal.tsx(11,32): error TS2307: Cannot find module '@plane/ui' or its corresponding type declarations.
core/components/web-hooks/empty-state.tsx(9,24): error TS2307: Cannot find module '@plane/propel/button' or its corresponding type declarations.
core/components/web-hooks/form/delete-section.tsx(8,53): error TS2307: Cannot find module '@plane/constants' or its corresponding type declarations.
core/components/web-hooks/form/delete-section.tsx(9,24): error TS2307: Cannot find module '@plane/propel/button' or its corresponding type declarations.
core/components/web-hooks/form/delete-section.tsx(10,48): error TS2307: Cannot find module '@plane/propel/icons' or its corresponding type declarations.
core/components/web-hooks/form/event-types.tsx(8,32): error TS2307: Cannot find module '@plane/i18n' or its corresponding type declarations.
core/components/web-hooks/form/event-types.tsx(9,41): error TS2307: Cannot find module '@plane/types' or its corresponding type declarations.
core/components/web-hooks/form/form.tsx(10,53): error TS2307: Cannot find module '@plane/constants' or its corresponding type declarations.
core/components/web-hooks/form/form.tsx(11,32): error TS2307: Cannot find module '@plane/i18n' or its corresponding type declarations.
core/components/web-hooks/form/form.tsx(12,24): error TS2307: Cannot find module '@plane/propel/button' or its corresponding type declarations.
core/components/web-hooks/form/form.tsx(13,51): error TS2307: Cannot find module '@plane/types' or its corresponding type declarations.
core/components/web-hooks/form/individual-event-options.tsx(9,31): error TS2307: Cannot find module '@plane/types' or its corresponding type declarations.
core/components/web-hooks/form/individual-event-options.tsx(10,26): error TS2307: Cannot find module '@plane/ui' or its corresponding type declarations.
core/components/web-hooks/form/individual-event-options.tsx(53,11): error TS2322: Type 'string | number | symbol' is not assignable to type 'Key | null | undefined'.
  Type 'symbol' is not assignable to type 'Key | null | undefined'.
core/components/web-hooks/form/individual-event-options.tsx(60,44): error TS2322: Type 'string | number | symbol' is not assignable to type 'string | undefined'.
  Type 'number' is not assignable to type 'string'.
core/components/web-hooks/form/input.tsx(7,32): error TS2307: Cannot find module '@plane/i18n' or its corresponding type declarations.
core/components/web-hooks/form/input.tsx(8,23): error TS2307: Cannot find module '@plane/ui' or its corresponding type declarations.
core/components/web-hooks/form/input.tsx(25,20): error TS7006: Parameter 'e' implicitly has an 'any' type.
core/components/web-hooks/form/secret-key.tsx(13,32): error TS2307: Cannot find module '@plane/i18n' or its corresponding type declarations.
core/components/web-hooks/form/secret-key.tsx(14,24): error TS2307: Cannot find module '@plane/propel/button' or its corresponding type declarations.
core/components/web-hooks/form/secret-key.tsx(15,26): error TS2307: Cannot find module '@plane/propel/icons' or its corresponding type declarations.
core/components/web-hooks/form/secret-key.tsx(16,38): error TS2307: Cannot find module '@plane/propel/toast' or its corresponding type declarations.
core/components/web-hooks/form/secret-key.tsx(17,25): error TS2307: Cannot find module '@plane/propel/tooltip' or its corresponding type declarations.
core/components/web-hooks/form/secret-key.tsx(18,31): error TS2307: Cannot find module '@plane/types' or its corresponding type declarations.
core/components/web-hooks/form/secret-key.tsx(20,50): error TS2307: Cannot find module '@plane/utils' or its corresponding type declarations.
core/components/web-hooks/form/toggle.tsx(10,31): error TS2307: Cannot find module '@plane/types' or its corresponding type declarations.
core/components/web-hooks/form/toggle.tsx(12,30): error TS2307: Cannot find module '@plane/ui' or its corresponding type declarations.
core/components/web-hooks/generated-hook-details.tsx(9,32): error TS2307: Cannot find module '@plane/i18n' or its corresponding type declarations.
core/components/web-hooks/generated-hook-details.tsx(10,24): error TS2307: Cannot find module '@plane/propel/button' or its corresponding type declarations.
core/components/web-hooks/generated-hook-details.tsx(11,31): error TS2307: Cannot find module '@plane/types' or its corresponding type declarations.
core/components/web-hooks/utils.ts(8,43): error TS2307: Cannot find module '@plane/types' or its corresponding type declarations.
core/components/web-hooks/utils.ts(9,44): error TS2307: Cannot find module '@plane/utils' or its corresponding type declarations.
core/components/web-hooks/webhooks-list-item.tsx(10,31): error TS2307: Cannot find module '@plane/types' or its corresponding type declarations.
core/components/web-hooks/webhooks-list-item.tsx(11,30): error TS2307: Cannot find module '@plane/ui' or its corresponding type declarations.
core/components/work-item-filters/filters-hoc/base.tsx(11,59): error TS2307: Cannot find module '@plane/constants' or its corresponding type declarations.
core/components/work-item-filters/filters-hoc/base.tsx(12,46): error TS2307: Cannot find module '@plane/shared-state' or its corresponding type declarations.
core/components/work-item-filters/filters-hoc/base.tsx(13,63): error TS2307: Cannot find module '@plane/types' or its corresponding type declarations.
core/components/work-item-filters/filters-hoc/project-level.tsx(11,39): error TS2307: Cannot find module '@plane/constants' or its corresponding type declarations.
core/components/work-item-filters/filters-hoc/project-level.tsx(12,38): error TS2307: Cannot find module '@plane/propel/toast' or its corresponding type declarations.
core/components/work-item-filters/filters-hoc/project-level.tsx(13,62): error TS2307: Cannot find module '@plane/types' or its corresponding type declarations.
core/components/work-item-filters/filters-hoc/project-level.tsx(14,48): error TS2307: Cannot find module '@plane/types' or its corresponding type declarations.
core/components/work-item-filters/filters-hoc/shared.ts(8,59): error TS2307: Cannot find module '@plane/constants' or its corresponding type declarations.
core/components/work-item-filters/filters-hoc/shared.ts(9,46): error TS2307: Cannot find module '@plane/shared-state' or its corresponding type declarations.
core/components/work-item-filters/filters-hoc/shared.ts(10,106): error TS2307: Cannot find module '@plane/types' or its corresponding type declarations.
core/components/work-item-filters/filters-hoc/workspace-level.tsx(11,66): error TS2307: Cannot find module '@plane/constants' or its corresponding type declarations.
core/components/work-item-filters/filters-hoc/workspace-level.tsx(12,38): error TS2307: Cannot find module '@plane/propel/toast' or its corresponding type declarations.
core/components/work-item-filters/filters-hoc/workspace-level.tsx(13,64): error TS2307: Cannot find module '@plane/types' or its corresponding type declarations.
core/components/work-item-filters/filters-hoc/workspace-level.tsx(14,48): error TS2307: Cannot find module '@plane/types' or its corresponding type declarations.
core/components/work-item-filters/filters-hoc/workspace-level.tsx(56,89): error TS7006: Parameter 'view' implicitly has an 'any' type.
core/components/work-item-filters/filters-row.tsx(9,46): error TS2307: Cannot find module '@plane/shared-state' or its corresponding type declarations.
core/components/work-item-filters/filters-row.tsx(10,73): error TS2307: Cannot find module '@plane/types' or its corresponding type declarations.
core/components/work-item-filters/filters-toggle.tsx(9,39): error TS2307: Cannot find module '@plane/types' or its corresponding type declarations.
core/components/workflow/state-option.tsx(9,27): error TS2307: Cannot find module '@plane/propel/icons' or its corresponding type declarations.
core/components/workflow/state-option.tsx(10,20): error TS2307: Cannot find module '@plane/utils' or its corresponding type declarations.
core/components/workflow/use-workflow-drag-n-drop.ts(8,43): error TS2307: Cannot find module '@plane/types' or its corresponding type declarations.
core/components/workspace-notifications/notification-app-sidebar-option.tsx(10,32): error TS2307: Cannot find module '@plane/utils' or its corresponding type declarations.
core/components/workspace-notifications/notification-card/content.ts(7,46): error TS2307: Cannot find module '@plane/utils' or its corresponding type declarations.
core/components/workspace-notifications/notification-card/root.tsx(9,66): error TS2307: Cannot find module '@plane/constants' or its corresponding type declarations.
core/components/workspace-notifications/notification-card/root.tsx(10,32): error TS2307: Cannot find module '@plane/i18n' or its corresponding type declarations.
core/components/workspace-notifications/root.tsx(11,66): error TS2307: Cannot find module '@plane/constants' or its corresponding type declarations.
core/components/workspace-notifications/root.tsx(12,35): error TS2307: Cannot find module '@plane/propel/empty-state' or its corresponding type declarations.
core/components/workspace-notifications/root.tsx(13,20): error TS2307: Cannot find module '@plane/utils' or its corresponding type declarations.
core/components/workspace-notifications/sidebar/empty-state.tsx(9,34): error TS2307: Cannot find module '@plane/constants' or its corresponding type declarations.
core/components/workspace-notifications/sidebar/empty-state.tsx(10,32): error TS2307: Cannot find module '@plane/i18n' or its corresponding type declarations.
core/components/workspace-notifications/sidebar/empty-state.tsx(11,35): error TS2307: Cannot find module '@plane/propel/empty-state' or its corresponding type declarations.
core/components/workspace-notifications/sidebar/filters/applied-filter.tsx(9,62): error TS2307: Cannot find module '@plane/constants' or its corresponding type declarations.
core/components/workspace-notifications/sidebar/filters/applied-filter.tsx(10,32): error TS2307: Cannot find module '@plane/i18n' or its corresponding type declarations.
core/components/workspace-notifications/sidebar/filters/applied-filter.tsx(11,27): error TS2307: Cannot find module '@plane/propel/icons' or its corresponding type declarations.
core/components/workspace-notifications/sidebar/filters/applied-filter.tsx(12,45): error TS2307: Cannot find module '@plane/ui' or its corresponding type declarations.
core/components/workspace-notifications/sidebar/filters/applied-filter.tsx(46,35): error TS7006: Parameter 'filter' implicitly has an 'any' type.
core/components/workspace-notifications/sidebar/filters/menu/menu-option-item.tsx(9,46): error TS2307: Cannot find module '@plane/constants' or its corresponding type declarations.
core/components/workspace-notifications/sidebar/filters/menu/menu-option-item.tsx(10,27): error TS2307: Cannot find module '@plane/propel/icons' or its corresponding type declarations.
core/components/workspace-notifications/sidebar/filters/menu/menu-option-item.tsx(13,20): error TS2307: Cannot find module '@plane/utils' or its corresponding type declarations.
core/components/workspace-notifications/sidebar/filters/menu/root.tsx(10,46): error TS2307: Cannot find module '@plane/constants' or its corresponding type declarations.
core/components/workspace-notifications/sidebar/filters/menu/root.tsx(11,37): error TS2307: Cannot find module '@plane/constants' or its corresponding type declarations.
core/components/workspace-notifications/sidebar/filters/menu/root.tsx(12,32): error TS2307: Cannot find module '@plane/i18n' or its corresponding type declarations.
core/components/workspace-notifications/sidebar/filters/menu/root.tsx(13,25): error TS2307: Cannot find module '@plane/propel/tooltip' or its corresponding type declarations.
core/components/workspace-notifications/sidebar/filters/menu/root.tsx(14,29): error TS2307: Cannot find module '@plane/ui' or its corresponding type declarations.
core/components/workspace-notifications/sidebar/filters/menu/root.tsx(19,28): error TS2307: Cannot find module '@plane/propel/icon-button' or its corresponding type declarations.
core/components/workspace-notifications/sidebar/filters/menu/root.tsx(26,64): error TS7006: Parameter 'filter' implicitly has an 'any' type.
core/components/workspace-notifications/sidebar/filters/menu/root.tsx(40,16): error TS7006: Parameter 'item' implicitly has an 'any' type.
core/components/workspace-notifications/sidebar/header/options/menu-option/menu-item.tsx(9,20): error TS2307: Cannot find module '@plane/utils' or its corresponding type declarations.
core/components/workspace-notifications/sidebar/header/options/menu-option/root.tsx(10,32): error TS2307: Cannot find module '@plane/i18n' or its corresponding type declarations.
core/components/workspace-notifications/sidebar/header/options/menu-option/root.tsx(12,40): error TS2307: Cannot find module '@plane/propel/icons' or its corresponding type declarations.
core/components/workspace-notifications/sidebar/header/options/menu-option/root.tsx(13,42): error TS2307: Cannot find module '@plane/types' or its corresponding type declarations.
core/components/workspace-notifications/sidebar/header/options/menu-option/root.tsx(14,29): error TS2307: Cannot find module '@plane/ui' or its corresponding type declarations.
core/components/workspace-notifications/sidebar/header/options/menu-option/root.tsx(19,28): error TS2307: Cannot find module '@plane/propel/icon-button' or its corresponding type declarations.
core/components/workspace-notifications/sidebar/header/options/root.tsx(10,66): error TS2307: Cannot find module '@plane/constants' or its corresponding type declarations.
core/components/workspace-notifications/sidebar/header/options/root.tsx(11,32): error TS2307: Cannot find module '@plane/i18n' or its corresponding type declarations.
core/components/workspace-notifications/sidebar/header/options/root.tsx(12,25): error TS2307: Cannot find module '@plane/propel/tooltip' or its corresponding type declarations.
core/components/workspace-notifications/sidebar/header/options/root.tsx(13,25): error TS2307: Cannot find module '@plane/ui' or its corresponding type declarations.
core/components/workspace-notifications/sidebar/header/options/root.tsx(20,28): error TS2307: Cannot find module '@plane/propel/icon-button' or its corresponding type declarations.
core/components/workspace-notifications/sidebar/header/root.tsx(9,32): error TS2307: Cannot find module '@plane/i18n' or its corresponding type declarations.
core/components/workspace-notifications/sidebar/header/root.tsx(10,27): error TS2307: Cannot find module '@plane/propel/icons' or its corresponding type declarations.
core/components/workspace-notifications/sidebar/header/root.tsx(11,37): error TS2307: Cannot find module '@plane/ui' or its corresponding type declarations.
core/components/workspace-notifications/sidebar/notification-card/content.tsx(9,36): error TS2307: Cannot find module '@plane/types' or its corresponding type declarations.
core/components/workspace-notifications/sidebar/notification-card/content.tsx(15,8): error TS2307: Cannot find module '@plane/utils' or its corresponding type declarations.
core/components/workspace-notifications/sidebar/notification-card/item.tsx(11,29): error TS2307: Cannot find module '@plane/ui' or its corresponding type declarations.
core/components/workspace-notifications/sidebar/notification-card/item.tsx(12,92): error TS2307: Cannot find module '@plane/utils' or its corresponding type declarations.
core/components/workspace-notifications/sidebar/notification-card/options/archive.tsx(10,32): error TS2307: Cannot find module '@plane/i18n' or its corresponding type declarations.
core/components/workspace-notifications/sidebar/notification-card/options/archive.tsx(11,29): error TS2307: Cannot find module '@plane/propel/icons' or its corresponding type declarations.
core/components/workspace-notifications/sidebar/notification-card/options/archive.tsx(12,38): error TS2307: Cannot find module '@plane/propel/toast' or its corresponding type declarations.
core/components/workspace-notifications/sidebar/notification-card/options/button.tsx(8,25): error TS2307: Cannot find module '@plane/propel/tooltip' or its corresponding type declarations.
core/components/workspace-notifications/sidebar/notification-card/options/button.tsx(10,20): error TS2307: Cannot find module '@plane/utils' or its corresponding type declarations.
core/components/workspace-notifications/sidebar/notification-card/options/read.tsx(10,32): error TS2307: Cannot find module '@plane/i18n' or its corresponding type declarations.
core/components/workspace-notifications/sidebar/notification-card/options/read.tsx(11,38): error TS2307: Cannot find module '@plane/propel/toast' or its corresponding type declarations.
core/components/workspace-notifications/sidebar/notification-card/options/root.tsx(10,20): error TS2307: Cannot find module '@plane/utils' or its corresponding type declarations.
core/components/workspace-notifications/sidebar/notification-card/options/snooze/modal.tsx(10,57): error TS2307: Cannot find module '@plane/constants' or its corresponding type declarations.
core/components/workspace-notifications/sidebar/notification-card/options/snooze/modal.tsx(11,24): error TS2307: Cannot find module '@plane/propel/button' or its corresponding type declarations.
core/components/workspace-notifications/sidebar/notification-card/options/snooze/modal.tsx(12,27): error TS2307: Cannot find module '@plane/propel/icons' or its corresponding type declarations.
core/components/workspace-notifications/sidebar/notification-card/options/snooze/modal.tsx(13,70): error TS2307: Cannot find module '@plane/ui' or its corresponding type declarations.
core/components/workspace-notifications/sidebar/notification-card/options/snooze/modal.tsx(15,29): error TS2307: Cannot find module '@plane/utils' or its corresponding type declarations.
core/components/workspace-notifications/sidebar/notification-card/options/snooze/modal.tsx(80,31): error TS7006: Parameter 'optionTime' implicitly has an 'any' type.
core/components/workspace-notifications/sidebar/notification-card/options/snooze/modal.tsx(200,41): error TS7006: Parameter 'time' implicitly has an 'any' type.
core/components/workspace-notifications/sidebar/notification-card/options/snooze/modal.tsx(200,47): error TS7006: Parameter 'index' implicitly has an 'any' type.
core/components/workspace-notifications/sidebar/notification-card/options/snooze/root.tsx(13,45): error TS2307: Cannot find module '@plane/constants' or its corresponding type declarations.
core/components/workspace-notifications/sidebar/notification-card/options/snooze/root.tsx(14,32): error TS2307: Cannot find module '@plane/i18n' or its corresponding type declarations.
core/components/workspace-notifications/sidebar/notification-card/options/snooze/root.tsx(15,38): error TS2307: Cannot find module '@plane/propel/toast' or its corresponding type declarations.
core/components/workspace-notifications/sidebar/notification-card/options/snooze/root.tsx(16,25): error TS2307: Cannot find module '@plane/propel/tooltip' or its corresponding type declarations.
core/components/workspace-notifications/sidebar/notification-card/options/snooze/root.tsx(17,20): error TS2307: Cannot find module '@plane/utils' or its corresponding type declarations.
core/components/workspace-notifications/sidebar/notification-card/options/snooze/root.tsx(139,55): error TS7006: Parameter 'option' implicitly has an 'any' type.
core/components/workspace-notifications/sidebar/root.tsx(11,39): error TS2307: Cannot find module '@plane/constants' or its corresponding type declarations.
core/components/workspace-notifications/sidebar/root.tsx(12,35): error TS2307: Cannot find module '@plane/constants' or its corresponding type declarations.
core/components/workspace-notifications/sidebar/root.tsx(13,32): error TS2307: Cannot find module '@plane/i18n' or its corresponding type declarations.
core/components/workspace-notifications/sidebar/root.tsx(14,74): error TS2307: Cannot find module '@plane/ui' or its corresponding type declarations.
core/components/workspace-notifications/sidebar/root.tsx(15,36): error TS2307: Cannot find module '@plane/utils' or its corresponding type declarations.
core/components/workspace-notifications/sidebar/root.tsx(70,35): error TS7006: Parameter 'tab' implicitly has an 'any' type.
core/components/workspace/ConfirmWorkspaceMemberRemove.tsx(11,24): error TS2307: Cannot find module '@plane/propel/button' or its corresponding type declarations.
core/components/workspace/billing/comparison/base.tsx(10,24): error TS2307: Cannot find module '@plane/propel/button' or its corresponding type declarations.
core/components/workspace/billing/comparison/base.tsx(11,20): error TS2307: Cannot find module '@plane/utils' or its corresponding type declarations.
core/components/workspace/billing/comparison/feature-detail.tsx(8,47): error TS2307: Cannot find module '@plane/types' or its corresponding type declarations.
core/components/workspace/billing/comparison/frequency-toggle.tsx(9,66): error TS2307: Cannot find module '@plane/types' or its corresponding type declarations.
core/components/workspace/billing/comparison/frequency-toggle.tsx(10,45): error TS2307: Cannot find module '@plane/utils' or its corresponding type declarations.
core/components/workspace/billing/comparison/plan-detail.tsx(13,8): error TS2307: Cannot find module '@plane/constants' or its corresponding type declarations.
core/components/workspace/billing/comparison/plan-detail.tsx(14,32): error TS2307: Cannot find module '@plane/i18n' or its corresponding type declarations.
core/components/workspace/billing/comparison/plan-detail.tsx(15,24): error TS2307: Cannot find module '@plane/propel/button' or its corresponding type declarations.
core/components/workspace/billing/comparison/plan-detail.tsx(16,40): error TS2307: Cannot find module '@plane/types' or its corresponding type declarations.
core/components/workspace/billing/comparison/plan-detail.tsx(17,42): error TS2307: Cannot find module '@plane/types' or its corresponding type declarations.
core/components/workspace/billing/comparison/plan-detail.tsx(18,37): error TS2307: Cannot find module '@plane/utils' or its corresponding type declarations.
core/components/workspace/billing/comparison/plans.tsx(8,42): error TS2307: Cannot find module '@plane/types' or its corresponding type declarations.
core/components/workspace/billing/comparison/plans.tsx(10,20): error TS2307: Cannot find module '@plane/utils' or its corresponding type declarations.
core/components/workspace/billing/comparison/root.tsx(9,66): error TS2307: Cannot find module '@plane/types' or its corresponding type declarations.
core/components/workspace/billing/root.tsx(10,88): error TS2307: Cannot find module '@plane/constants' or its corresponding type declarations.
core/components/workspace/billing/root.tsx(11,32): error TS2307: Cannot find module '@plane/i18n' or its corresponding type declarations.
core/components/workspace/billing/root.tsx(12,66): error TS2307: Cannot find module '@plane/types' or its corresponding type declarations.
core/components/workspace/billing/root.tsx(13,42): error TS2307: Cannot find module '@plane/types' or its corresponding type declarations.
core/components/workspace/confirm-workspace-member-remove.tsx(11,32): error TS2307: Cannot find module '@plane/i18n' or its corresponding type declarations.
core/components/workspace/confirm-workspace-member-remove.tsx(12,24): error TS2307: Cannot find module '@plane/propel/button' or its corresponding type declarations.
core/components/workspace/confirm-workspace-member-remove.tsx(13,56): error TS2307: Cannot find module '@plane/ui' or its corresponding type declarations.
core/components/workspace/content-wrapper.tsx(10,20): error TS2307: Cannot find module '@plane/utils' or its corresponding type declarations.
core/components/workspace/create-workspace-form.tsx(11,52): error TS2307: Cannot find module '@plane/constants' or its corresponding type declarations.
core/components/workspace/create-workspace-form.tsx(12,32): error TS2307: Cannot find module '@plane/i18n' or its corresponding type declarations.
core/components/workspace/create-workspace-form.tsx(13,24): error TS2307: Cannot find module '@plane/propel/button' or its corresponding type declarations.
core/components/workspace/create-workspace-form.tsx(14,38): error TS2307: Cannot find module '@plane/propel/toast' or its corresponding type declarations.
core/components/workspace/create-workspace-form.tsx(15,33): error TS2307: Cannot find module '@plane/types' or its corresponding type declarations.
core/components/workspace/create-workspace-form.tsx(17,37): error TS2307: Cannot find module '@plane/ui' or its corresponding type declarations.
core/components/workspace/create-workspace-form.tsx(18,53): error TS2307: Cannot find module '@plane/utils' or its corresponding type declarations.
core/components/workspace/create-workspace-form.tsx(141,30): error TS7006: Parameter 'e' implicitly has an 'any' type.
core/components/workspace/create-workspace-form.tsx(180,30): error TS7006: Parameter 'e' implicitly has an 'any' type.
core/components/workspace/create-workspace-form.tsx(219,45): error TS7006: Parameter 'c' implicitly has an 'any' type.
core/components/workspace/create-workspace-form.tsx(228,43): error TS7006: Parameter 'item' implicitly has an 'any' type.
core/components/workspace/delete-workspace-form.tsx(11,32): error TS2307: Cannot find module '@plane/i18n' or its corresponding type declarations.
core/components/workspace/delete-workspace-form.tsx(12,24): error TS2307: Cannot find module '@plane/propel/button' or its corresponding type declarations.
core/components/workspace/delete-workspace-form.tsx(13,38): error TS2307: Cannot find module '@plane/propel/toast' or its corresponding type declarations.
core/components/workspace/delete-workspace-form.tsx(14,33): error TS2307: Cannot find module '@plane/types' or its corresponding type declarations.
core/components/workspace/delete-workspace-form.tsx(15,23): error TS2307: Cannot find module '@plane/ui' or its corresponding type declarations.
core/components/workspace/delete-workspace-form.tsx(16,20): error TS2307: Cannot find module '@plane/utils' or its corresponding type declarations.
core/components/workspace/delete-workspace-modal.tsx(9,33): error TS2307: Cannot find module '@plane/types' or its corresponding type declarations.
core/components/workspace/delete-workspace-modal.tsx(11,56): error TS2307: Cannot find module '@plane/ui' or its corresponding type declarations.
core/components/workspace/delete-workspace-section.tsx(10,44): error TS2307: Cannot find module '@plane/constants' or its corresponding type declarations.
core/components/workspace/delete-workspace-section.tsx(11,32): error TS2307: Cannot find module '@plane/i18n' or its corresponding type declarations.
core/components/workspace/delete-workspace-section.tsx(12,24): error TS2307: Cannot find module '@plane/propel/button' or its corresponding type declarations.
core/components/workspace/delete-workspace-section.tsx(13,33): error TS2307: Cannot find module '@plane/types' or its corresponding type declarations.
core/components/workspace/edition-badge.tsx(10,32): error TS2307: Cannot find module '@plane/i18n' or its corresponding type declarations.
core/components/workspace/edition-badge.tsx(11,25): error TS2307: Cannot find module '@plane/propel/tooltip' or its corresponding type declarations.
core/components/workspace/edition-badge.tsx(16,24): error TS2307: Cannot find module '@plane/propel/button' or its corresponding type declarations.
core/components/workspace/invite-modal/actions.tsx(10,32): error TS2307: Cannot find module '@plane/i18n' or its corresponding type declarations.
core/components/workspace/invite-modal/actions.tsx(11,24): error TS2307: Cannot find module '@plane/propel/button' or its corresponding type declarations.
core/components/workspace/invite-modal/actions.tsx(12,26): error TS2307: Cannot find module '@plane/propel/icons' or its corresponding type declarations.
core/components/workspace/invite-modal/actions.tsx(13,20): error TS2307: Cannot find module '@plane/utils' or its corresponding type declarations.
core/components/workspace/invite-modal/fields.tsx(11,22): error TS2307: Cannot find module '@plane/constants' or its corresponding type declarations.
core/components/workspace/invite-modal/fields.tsx(12,32): error TS2307: Cannot find module '@plane/i18n' or its corresponding type declarations.
core/components/workspace/invite-modal/fields.tsx(13,27): error TS2307: Cannot find module '@plane/propel/icons' or its corresponding type declarations.
core/components/workspace/invite-modal/fields.tsx(14,37): error TS2307: Cannot find module '@plane/ui' or its corresponding type declarations.
core/components/workspace/invite-modal/fields.tsx(15,20): error TS2307: Cannot find module '@plane/utils' or its corresponding type declarations.
core/components/workspace/logo.tsx(9,32): error TS2307: Cannot find module '@plane/i18n' or its corresponding type declarations.
core/components/workspace/logo.tsx(10,32): error TS2307: Cannot find module '@plane/utils' or its corresponding type declarations.
core/components/workspace/members/invite-modal.tsx(11,32): error TS2307: Cannot find module '@plane/i18n' or its corresponding type declarations.
core/components/workspace/members/invite-modal.tsx(12,51): error TS2307: Cannot find module '@plane/types' or its corresponding type declarations.
core/components/workspace/members/invite-modal.tsx(13,56): error TS2307: Cannot find module '@plane/ui' or its corresponding type declarations.
core/components/workspace/settings/invitations-list-item.tsx(11,63): error TS2307: Cannot find module '@plane/constants' or its corresponding type declarations.
core/components/workspace/settings/invitations-list-item.tsx(12,32): error TS2307: Cannot find module '@plane/i18n' or its corresponding type declarations.
core/components/workspace/settings/invitations-list-item.tsx(13,54): error TS2307: Cannot find module '@plane/propel/icons' or its corresponding type declarations.
core/components/workspace/settings/invitations-list-item.tsx(14,38): error TS2307: Cannot find module '@plane/propel/toast' or its corresponding type declarations.
core/components/workspace/settings/invitations-list-item.tsx(15,39): error TS2307: Cannot find module '@plane/ui' or its corresponding type declarations.
core/components/workspace/settings/invitations-list-item.tsx(16,42): error TS2307: Cannot find module '@plane/ui' or its corresponding type declarations.
core/components/workspace/settings/invitations-list-item.tsx(17,41): error TS2307: Cannot find module '@plane/utils' or its corresponding type declarations.
core/components/workspace/settings/member-columns.tsx(13,88): error TS2307: Cannot find module '@plane/constants' or its corresponding type declarations.
core/components/workspace/settings/member-columns.tsx(14,46): error TS2307: Cannot find module '@plane/propel/icons' or its corresponding type declarations.
core/components/workspace/settings/member-columns.tsx(15,47): error TS2307: Cannot find module '@plane/propel/pill' or its corresponding type declarations.
core/components/workspace/settings/member-columns.tsx(16,38): error TS2307: Cannot find module '@plane/propel/toast' or its corresponding type declarations.
core/components/workspace/settings/member-columns.tsx(17,46): error TS2307: Cannot find module '@plane/types' or its corresponding type declarations.
core/components/workspace/settings/member-columns.tsx(19,43): error TS2307: Cannot find module '@plane/ui' or its corresponding type declarations.
core/components/workspace/settings/member-columns.tsx(21,28): error TS2307: Cannot find module '@plane/utils' or its corresponding type declarations.
core/components/workspace/settings/member-columns.tsx(86,32): error TS7006: Parameter 'item' implicitly has an 'any' type.
core/components/workspace/settings/members-list-item.tsx(10,32): error TS2307: Cannot find module '@plane/i18n' or its corresponding type declarations.
core/components/workspace/settings/members-list-item.tsx(11,38): error TS2307: Cannot find module '@plane/propel/toast' or its corresponding type declarations.
core/components/workspace/settings/members-list-item.tsx(12,39): error TS2307: Cannot find module '@plane/types' or its corresponding type declarations.
core/components/workspace/settings/members-list-item.tsx(13,23): error TS2307: Cannot find module '@plane/ui' or its corresponding type declarations.
core/components/workspace/settings/members-list-item.tsx(111,24): error TS7006: Parameter 'rowData' implicitly has an 'any' type.
core/components/workspace/settings/members-list.tsx(13,32): error TS2307: Cannot find module '@plane/i18n' or its corresponding type declarations.
core/components/workspace/settings/members-list.tsx(14,33): error TS2307: Cannot find module '@plane/propel/icons' or its corresponding type declarations.
core/components/workspace/settings/members-list.tsx(15,29): error TS2307: Cannot find module '@plane/ui' or its corresponding type declarations.
core/components/workspace/settings/useMemberColumns.tsx(9,78): error TS2307: Cannot find module '@plane/constants' or its corresponding type declarations.
core/components/workspace/settings/useMemberColumns.tsx(10,32): error TS2307: Cannot find module '@plane/i18n' or its corresponding type declarations.
core/components/workspace/settings/useMemberColumns.tsx(11,37): error TS2307: Cannot find module '@plane/utils' or its corresponding type declarations.
core/components/workspace/settings/workspace-details.tsx(11,76): error TS2307: Cannot find module '@plane/constants' or its corresponding type declarations.
core/components/workspace/settings/workspace-details.tsx(12,32): error TS2307: Cannot find module '@plane/i18n' or its corresponding type declarations.
core/components/workspace/settings/workspace-details.tsx(13,24): error TS2307: Cannot find module '@plane/propel/button' or its corresponding type declarations.
core/components/workspace/settings/workspace-details.tsx(14,26): error TS2307: Cannot find module '@plane/propel/icons' or its corresponding type declarations.
core/components/workspace/settings/workspace-details.tsx(15,38): error TS2307: Cannot find module '@plane/propel/toast' or its corresponding type declarations.
core/components/workspace/settings/workspace-details.tsx(16,33): error TS2307: Cannot find module '@plane/types' or its corresponding type declarations.
core/components/workspace/settings/workspace-details.tsx(17,37): error TS2307: Cannot find module '@plane/ui' or its corresponding type declarations.
core/components/workspace/settings/workspace-details.tsx(18,75): error TS2307: Cannot find module '@plane/utils' or its corresponding type declarations.
core/components/workspace/settings/workspace-details.tsx(229,47): error TS7006: Parameter 'c' implicitly has an 'any' type.
core/components/workspace/settings/workspace-details.tsx(236,45): error TS7006: Parameter 'item' implicitly has an 'any' type.
core/components/workspace/settings/workspace-details.tsx(289,25): error TS7006: Parameter 'e' implicitly has an 'any' type.
core/components/workspace/sidebar/dropdown-item.tsx(13,34): error TS2307: Cannot find module '@plane/constants' or its corresponding type declarations.
core/components/workspace/sidebar/dropdown-item.tsx(14,32): error TS2307: Cannot find module '@plane/i18n' or its corresponding type declarations.
core/components/workspace/sidebar/dropdown-item.tsx(15,27): error TS2307: Cannot find module '@plane/propel/icons' or its corresponding type declarations.
core/components/workspace/sidebar/dropdown-item.tsx(16,33): error TS2307: Cannot find module '@plane/types' or its corresponding type declarations.
core/components/workspace/sidebar/dropdown-item.tsx(17,45): error TS2307: Cannot find module '@plane/utils' or its corresponding type declarations.
core/components/workspace/sidebar/extended-sidebar-item.tsx(16,54): error TS2307: Cannot find module '@plane/constants' or its corresponding type declarations.
core/components/workspace/sidebar/extended-sidebar-item.tsx(17,39): error TS2307: Cannot find module '@plane/constants' or its corresponding type declarations.
core/components/workspace/sidebar/extended-sidebar-item.tsx(18,32): error TS2307: Cannot find module '@plane/i18n' or its corresponding type declarations.
core/components/workspace/sidebar/extended-sidebar-item.tsx(19,25): error TS2307: Cannot find module '@plane/propel/tooltip' or its corresponding type declarations.
core/components/workspace/sidebar/extended-sidebar-item.tsx(20,43): error TS2307: Cannot find module '@plane/ui' or its corresponding type declarations.
core/components/workspace/sidebar/extended-sidebar-item.tsx(21,20): error TS2307: Cannot find module '@plane/utils' or its corresponding type declarations.
core/components/workspace/sidebar/favorites/favorite-folder.tsx(25,41): error TS2307: Cannot find module '@plane/hooks' or its corresponding type declarations.
core/components/workspace/sidebar/favorites/favorite-folder.tsx(26,32): error TS2307: Cannot find module '@plane/i18n' or its corresponding type declarations.
core/components/workspace/sidebar/favorites/favorite-folder.tsx(27,65): error TS2307: Cannot find module '@plane/propel/icons' or its corresponding type declarations.
core/components/workspace/sidebar/favorites/favorite-folder.tsx(28,25): error TS2307: Cannot find module '@plane/propel/tooltip' or its corresponding type declarations.
core/components/workspace/sidebar/favorites/favorite-folder.tsx(29,49): error TS2307: Cannot find module '@plane/types' or its corresponding type declarations.
core/components/workspace/sidebar/favorites/favorite-folder.tsx(30,55): error TS2307: Cannot find module '@plane/ui' or its corresponding type declarations.
core/components/workspace/sidebar/favorites/favorite-folder.tsx(32,20): error TS2307: Cannot find module '@plane/utils' or its corresponding type declarations.
core/components/workspace/sidebar/favorites/favorite-items/common/favorite-item-drag-handle.tsx(10,25): error TS2307: Cannot find module '@plane/propel/tooltip' or its corresponding type declarations.
core/components/workspace/sidebar/favorites/favorite-items/common/favorite-item-drag-handle.tsx(11,28): error TS2307: Cannot find module '@plane/ui' or its corresponding type declarations.
core/components/workspace/sidebar/favorites/favorite-items/common/favorite-item-drag-handle.tsx(13,20): error TS2307: Cannot find module '@plane/utils' or its corresponding type declarations.
core/components/workspace/sidebar/favorites/favorite-items/common/favorite-item-icon.tsx(9,33): error TS2307: Cannot find module '@plane/types' or its corresponding type declarations.
core/components/workspace/sidebar/favorites/favorite-items/common/favorite-item-icon.tsx(10,93): error TS2307: Cannot find module '@plane/propel/icons' or its corresponding type declarations.
core/components/workspace/sidebar/favorites/favorite-items/common/favorite-item-icon.tsx(11,32): error TS2307: Cannot find module '@plane/propel/icons' or its corresponding type declarations.
core/components/workspace/sidebar/favorites/favorite-items/common/favorite-item-icon.tsx(12,22): error TS2307: Cannot find module '@plane/propel/emoji-icon-picker' or its corresponding type declarations.
core/components/workspace/sidebar/favorites/favorite-items/common/favorite-item-quick-action.tsx(11,32): error TS2307: Cannot find module '@plane/i18n' or its corresponding type declarations.
core/components/workspace/sidebar/favorites/favorite-items/common/favorite-item-quick-action.tsx(12,32): error TS2307: Cannot find module '@plane/types' or its corresponding type declarations.
core/components/workspace/sidebar/favorites/favorite-items/common/favorite-item-quick-action.tsx(13,28): error TS2307: Cannot find module '@plane/ui' or its corresponding type declarations.
core/components/workspace/sidebar/favorites/favorite-items/common/favorite-item-quick-action.tsx(15,20): error TS2307: Cannot find module '@plane/utils' or its corresponding type declarations.
core/components/workspace/sidebar/favorites/favorite-items/common/favorite-item-title.tsx(10,25): error TS2307: Cannot find module '@plane/propel/tooltip' or its corresponding type declarations.
core/components/workspace/sidebar/favorites/favorite-items/common/favorite-item-wrapper.tsx(9,20): error TS2307: Cannot find module '@plane/utils' or its corresponding type declarations.
core/components/workspace/sidebar/favorites/favorite-items/common/helper.tsx(7,37): error TS2307: Cannot find module '@plane/constants' or its corresponding type declarations.
core/components/workspace/sidebar/favorites/favorite-items/common/helper.tsx(8,32): error TS2307: Cannot find module '@plane/types' or its corresponding type declarations.
core/components/workspace/sidebar/favorites/favorite-items/root.tsx(21,41): error TS2307: Cannot find module '@plane/hooks' or its corresponding type declarations.
core/components/workspace/sidebar/favorites/favorite-items/root.tsx(22,49): error TS2307: Cannot find module '@plane/types' or its corresponding type declarations.
core/components/workspace/sidebar/favorites/favorite-items/root.tsx(23,31): error TS2307: Cannot find module '@plane/ui' or its corresponding type declarations.
core/components/workspace/sidebar/favorites/favorites-menu.tsx(20,39): error TS2307: Cannot find module '@plane/constants' or its corresponding type declarations.
core/components/workspace/sidebar/favorites/favorites-menu.tsx(21,32): error TS2307: Cannot find module '@plane/i18n' or its corresponding type declarations.
core/components/workspace/sidebar/favorites/favorites-menu.tsx(22,34): error TS2307: Cannot find module '@plane/propel/icons' or its corresponding type declarations.
core/components/workspace/sidebar/favorites/favorites-menu.tsx(24,38): error TS2307: Cannot find module '@plane/propel/toast' or its corresponding type declarations.
core/components/workspace/sidebar/favorites/favorites-menu.tsx(25,25): error TS2307: Cannot find module '@plane/propel/tooltip' or its corresponding type declarations.
core/components/workspace/sidebar/favorites/favorites-menu.tsx(26,32): error TS2307: Cannot find module '@plane/types' or its corresponding type declarations.
core/components/workspace/sidebar/favorites/favorites-menu.tsx(28,20): error TS2307: Cannot find module '@plane/utils' or its corresponding type declarations.
core/components/workspace/sidebar/favorites/favorites-menu.tsx(38,28): error TS2307: Cannot find module '@plane/propel/icon-button' or its corresponding type declarations.
core/components/workspace/sidebar/favorites/favorites.helpers.ts(8,89): error TS2307: Cannot find module '@plane/types' or its corresponding type declarations.
core/components/workspace/sidebar/favorites/new-fav-folder.tsx(12,41): error TS2307: Cannot find module '@plane/hooks' or its corresponding type declarations.
core/components/workspace/sidebar/favorites/new-fav-folder.tsx(13,32): error TS2307: Cannot find module '@plane/i18n' or its corresponding type declarations.
core/components/workspace/sidebar/favorites/new-fav-folder.tsx(16,36): error TS2307: Cannot find module '@plane/propel/icons' or its corresponding type declarations.
core/components/workspace/sidebar/favorites/new-fav-folder.tsx(17,38): error TS2307: Cannot find module '@plane/propel/toast' or its corresponding type declarations.
core/components/workspace/sidebar/favorites/new-fav-folder.tsx(18,23): error TS2307: Cannot find module '@plane/ui' or its corresponding type declarations.
core/components/workspace/sidebar/help-section/root.tsx(10,32): error TS2307: Cannot find module '@plane/i18n' or its corresponding type declarations.
core/components/workspace/sidebar/help-section/root.tsx(11,26): error TS2307: Cannot find module '@plane/propel/icons' or its corresponding type declarations.
core/components/workspace/sidebar/help-section/root.tsx(13,28): error TS2307: Cannot find module '@plane/ui' or its corresponding type declarations.
core/components/workspace/sidebar/helper.tsx(18,8): error TS2307: Cannot find module '@plane/propel/icons' or its corresponding type declarations.
core/components/workspace/sidebar/helper.tsx(19,20): error TS2307: Cannot find module '@plane/utils' or its corresponding type declarations.
core/components/workspace/sidebar/project-navigation.tsx(11,57): error TS2307: Cannot find module '@plane/constants' or its corresponding type declarations.
core/components/workspace/sidebar/project-navigation.tsx(12,32): error TS2307: Cannot find module '@plane/i18n' or its corresponding type declarations.
core/components/workspace/sidebar/project-navigation.tsx(13,87): error TS2307: Cannot find module '@plane/propel/icons' or its corresponding type declarations.
core/components/workspace/sidebar/project-navigation.tsx(14,40): error TS2307: Cannot find module '@plane/types' or its corresponding type declarations.
core/components/workspace/sidebar/projects-list-item.tsx(20,82): error TS2307: Cannot find module '@plane/constants' or its corresponding type declarations.
core/components/workspace/sidebar/projects-list-item.tsx(21,41): error TS2307: Cannot find module '@plane/hooks' or its corresponding type declarations.
core/components/workspace/sidebar/projects-list-item.tsx(22,32): error TS2307: Cannot find module '@plane/i18n' or its corresponding type declarations.
core/components/workspace/sidebar/projects-list-item.tsx(23,22): error TS2307: Cannot find module '@plane/propel/emoji-icon-picker' or its corresponding type declarations.
core/components/workspace/sidebar/projects-list-item.tsx(24,57): error TS2307: Cannot find module '@plane/propel/icons' or its corresponding type declarations.
core/components/workspace/sidebar/projects-list-item.tsx(25,28): error TS2307: Cannot find module '@plane/propel/icon-button' or its corresponding type declarations.
core/components/workspace/sidebar/projects-list-item.tsx(26,25): error TS2307: Cannot find module '@plane/propel/tooltip' or its corresponding type declarations.
core/components/workspace/sidebar/projects-list-item.tsx(27,68): error TS2307: Cannot find module '@plane/ui' or its corresponding type declarations.
core/components/workspace/sidebar/projects-list-item.tsx(28,20): error TS2307: Cannot find module '@plane/utils' or its corresponding type declarations.
core/components/workspace/sidebar/projects-list.tsx(15,83): error TS2307: Cannot find module '@plane/constants' or its corresponding type declarations.
core/components/workspace/sidebar/projects-list.tsx(16,32): error TS2307: Cannot find module '@plane/i18n' or its corresponding type declarations.
core/components/workspace/sidebar/projects-list.tsx(17,44): error TS2307: Cannot find module '@plane/propel/icons' or its corresponding type declarations.
core/components/workspace/sidebar/projects-list.tsx(18,28): error TS2307: Cannot find module '@plane/propel/icon-button' or its corresponding type declarations.
core/components/workspace/sidebar/projects-list.tsx(19,38): error TS2307: Cannot find module '@plane/propel/toast' or its corresponding type declarations.
core/components/workspace/sidebar/projects-list.tsx(20,25): error TS2307: Cannot find module '@plane/propel/tooltip' or its corresponding type declarations.
core/components/workspace/sidebar/projects-list.tsx(21,24): error TS2307: Cannot find module '@plane/ui' or its corresponding type declarations.
core/components/workspace/sidebar/projects-list.tsx(22,61): error TS2307: Cannot find module '@plane/utils' or its corresponding type declarations.
core/components/workspace/sidebar/projects-list.tsx(33,31): error TS2307: Cannot find module '@plane/types' or its corresponding type declarations.
core/components/workspace/sidebar/quick-actions.tsx(11,83): error TS2307: Cannot find module '@plane/constants' or its corresponding type declarations.
core/components/workspace/sidebar/quick-actions.tsx(12,32): error TS2307: Cannot find module '@plane/i18n' or its corresponding type declarations.
core/components/workspace/sidebar/quick-actions.tsx(13,33): error TS2307: Cannot find module '@plane/propel/icons' or its corresponding type declarations.
core/components/workspace/sidebar/quick-actions.tsx(14,29): error TS2307: Cannot find module '@plane/types' or its corresponding type declarations.
core/components/workspace/sidebar/sidebar-item.tsx(12,54): error TS2307: Cannot find module '@plane/constants' or its corresponding type declarations.
core/components/workspace/sidebar/sidebar-item.tsx(13,39): error TS2307: Cannot find module '@plane/constants' or its corresponding type declarations.
core/components/workspace/sidebar/sidebar-item.tsx(14,32): error TS2307: Cannot find module '@plane/i18n' or its corresponding type declarations.
core/components/workspace/sidebar/sidebar-item.tsx(15,29): error TS2307: Cannot find module '@plane/utils' or its corresponding type declarations.
core/components/workspace/sidebar/sidebar-menu-items.tsx(17,8): error TS2307: Cannot find module '@plane/constants' or its corresponding type declarations.
core/components/workspace/sidebar/sidebar-menu-items.tsx(18,32): error TS2307: Cannot find module '@plane/i18n' or its corresponding type declarations.
core/components/workspace/sidebar/sidebar-menu-items.tsx(19,34): error TS2307: Cannot find module '@plane/propel/icons' or its corresponding type declarations.
core/components/workspace/sidebar/sidebar-menu-items.tsx(20,20): error TS2307: Cannot find module '@plane/utils' or its corresponding type declarations.
core/components/workspace/sidebar/sidebar-menu-items.tsx(87,61): error TS7006: Parameter 'item' implicitly has an 'any' type.
core/components/workspace/sidebar/sidebar-menu-items.tsx(93,16): error TS7006: Parameter 'a' implicitly has an 'any' type.
core/components/workspace/sidebar/sidebar-menu-items.tsx(93,19): error TS7006: Parameter 'b' implicitly has an 'any' type.
core/components/workspace/sidebar/sidebar-menu-items.tsx(152,78): error TS7006: Parameter 'item' implicitly has an 'any' type.
core/components/workspace/sidebar/sidebar-menu-items.tsx(152,84): error TS7006: Parameter '_index' implicitly has an 'any' type.
core/components/workspace/sidebar/sidebar-menu-items.tsx(156,45): error TS7006: Parameter 'item' implicitly has an 'any' type.
core/components/workspace/sidebar/sidebar-menu-items.tsx(156,51): error TS7006: Parameter '_index' implicitly has an 'any' type.
core/components/workspace/sidebar/user-menu-item.tsx(11,39): error TS2307: Cannot find module '@plane/constants' or its corresponding type declarations.
core/components/workspace/sidebar/user-menu-item.tsx(12,32): error TS2307: Cannot find module '@plane/i18n' or its corresponding type declarations.
core/components/workspace/sidebar/user-menu-item.tsx(13,42): error TS2307: Cannot find module '@plane/types' or its corresponding type declarations.
core/components/workspace/sidebar/user-menu-root.tsx(12,30): error TS2307: Cannot find module '@plane/constants' or its corresponding type declarations.
core/components/workspace/sidebar/user-menu-root.tsx(13,32): error TS2307: Cannot find module '@plane/i18n' or its corresponding type declarations.
core/components/workspace/sidebar/user-menu-root.tsx(14,38): error TS2307: Cannot find module '@plane/propel/toast' or its corresponding type declarations.
core/components/workspace/sidebar/user-menu-root.tsx(15,36): error TS2307: Cannot find module '@plane/ui' or its corresponding type declarations.
core/components/workspace/sidebar/user-menu-root.tsx(16,28): error TS2307: Cannot find module '@plane/utils' or its corresponding type declarations.
core/components/workspace/sidebar/user-menu.tsx(11,78): error TS2307: Cannot find module '@plane/propel/icons' or its corresponding type declarations.
core/components/workspace/sidebar/user-menu.tsx(12,37): error TS2307: Cannot find module '@plane/types' or its corresponding type declarations.
core/components/workspace/sidebar/workspace-menu-header.tsx(13,39): error TS2307: Cannot find module '@plane/constants' or its corresponding type declarations.
core/components/workspace/sidebar/workspace-menu-header.tsx(14,41): error TS2307: Cannot find module '@plane/hooks' or its corresponding type declarations.
core/components/workspace/sidebar/workspace-menu-header.tsx(15,32): error TS2307: Cannot find module '@plane/i18n' or its corresponding type declarations.
core/components/workspace/sidebar/workspace-menu-header.tsx(16,34): error TS2307: Cannot find module '@plane/propel/icons' or its corresponding type declarations.
core/components/workspace/sidebar/workspace-menu-header.tsx(17,37): error TS2307: Cannot find module '@plane/types' or its corresponding type declarations.
core/components/workspace/sidebar/workspace-menu-header.tsx(18,28): error TS2307: Cannot find module '@plane/ui' or its corresponding type declarations.
core/components/workspace/sidebar/workspace-menu-header.tsx(19,20): error TS2307: Cannot find module '@plane/utils' or its corresponding type declarations.
core/components/workspace/sidebar/workspace-menu-item.tsx(11,39): error TS2307: Cannot find module '@plane/constants' or its corresponding type declarations.
core/components/workspace/sidebar/workspace-menu-item.tsx(12,32): error TS2307: Cannot find module '@plane/i18n' or its corresponding type declarations.
core/components/workspace/sidebar/workspace-menu-item.tsx(13,42): error TS2307: Cannot find module '@plane/types' or its corresponding type declarations.
core/components/workspace/sidebar/workspace-menu-item.tsx(14,20): error TS2307: Cannot find module '@plane/utils' or its corresponding type declarations.
core/components/workspace/sidebar/workspace-menu-root.tsx(15,32): error TS2307: Cannot find module '@plane/i18n' or its corresponding type declarations.
core/components/workspace/sidebar/workspace-menu-root.tsx(16,33): error TS2307: Cannot find module '@plane/propel/icons' or its corresponding type declarations.
core/components/workspace/sidebar/workspace-menu-root.tsx(17,38): error TS2307: Cannot find module '@plane/propel/toast' or its corresponding type declarations.
core/components/workspace/sidebar/workspace-menu-root.tsx(18,33): error TS2307: Cannot find module '@plane/types' or its corresponding type declarations.
core/components/workspace/sidebar/workspace-menu-root.tsx(19,24): error TS2307: Cannot find module '@plane/ui' or its corresponding type declarations.
core/components/workspace/sidebar/workspace-menu-root.tsx(20,41): error TS2307: Cannot find module '@plane/utils' or its corresponding type declarations.
core/components/workspace/sidebar/workspace-menu-root.tsx(166,57): error TS7006: Parameter 'workspace' implicitly has an 'any' type.
core/components/workspace/sidebar/workspace-menu-root.tsx(169,32): error TS7006: Parameter 'workspace' implicitly has an 'any' type.
core/components/workspace/sidebar/workspace-menu.tsx(12,66): error TS2307: Cannot find module '@plane/propel/icons' or its corresponding type declarations.
core/components/workspace/sidebar/workspace-menu.tsx(13,37): error TS2307: Cannot find module '@plane/types' or its corresponding type declarations.
core/components/workspace/upgrade-badge.tsx(8,32): error TS2307: Cannot find module '@plane/i18n' or its corresponding type declarations.
core/components/workspace/upgrade-badge.tsx(9,20): error TS2307: Cannot find module '@plane/utils' or its corresponding type declarations.
core/components/workspace/views/default-view-list-item.tsx(10,32): error TS2307: Cannot find module '@plane/i18n' or its corresponding type declarations.
core/components/workspace/views/default-view-list-item.tsx(12,30): error TS2307: Cannot find module '@plane/utils' or its corresponding type declarations.
core/components/workspace/views/default-view-quick-action.tsx(9,32): error TS2307: Cannot find module '@plane/i18n' or its corresponding type declarations.
core/components/workspace/views/default-view-quick-action.tsx(11,38): error TS2307: Cannot find module '@plane/propel/icons' or its corresponding type declarations.
core/components/workspace/views/default-view-quick-action.tsx(12,38): error TS2307: Cannot find module '@plane/propel/toast' or its corresponding type declarations.
core/components/workspace/views/default-view-quick-action.tsx(14,39): error TS2307: Cannot find module '@plane/types' or its corresponding type declarations.
core/components/workspace/views/default-view-quick-action.tsx(15,39): error TS2307: Cannot find module '@plane/ui' or its corresponding type declarations.
core/components/workspace/views/default-view-quick-action.tsx(16,28): error TS2307: Cannot find module '@plane/ui' or its corresponding type declarations.
core/components/workspace/views/default-view-quick-action.tsx(17,40): error TS2307: Cannot find module '@plane/utils' or its corresponding type declarations.
core/components/workspace/views/delete-view-modal.tsx(11,32): error TS2307: Cannot find module '@plane/i18n' or its corresponding type declarations.
core/components/workspace/views/delete-view-modal.tsx(12,38): error TS2307: Cannot find module '@plane/propel/toast' or its corresponding type declarations.
core/components/workspace/views/delete-view-modal.tsx(13,37): error TS2307: Cannot find module '@plane/types' or its corresponding type declarations.
core/components/workspace/views/delete-view-modal.tsx(14,32): error TS2307: Cannot find module '@plane/ui' or its corresponding type declarations.
core/components/workspace/views/form.tsx(10,47): error TS2307: Cannot find module '@plane/constants' or its corresponding type declarations.
core/components/workspace/views/form.tsx(11,32): error TS2307: Cannot find module '@plane/i18n' or its corresponding type declarations.
core/components/workspace/views/form.tsx(12,24): error TS2307: Cannot find module '@plane/propel/button' or its corresponding type declarations.
core/components/workspace/views/form.tsx(13,105): error TS2307: Cannot find module '@plane/types' or its corresponding type declarations.
core/components/workspace/views/form.tsx(14,66): error TS2307: Cannot find module '@plane/types' or its corresponding type declarations.
core/components/workspace/views/form.tsx(15,33): error TS2307: Cannot find module '@plane/ui' or its corresponding type declarations.
core/components/workspace/views/form.tsx(16,73): error TS2307: Cannot find module '@plane/utils' or its corresponding type declarations.
core/components/workspace/views/header.tsx(12,84): error TS2307: Cannot find module '@plane/constants' or its corresponding type declarations.
core/components/workspace/views/header.tsx(13,26): error TS2307: Cannot find module '@plane/propel/icons' or its corresponding type declarations.
core/components/workspace/views/header.tsx(14,39): error TS2307: Cannot find module '@plane/types' or its corresponding type declarations.
core/components/workspace/views/header.tsx(15,40): error TS2307: Cannot find module '@plane/ui' or its corresponding type declarations.
core/components/workspace/views/header.tsx(99,41): error TS7006: Parameter 'tab' implicitly has an 'any' type.
core/components/workspace/views/header.tsx(99,46): error TS7006: Parameter 'index' implicitly has an 'any' type.
core/components/workspace/views/modal.tsx(10,38): error TS2307: Cannot find module '@plane/propel/toast' or its corresponding type declarations.
core/components/workspace/views/modal.tsx(11,37): error TS2307: Cannot find module '@plane/types' or its corresponding type declarations.
core/components/workspace/views/modal.tsx(12,34): error TS2307: Cannot find module '@plane/types' or its corresponding type declarations.
core/components/workspace/views/modal.tsx(13,56): error TS2307: Cannot find module '@plane/ui' or its corresponding type declarations.
core/components/workspace/views/quick-action.tsx(10,57): error TS2307: Cannot find module '@plane/constants' or its corresponding type declarations.
core/components/workspace/views/quick-action.tsx(11,38): error TS2307: Cannot find module '@plane/propel/toast' or its corresponding type declarations.
core/components/workspace/views/quick-action.tsx(12,37): error TS2307: Cannot find module '@plane/types' or its corresponding type declarations.
core/components/workspace/views/quick-action.tsx(13,28): error TS2307: Cannot find module '@plane/ui' or its corresponding type declarations.
core/components/workspace/views/quick-action.tsx(14,40): error TS2307: Cannot find module '@plane/utils' or its corresponding type declarations.
core/components/workspace/views/view-list-item.tsx(12,37): error TS2307: Cannot find module '@plane/propel/icons' or its corresponding type declarations.
core/components/workspace/views/view-list-item.tsx(13,28): error TS2307: Cannot find module '@plane/ui' or its corresponding type declarations.
core/components/workspace/views/view-list-item.tsx(14,30): error TS2307: Cannot find module '@plane/utils' or its corresponding type declarations.
core/hooks/editor/use-editor-config.ts(9,35): error TS2307: Cannot find module '@plane/editor' or its corresponding type declarations.
core/hooks/editor/use-editor-config.ts(10,62): error TS2307: Cannot find module '@plane/utils' or its corresponding type declarations.
core/hooks/editor/use-editor-config.ts(59,37): error TS7006: Parameter 'path' implicitly has an 'any' type.
core/hooks/editor/use-editor-config.ts(73,29): error TS7006: Parameter 'path' implicitly has an 'any' type.
core/hooks/editor/use-editor-mention.tsx(9,58): error TS2307: Cannot find module '@plane/editor' or its corresponding type declarations.
core/hooks/editor/use-editor-mention.tsx(11,105): error TS2307: Cannot find module '@plane/types' or its corresponding type declarations.
core/hooks/editor/use-editor-mention.tsx(13,24): error TS2307: Cannot find module '@plane/ui' or its corresponding type declarations.
core/hooks/editor/use-editor-mention.tsx(15,28): error TS2307: Cannot find module '@plane/utils' or its corresponding type declarations.
core/hooks/editor/use-extended-editor-config.ts(9,43): error TS2307: Cannot find module '@plane/editor' or its corresponding type declarations.
core/hooks/oauth/core.tsx(10,30): error TS2307: Cannot find module '@plane/constants' or its corresponding type declarations.
core/hooks/oauth/core.tsx(11,50): error TS2307: Cannot find module '@plane/types' or its corresponding type declarations.
core/hooks/oauth/extended.tsx(8,36): error TS2307: Cannot find module '@plane/types' or its corresponding type declarations.
core/hooks/oauth/index.ts(8,36): error TS2307: Cannot find module '@plane/types' or its corresponding type declarations.
core/hooks/pages/use-extended-editor-extensions.ts(7,43): error TS2307: Cannot find module '@plane/editor' or its corresponding type declarations.
core/hooks/pages/use-extended-editor-extensions.ts(8,67): error TS2307: Cannot find module '@plane/types' or its corresponding type declarations.
core/hooks/pages/use-pages-pane-extensions.ts(10,35): error TS2307: Cannot find module '@plane/editor' or its corresponding type declarations.
core/hooks/rich-filters/use-filters-operator-configs.ts(7,42): error TS2307: Cannot find module '@plane/types' or its corresponding type declarations.
core/hooks/rich-filters/use-filters-operator-configs.ts(8,32): error TS2307: Cannot find module '@plane/types' or its corresponding type declarations.
core/hooks/store/use-issue-detail.ts(8,40): error TS2307: Cannot find module '@plane/types' or its corresponding type declarations.
core/hooks/store/use-issue-detail.ts(9,35): error TS2307: Cannot find module '@plane/types' or its corresponding type declarations.
core/hooks/store/use-issues.ts(9,32): error TS2307: Cannot find module '@plane/types' or its corresponding type declarations.
core/hooks/store/use-issues.ts(10,34): error TS2307: Cannot find module '@plane/types' or its corresponding type declarations.
core/hooks/store/work-item-filters/use-work-item-filter-instance.ts(8,46): error TS2307: Cannot find module '@plane/shared-state' or its corresponding type declarations.
core/hooks/store/work-item-filters/use-work-item-filter-instance.ts(9,39): error TS2307: Cannot find module '@plane/types' or its corresponding type declarations.
core/hooks/store/work-item-filters/use-work-item-filters.ts(9,43): error TS2307: Cannot find module '@plane/shared-state' or its corresponding type declarations.
core/hooks/use-additional-editor-mention.tsx(9,38): error TS2307: Cannot find module '@plane/editor' or its corresponding type declarations.
core/hooks/use-additional-editor-mention.tsx(11,55): error TS2307: Cannot find module '@plane/types' or its corresponding type declarations.
core/hooks/use-additional-favorite-item-details.tsx(8,32): error TS2307: Cannot find module '@plane/types' or its corresponding type declarations.
core/hooks/use-collaborative-page-actions.tsx(8,44): error TS2307: Cannot find module '@plane/editor' or its corresponding type declarations.
core/hooks/use-collaborative-page-actions.tsx(9,44): error TS2307: Cannot find module '@plane/editor/lib' or its corresponding type declarations.
core/hooks/use-collaborative-page-actions.tsx(10,65): error TS2307: Cannot find module '@plane/editor/lib' or its corresponding type declarations.
core/hooks/use-collaborative-page-actions.tsx(11,38): error TS2307: Cannot find module '@plane/propel/toast' or its corresponding type declarations.
core/hooks/use-collaborative-page-actions.tsx(35,3): error TS2578: Unused '@ts-expect-error' directive.
core/hooks/use-debounced-duplicate-issues.tsx(7,35): error TS2307: Cannot find module '@plane/types' or its corresponding type declarations.
core/hooks/use-dropdown.ts(9,41): error TS2307: Cannot find module '@plane/hooks' or its corresponding type declarations.
core/hooks/use-editor-flagging.ts(8,34): error TS2307: Cannot find module '@plane/editor' or its corresponding type declarations.
core/hooks/use-expandable-search.ts(8,41): error TS2307: Cannot find module '@plane/hooks' or its corresponding type declarations.
core/hooks/use-favorite-item-details.tsx(8,32): error TS2307: Cannot find module '@plane/types' or its corresponding type declarations.
core/hooks/use-favorite-item-details.tsx(10,29): error TS2307: Cannot find module '@plane/utils' or its corresponding type declarations.
core/hooks/use-file-size.ts(8,31): error TS2307: Cannot find module '@plane/constants' or its corresponding type declarations.
core/hooks/use-group-dragndrop.ts(8,38): error TS2307: Cannot find module '@plane/propel/toast' or its corresponding type declarations.
core/hooks/use-group-dragndrop.ts(9,91): error TS2307: Cannot find module '@plane/types' or its corresponding type declarations.
core/hooks/use-group-dragndrop.ts(72,56): error TS2345: Argument of type 'string | number | symbol' is not assignable to parameter of type 'string'.
  Type 'number' is not assignable to type 'string'.
core/hooks/use-group-dragndrop.ts(73,55): error TS2345: Argument of type 'string | number | symbol' is not assignable to parameter of type 'string'.
  Type 'number' is not assignable to type 'string'.
core/hooks/use-group-dragndrop.ts(86,58): error TS2538: Type 'symbol' cannot be used as an index type.
core/hooks/use-group-dragndrop.ts(91,22): error TS2538: Type 'symbol' cannot be used as an index type.
core/hooks/use-group-dragndrop.ts(92,22): error TS2538: Type 'symbol' cannot be used as an index type.
core/hooks/use-issue-layout-store.ts(9,34): error TS2307: Cannot find module '@plane/types' or its corresponding type declarations.
core/hooks/use-issue-peek-overview-redirection.tsx(9,29): error TS2307: Cannot find module '@plane/types' or its corresponding type declarations.
core/hooks/use-issue-peek-overview-redirection.tsx(10,35): error TS2307: Cannot find module '@plane/types' or its corresponding type declarations.
core/hooks/use-issue-peek-overview-redirection.tsx(12,38): error TS2307: Cannot find module '@plane/utils' or its corresponding type declarations.
core/hooks/use-issue-properties.tsx(7,40): error TS2307: Cannot find module '@plane/types' or its corresponding type declarations.
core/hooks/use-issues-actions.tsx(11,52): error TS2307: Cannot find module '@plane/constants' or its corresponding type declarations.
core/hooks/use-issues-actions.tsx(12,43): error TS2307: Cannot find module '@plane/constants' or its corresponding type declarations.
core/hooks/use-issues-actions.tsx(22,8): error TS2307: Cannot find module '@plane/types' or its corresponding type declarations.
core/hooks/use-issues-actions.tsx(23,34): error TS2307: Cannot find module '@plane/types' or its corresponding type declarations.
core/hooks/use-issues-actions.tsx(72,7): error TS2578: Unused '@ts-expect-error' directive.
core/hooks/use-issues-actions.tsx(93,21): error TS2554: Expected 5-6 arguments, but got 4.
core/hooks/use-issues-actions.tsx(100,21): error TS2551: Property 'fetchNextIssues' does not exist on type 'IModuleIssues | IArchivedIssues | IWorkspaceIssues | IProfileIssues | IProjectViewIssues | IWorkspaceDraftIssues'. Did you mean 'fetchIssues'?
  Property 'fetchNextIssues' does not exist on type 'IWorkspaceDraftIssues'.
core/hooks/use-issues-actions.tsx(108,27): error TS2339: Property 'createIssue' does not exist on type 'IModuleIssues | IArchivedIssues | IWorkspaceIssues | IProfileIssues | IProjectViewIssues | IWorkspaceDraftIssues'.
  Property 'createIssue' does not exist on type 'IArchivedIssues'.
core/hooks/use-issues-actions.tsx(110,13): error TS2339: Property 'createIssue' does not exist on type 'IModuleIssues | IArchivedIssues | IWorkspaceIssues | IProfileIssues | IProjectViewIssues | IWorkspaceDraftIssues'.
  Property 'createIssue' does not exist on type 'IArchivedIssues'.
core/hooks/use-issues-actions.tsx(115,27): error TS2339: Property 'quickAddIssue' does not exist on type 'IModuleIssues | IArchivedIssues | IWorkspaceIssues | IProfileIssues | IProjectViewIssues | IWorkspaceDraftIssues'.
  Property 'quickAddIssue' does not exist on type 'IWorkspaceDraftIssues'.
core/hooks/use-issues-actions.tsx(117,13): error TS2339: Property 'quickAddIssue' does not exist on type 'IModuleIssues | IArchivedIssues | IWorkspaceIssues | IProfileIssues | IProjectViewIssues | IWorkspaceDraftIssues'.
  Property 'quickAddIssue' does not exist on type 'IWorkspaceDraftIssues'.
core/hooks/use-issues-actions.tsx(122,20): error TS2722: Cannot invoke an object which is possibly 'undefined'.
core/hooks/use-issues-actions.tsx(136,20): error TS2722: Cannot invoke an object which is possibly 'undefined'.
core/hooks/use-issues-actions.tsx(144,33): error TS2554: Expected 5 arguments, but got 4.
core/hooks/use-issues-actions.tsx(175,21): error TS2554: Expected 5-6 arguments, but got 4.
core/hooks/use-issues-actions.tsx(182,21): error TS2551: Property 'fetchNextIssues' does not exist on type 'IModuleIssues | IArchivedIssues | IWorkspaceIssues | IProfileIssues | IProjectViewIssues | IWorkspaceDraftIssues'. Did you mean 'fetchIssues'?
  Property 'fetchNextIssues' does not exist on type 'IWorkspaceDraftIssues'.
core/hooks/use-issues-actions.tsx(190,27): error TS2339: Property 'createIssue' does not exist on type 'IModuleIssues | IArchivedIssues | IWorkspaceIssues | IProfileIssues | IProjectViewIssues | IWorkspaceDraftIssues'.
  Property 'createIssue' does not exist on type 'IArchivedIssues'.
core/hooks/use-issues-actions.tsx(192,13): error TS2339: Property 'createIssue' does not exist on type 'IModuleIssues | IArchivedIssues | IWorkspaceIssues | IProfileIssues | IProjectViewIssues | IWorkspaceDraftIssues'.
  Property 'createIssue' does not exist on type 'IArchivedIssues'.
core/hooks/use-issues-actions.tsx(197,27): error TS2339: Property 'quickAddIssue' does not exist on type 'IModuleIssues | IArchivedIssues | IWorkspaceIssues | IProfileIssues | IProjectViewIssues | IWorkspaceDraftIssues'.
  Property 'quickAddIssue' does not exist on type 'IWorkspaceDraftIssues'.
core/hooks/use-issues-actions.tsx(199,13): error TS2339: Property 'quickAddIssue' does not exist on type 'IModuleIssues | IArchivedIssues | IWorkspaceIssues | IProfileIssues | IProjectViewIssues | IWorkspaceDraftIssues'.
  Property 'quickAddIssue' does not exist on type 'IWorkspaceDraftIssues'.
core/hooks/use-issues-actions.tsx(204,20): error TS2722: Cannot invoke an object which is possibly 'undefined'.
core/hooks/use-issues-actions.tsx(218,20): error TS2722: Cannot invoke an object which is possibly 'undefined'.
core/hooks/use-issues-actions.tsx(226,33): error TS2554: Expected 5 arguments, but got 4.
core/hooks/use-issues-actions.tsx(265,21): error TS2551: Property 'fetchNextIssues' does not exist on type 'IModuleIssues | IArchivedIssues | IWorkspaceIssues | IProfileIssues | IProjectViewIssues | IWorkspaceDraftIssues'. Did you mean 'fetchIssues'?
  Property 'fetchNextIssues' does not exist on type 'IWorkspaceDraftIssues'.
core/hooks/use-issues-actions.tsx(279,27): error TS2339: Property 'createIssue' does not exist on type 'IModuleIssues | IArchivedIssues | IWorkspaceIssues | IProfileIssues | IProjectViewIssues | IWorkspaceDraftIssues'.
  Property 'createIssue' does not exist on type 'IArchivedIssues'.
core/hooks/use-issues-actions.tsx(281,13): error TS2339: Property 'createIssue' does not exist on type 'IModuleIssues | IArchivedIssues | IWorkspaceIssues | IProfileIssues | IProjectViewIssues | IWorkspaceDraftIssues'.
  Property 'createIssue' does not exist on type 'IArchivedIssues'.
core/hooks/use-issues-actions.tsx(286,27): error TS2339: Property 'quickAddIssue' does not exist on type 'IModuleIssues | IArchivedIssues | IWorkspaceIssues | IProfileIssues | IProjectViewIssues | IWorkspaceDraftIssues'.
  Property 'quickAddIssue' does not exist on type 'IWorkspaceDraftIssues'.
core/hooks/use-issues-actions.tsx(288,13): error TS2339: Property 'quickAddIssue' does not exist on type 'IModuleIssues | IArchivedIssues | IWorkspaceIssues | IProfileIssues | IProjectViewIssues | IWorkspaceDraftIssues'.
  Property 'quickAddIssue' does not exist on type 'IWorkspaceDraftIssues'.
core/hooks/use-issues-actions.tsx(293,20): error TS2722: Cannot invoke an object which is possibly 'undefined'.
core/hooks/use-issues-actions.tsx(314,20): error TS2722: Cannot invoke an object which is possibly 'undefined'.
core/hooks/use-issues-actions.tsx(372,21): error TS2551: Property 'fetchNextIssues' does not exist on type 'IModuleIssues | IArchivedIssues | IWorkspaceIssues | IProfileIssues | IProjectViewIssues | IWorkspaceDraftIssues'. Did you mean 'fetchIssues'?
  Property 'fetchNextIssues' does not exist on type 'IWorkspaceDraftIssues'.
core/hooks/use-issues-actions.tsx(386,27): error TS2339: Property 'createIssue' does not exist on type 'IModuleIssues | IArchivedIssues | IWorkspaceIssues | IProfileIssues | IProjectViewIssues | IWorkspaceDraftIssues'.
  Property 'createIssue' does not exist on type 'IArchivedIssues'.
core/hooks/use-issues-actions.tsx(388,13): error TS2339: Property 'createIssue' does not exist on type 'IModuleIssues | IArchivedIssues | IWorkspaceIssues | IProfileIssues | IProjectViewIssues | IWorkspaceDraftIssues'.
  Property 'createIssue' does not exist on type 'IArchivedIssues'.
core/hooks/use-issues-actions.tsx(393,27): error TS2339: Property 'quickAddIssue' does not exist on type 'IModuleIssues | IArchivedIssues | IWorkspaceIssues | IProfileIssues | IProjectViewIssues | IWorkspaceDraftIssues'.
  Property 'quickAddIssue' does not exist on type 'IWorkspaceDraftIssues'.
core/hooks/use-issues-actions.tsx(395,13): error TS2339: Property 'quickAddIssue' does not exist on type 'IModuleIssues | IArchivedIssues | IWorkspaceIssues | IProfileIssues | IProjectViewIssues | IWorkspaceDraftIssues'.
  Property 'quickAddIssue' does not exist on type 'IWorkspaceDraftIssues'.
core/hooks/use-issues-actions.tsx(400,20): error TS2722: Cannot invoke an object which is possibly 'undefined'.
core/hooks/use-issues-actions.tsx(421,20): error TS2722: Cannot invoke an object which is possibly 'undefined'.
core/hooks/use-issues-actions.tsx(474,21): error TS2551: Property 'fetchNextIssues' does not exist on type 'IModuleIssues | IArchivedIssues | IWorkspaceIssues | IProfileIssues | IProjectViewIssues | IWorkspaceDraftIssues'. Did you mean 'fetchIssues'?
  Property 'fetchNextIssues' does not exist on type 'IWorkspaceDraftIssues'.
core/hooks/use-issues-actions.tsx(482,27): error TS2339: Property 'createIssue' does not exist on type 'IModuleIssues | IArchivedIssues | IWorkspaceIssues | IProfileIssues | IProjectViewIssues | IWorkspaceDraftIssues'.
  Property 'createIssue' does not exist on type 'IArchivedIssues'.
core/hooks/use-issues-actions.tsx(484,13): error TS2339: Property 'createIssue' does not exist on type 'IModuleIssues | IArchivedIssues | IWorkspaceIssues | IProfileIssues | IProjectViewIssues | IWorkspaceDraftIssues'.
  Property 'createIssue' does not exist on type 'IArchivedIssues'.
core/hooks/use-issues-actions.tsx(489,20): error TS2722: Cannot invoke an object which is possibly 'undefined'.
core/hooks/use-issues-actions.tsx(503,20): error TS2722: Cannot invoke an object which is possibly 'undefined'.
core/hooks/use-issues-actions.tsx(549,21): error TS2551: Property 'fetchNextIssues' does not exist on type 'IModuleIssues | IArchivedIssues | IWorkspaceIssues | IProfileIssues | IProjectViewIssues | IWorkspaceDraftIssues'. Did you mean 'fetchIssues'?
  Property 'fetchNextIssues' does not exist on type 'IWorkspaceDraftIssues'.
core/hooks/use-issues-actions.tsx(557,27): error TS2339: Property 'createIssue' does not exist on type 'IModuleIssues | IArchivedIssues | IWorkspaceIssues | IProfileIssues | IProjectViewIssues | IWorkspaceDraftIssues'.
  Property 'createIssue' does not exist on type 'IArchivedIssues'.
core/hooks/use-issues-actions.tsx(559,13): error TS2339: Property 'createIssue' does not exist on type 'IModuleIssues | IArchivedIssues | IWorkspaceIssues | IProfileIssues | IProjectViewIssues | IWorkspaceDraftIssues'.
  Property 'createIssue' does not exist on type 'IArchivedIssues'.
core/hooks/use-issues-actions.tsx(564,27): error TS2339: Property 'quickAddIssue' does not exist on type 'IModuleIssues | IArchivedIssues | IWorkspaceIssues | IProfileIssues | IProjectViewIssues | IWorkspaceDraftIssues'.
  Property 'quickAddIssue' does not exist on type 'IWorkspaceDraftIssues'.
core/hooks/use-issues-actions.tsx(566,13): error TS2339: Property 'quickAddIssue' does not exist on type 'IModuleIssues | IArchivedIssues | IWorkspaceIssues | IProfileIssues | IProjectViewIssues | IWorkspaceDraftIssues'.
  Property 'quickAddIssue' does not exist on type 'IWorkspaceDraftIssues'.
core/hooks/use-issues-actions.tsx(571,20): error TS2722: Cannot invoke an object which is possibly 'undefined'.
core/hooks/use-issues-actions.tsx(585,20): error TS2722: Cannot invoke an object which is possibly 'undefined'.
core/hooks/use-issues-actions.tsx(624,21): error TS2554: Expected 5-6 arguments, but got 4.
core/hooks/use-issues-actions.tsx(631,21): error TS2551: Property 'fetchNextIssues' does not exist on type 'IModuleIssues | IArchivedIssues | IWorkspaceIssues | IProfileIssues | IProjectViewIssues | IWorkspaceDraftIssues'. Did you mean 'fetchIssues'?
  Property 'fetchNextIssues' does not exist on type 'IWorkspaceDraftIssues'.
core/hooks/use-issues-actions.tsx(646,27): error TS2339: Property 'restoreIssue' does not exist on type 'IModuleIssues | IArchivedIssues | IWorkspaceIssues | IProfileIssues | IProjectViewIssues | IWorkspaceDraftIssues'.
  Property 'restoreIssue' does not exist on type 'IModuleIssues'.
core/hooks/use-issues-actions.tsx(648,13): error TS2339: Property 'restoreIssue' does not exist on type 'IModuleIssues | IArchivedIssues | IWorkspaceIssues | IProfileIssues | IProjectViewIssues | IWorkspaceDraftIssues'.
  Property 'restoreIssue' does not exist on type 'IModuleIssues'.
core/hooks/use-issues-actions.tsx(654,33): error TS2554: Expected 5 arguments, but got 4.
core/hooks/use-issues-actions.tsx(682,21): error TS2554: Expected 5-6 arguments, but got 4.
core/hooks/use-issues-actions.tsx(689,21): error TS2551: Property 'fetchNextIssues' does not exist on type 'IModuleIssues | IArchivedIssues | IWorkspaceIssues | IProfileIssues | IProjectViewIssues | IWorkspaceDraftIssues'. Did you mean 'fetchIssues'?
  Property 'fetchNextIssues' does not exist on type 'IWorkspaceDraftIssues'.
core/hooks/use-issues-actions.tsx(697,27): error TS2339: Property 'createIssue' does not exist on type 'IModuleIssues | IArchivedIssues | IWorkspaceIssues | IProfileIssues | IProjectViewIssues | IWorkspaceDraftIssues'.
  Property 'createIssue' does not exist on type 'IArchivedIssues'.
core/hooks/use-issues-actions.tsx(699,13): error TS2339: Property 'createIssue' does not exist on type 'IModuleIssues | IArchivedIssues | IWorkspaceIssues | IProfileIssues | IProjectViewIssues | IWorkspaceDraftIssues'.
  Property 'createIssue' does not exist on type 'IArchivedIssues'.
core/hooks/use-issues-actions.tsx(704,20): error TS2722: Cannot invoke an object which is possibly 'undefined'.
core/hooks/use-issues-actions.tsx(747,21): error TS2554: Expected 5-6 arguments, but got 3.
core/hooks/use-issues-actions.tsx(754,19): error TS2554: Expected 5-6 arguments, but got 3.
core/hooks/use-issues-actions.tsx(760,27): error TS2339: Property 'createIssue' does not exist on type 'IModuleIssues | IArchivedIssues | IWorkspaceIssues | IProfileIssues | IProjectViewIssues | IWorkspaceDraftIssues'.
  Property 'createIssue' does not exist on type 'IArchivedIssues'.
core/hooks/use-issues-actions.tsx(767,20): error TS2722: Cannot invoke an object which is possibly 'undefined'.
core/hooks/use-issues-actions.tsx(767,27): error TS2554: Expected 4 arguments, but got 3.
core/hooks/use-issues-actions.tsx(774,27): error TS2554: Expected 3 arguments, but got 1.
core/hooks/use-issues-actions.tsx(791,33): error TS2554: Expected 5 arguments, but got 3.
core/hooks/use-navigation-preferences.ts(18,8): error TS2307: Cannot find module '@plane/types' or its corresponding type declarations.
core/hooks/use-navigation-preferences.ts(24,8): error TS2307: Cannot find module '@plane/types' or its corresponding type declarations.
core/hooks/use-notification-preview.tsx(7,44): error TS2307: Cannot find module '@plane/types' or its corresponding type declarations.
core/hooks/use-notification-preview.tsx(8,35): error TS2307: Cannot find module '@plane/types' or its corresponding type declarations.
core/hooks/use-page-fallback.ts(8,55): error TS2307: Cannot find module '@plane/editor' or its corresponding type declarations.
core/hooks/use-page-fallback.ts(10,92): error TS2307: Cannot find module '@plane/editor' or its corresponding type declarations.
core/hooks/use-page-fallback.ts(12,39): error TS2307: Cannot find module '@plane/types' or its corresponding type declarations.
core/hooks/use-page-filters.ts(9,56): error TS2307: Cannot find module '@plane/editor' or its corresponding type declarations.
core/hooks/use-page-operations.ts(9,39): error TS2307: Cannot find module '@plane/constants' or its corresponding type declarations.
core/hooks/use-page-operations.ts(10,38): error TS2307: Cannot find module '@plane/propel/toast' or its corresponding type declarations.
core/hooks/use-page-operations.ts(11,29): error TS2307: Cannot find module '@plane/types' or its corresponding type declarations.
core/hooks/use-page-operations.ts(12,36): error TS2307: Cannot find module '@plane/utils' or its corresponding type declarations.
core/hooks/use-parse-editor-content.ts(9,38): error TS2307: Cannot find module '@plane/types' or its corresponding type declarations.
core/hooks/use-parse-editor-content.ts(11,51): error TS2307: Cannot find module '@plane/utils' or its corresponding type declarations.
core/hooks/use-parse-editor-content.ts(12,48): error TS2307: Cannot find module '@plane/utils' or its corresponding type declarations.
core/hooks/use-realtime-page-events.tsx(9,40): error TS2307: Cannot find module '@plane/editor' or its corresponding type declarations.
core/hooks/use-realtime-page-events.tsx(10,38): error TS2307: Cannot find module '@plane/propel/toast' or its corresponding type declarations.
core/hooks/use-realtime-page-events.tsx(12,32): error TS2307: Cannot find module '@plane/types' or its corresponding type declarations.
core/hooks/use-realtime-page-events.tsx(193,23): error TS2536: Type 'T' cannot be used to index type '{ archived: ({ pageIds, data }: { pageIds: string[]; data: EventToPayloadMap; }) => void; unarchived: ({ pageIds }: { pageIds: string[]; }) => void; locked: ({ pageIds }: { pageIds: string[]; }) => void; unlocked: ({ pageIds }: { pageIds: string[]; }) => void; "made-public": ({ pageIds }: { ...; }) => void; "made-pr...'.
core/hooks/use-timeline-chart.ts(9,81): error TS2307: Cannot find module '@plane/types' or its corresponding type declarations.
core/hooks/use-timezone.tsx(8,38): error TS2307: Cannot find module '@plane/types' or its corresponding type declarations.
core/hooks/use-workspace-invitation.tsx(11,34): error TS2307: Cannot find module '@plane/constants' or its corresponding type declarations.
core/hooks/use-workspace-issue-properties.ts(9,92): error TS2307: Cannot find module '@plane/constants' or its corresponding type declarations.
core/hooks/work-item-filters/use-work-item-filters-config.tsx(10,22): error TS2307: Cannot find module '@plane/propel/emoji-icon-picker' or its corresponding type declarations.
core/hooks/work-item-filters/use-work-item-filters-config.tsx(25,8): error TS2307: Cannot find module '@plane/propel/icons' or its corresponding type declarations.
core/hooks/work-item-filters/use-work-item-filters-config.tsx(35,8): error TS2307: Cannot find module '@plane/types' or its corresponding type declarations.
core/hooks/work-item-filters/use-work-item-filters-config.tsx(36,24): error TS2307: Cannot find module '@plane/ui' or its corresponding type declarations.
core/hooks/work-item-filters/use-work-item-filters-config.tsx(55,8): error TS2307: Cannot find module '@plane/utils' or its corresponding type declarations.
core/hooks/work-item-filters/use-work-item-filters-config.tsx(156,25): error TS7006: Parameter 'stateGroupKey' implicitly has an 'any' type.
core/hooks/work-item-filters/use-work-item-filters-config.tsx(168,25): error TS7006: Parameter 'state' implicitly has an 'any' type.
core/hooks/work-item-filters/use-work-item-filters-config.tsx(182,25): error TS7006: Parameter 'color' implicitly has an 'any' type.
core/hooks/work-item-filters/use-work-item-filters-config.tsx(196,25): error TS7006: Parameter 'cycleGroup' implicitly has an 'any' type.
core/hooks/work-item-filters/use-work-item-filters-config.tsx(223,25): error TS7006: Parameter 'memberDetails' implicitly has an 'any' type.
core/hooks/work-item-filters/use-work-item-filters-config.tsx(243,25): error TS7006: Parameter 'memberDetails' implicitly has an 'any' type.
core/hooks/work-item-filters/use-work-item-filters-config.tsx(263,25): error TS7006: Parameter 'memberDetails' implicitly has an 'any' type.
core/hooks/work-item-filters/use-work-item-filters-config.tsx(283,25): error TS7006: Parameter 'memberDetails' implicitly has an 'any' type.
core/hooks/work-item-filters/use-work-item-filters-config.tsx(302,25): error TS7006: Parameter 'priority' implicitly has an 'any' type.
core/hooks/work-item-filters/use-work-item-filters-config.tsx(359,25): error TS7006: Parameter 'project' implicitly has an 'any' type.
core/layouts/auth-layout/project-wrapper.tsx(12,57): error TS2307: Cannot find module '@plane/constants' or its corresponding type declarations.
core/layouts/auth-layout/project-wrapper.tsx(13,37): error TS2307: Cannot find module '@plane/types' or its corresponding type declarations.
core/layouts/auth-layout/project-wrapper.tsx(28,8): error TS2307: Cannot find module '@plane/constants' or its corresponding type declarations.
core/layouts/auth-layout/workspace-wrapper.tsx(14,57): error TS2307: Cannot find module '@plane/constants' or its corresponding type declarations.
core/layouts/auth-layout/workspace-wrapper.tsx(15,42): error TS2307: Cannot find module '@plane/propel/button' or its corresponding type declarations.
core/layouts/auth-layout/workspace-wrapper.tsx(16,27): error TS2307: Cannot find module '@plane/propel/icons' or its corresponding type declarations.
core/layouts/auth-layout/workspace-wrapper.tsx(17,38): error TS2307: Cannot find module '@plane/propel/toast' or its corresponding type declarations.
core/layouts/auth-layout/workspace-wrapper.tsx(18,25): error TS2307: Cannot find module '@plane/propel/tooltip' or its corresponding type declarations.
core/layouts/auth-layout/workspace-wrapper.tsx(19,20): error TS2307: Cannot find module '@plane/utils' or its corresponding type declarations.
core/layouts/auth-layout/workspace-wrapper.tsx(34,8): error TS2307: Cannot find module '@plane/constants' or its corresponding type declarations.
core/layouts/default-layout/index.tsx(8,20): error TS2307: Cannot find module '@plane/utils' or its corresponding type declarations.
core/lib/wrappers/store-wrapper.tsx(13,52): error TS2307: Cannot find module '@plane/utils' or its corresponding type declarations.
core/services/ai.service.ts(8,30): error TS2307: Cannot find module '@plane/constants' or its corresponding type declarations.
core/services/ai.service.ts(9,38): error TS2307: Cannot find module '@plane/constants' or its corresponding type declarations.
core/services/analytics.service.ts(8,30): error TS2307: Cannot find module '@plane/constants' or its corresponding type declarations.
core/services/analytics.service.ts(14,8): error TS2307: Cannot find module '@plane/types' or its corresponding type declarations.
core/services/app_config.service.ts(8,30): error TS2307: Cannot find module '@plane/constants' or its corresponding type declarations.
core/services/app_installation.service.ts(8,30): error TS2307: Cannot find module '@plane/constants' or its corresponding type declarations.
core/services/auth.service.ts(8,30): error TS2307: Cannot find module '@plane/constants' or its corresponding type declarations.
core/services/auth.service.ts(9,75): error TS2307: Cannot find module '@plane/types' or its corresponding type declarations.
core/services/cycle.service.ts(8,30): error TS2307: Cannot find module '@plane/constants' or its corresponding type declarations.
core/services/cycle.service.ts(17,8): error TS2307: Cannot find module '@plane/types' or its corresponding type declarations.
core/services/cycle_archive.service.ts(8,30): error TS2307: Cannot find module '@plane/constants' or its corresponding type declarations.
core/services/cycle_archive.service.ts(9,29): error TS2307: Cannot find module '@plane/types' or its corresponding type declarations.
core/services/dashboard.service.ts(7,30): error TS2307: Cannot find module '@plane/constants' or its corresponding type declarations.
core/services/dashboard.service.ts(8,103): error TS2307: Cannot find module '@plane/types' or its corresponding type declarations.
core/services/estimate.service.ts(10,30): error TS2307: Cannot find module '@plane/constants' or its corresponding type declarations.
core/services/estimate.service.ts(11,67): error TS2307: Cannot find module '@plane/types' or its corresponding type declarations.
core/services/favorite/favorite.service.ts(7,30): error TS2307: Cannot find module '@plane/constants' or its corresponding type declarations.
core/services/favorite/favorite.service.ts(8,32): error TS2307: Cannot find module '@plane/types' or its corresponding type declarations.
core/services/file.service.ts(9,30): error TS2307: Cannot find module '@plane/constants' or its corresponding type declarations.
core/services/file.service.ts(10,69): error TS2307: Cannot find module '@plane/services' or its corresponding type declarations.
core/services/file.service.ts(11,78): error TS2307: Cannot find module '@plane/types' or its corresponding type declarations.
core/services/file.service.ts(12,35): error TS2307: Cannot find module '@plane/utils' or its corresponding type declarations.
core/services/inbox/inbox-issue.service.ts(8,30): error TS2307: Cannot find module '@plane/constants' or its corresponding type declarations.
core/services/inbox/inbox-issue.service.ts(9,69): error TS2307: Cannot find module '@plane/types' or its corresponding type declarations.
core/services/inbox/inbox-issue.service.ts(10,35): error TS2307: Cannot find module '@plane/types' or its corresponding type declarations.
core/services/inbox/intake-work_item_version.service.ts(8,30): error TS2307: Cannot find module '@plane/constants' or its corresponding type declarations.
core/services/inbox/intake-work_item_version.service.ts(9,83): error TS2307: Cannot find module '@plane/types' or its corresponding type declarations.
core/services/instance.service.ts(8,30): error TS2307: Cannot find module '@plane/constants' or its corresponding type declarations.
core/services/instance.service.ts(9,36): error TS2307: Cannot find module '@plane/types' or its corresponding type declarations.
core/services/integrations/github.service.ts(7,30): error TS2307: Cannot find module '@plane/constants' or its corresponding type declarations.
core/services/integrations/github.service.ts(8,68): error TS2307: Cannot find module '@plane/types' or its corresponding type declarations.
core/services/integrations/integration.service.ts(7,30): error TS2307: Cannot find module '@plane/constants' or its corresponding type declarations.
core/services/integrations/integration.service.ts(8,103): error TS2307: Cannot find module '@plane/types' or its corresponding type declarations.
core/services/integrations/jira.service.ts(7,30): error TS2307: Cannot find module '@plane/constants' or its corresponding type declarations.
core/services/integrations/jira.service.ts(8,70): error TS2307: Cannot find module '@plane/types' or its corresponding type declarations.
core/services/issue/issue.service.ts(8,30): error TS2307: Cannot find module '@plane/constants' or its corresponding type declarations.
core/services/issue/issue.service.ts(9,35): error TS2307: Cannot find module '@plane/types' or its corresponding type declarations.
core/services/issue/issue.service.ts(20,8): error TS2307: Cannot find module '@plane/types' or its corresponding type declarations.
core/services/issue/issue_activity.service.ts(7,30): error TS2307: Cannot find module '@plane/constants' or its corresponding type declarations.
core/services/issue/issue_activity.service.ts(8,56): error TS2307: Cannot find module '@plane/types' or its corresponding type declarations.
core/services/issue/issue_activity.service.ts(9,35): error TS2307: Cannot find module '@plane/types' or its corresponding type declarations.
core/services/issue/issue_archive.service.ts(7,30): error TS2307: Cannot find module '@plane/constants' or its corresponding type declarations.
core/services/issue/issue_archive.service.ts(8,48): error TS2307: Cannot find module '@plane/types' or its corresponding type declarations.
core/services/issue/issue_archive.service.ts(9,35): error TS2307: Cannot find module '@plane/types' or its corresponding type declarations.
core/services/issue/issue_attachment.service.ts(8,30): error TS2307: Cannot find module '@plane/constants' or its corresponding type declarations.
core/services/issue/issue_attachment.service.ts(10,69): error TS2307: Cannot find module '@plane/services' or its corresponding type declarations.
core/services/issue/issue_attachment.service.ts(11,90): error TS2307: Cannot find module '@plane/types' or its corresponding type declarations.
core/services/issue/issue_attachment.service.ts(12,35): error TS2307: Cannot find module '@plane/types' or its corresponding type declarations.
core/services/issue/issue_comment.service.ts(8,30): error TS2307: Cannot find module '@plane/constants' or its corresponding type declarations.
core/services/issue/issue_comment.service.ts(9,55): error TS2307: Cannot find module '@plane/types' or its corresponding type declarations.
core/services/issue/issue_comment.service.ts(10,35): error TS2307: Cannot find module '@plane/types' or its corresponding type declarations.
core/services/issue/issue_label.service.ts(7,30): error TS2307: Cannot find module '@plane/constants' or its corresponding type declarations.
core/services/issue/issue_label.service.ts(8,34): error TS2307: Cannot find module '@plane/types' or its corresponding type declarations.
core/services/issue/issue_reaction.service.ts(7,30): error TS2307: Cannot find module '@plane/constants' or its corresponding type declarations.
core/services/issue/issue_reaction.service.ts(8,35): error TS2307: Cannot find module '@plane/types' or its corresponding type declarations.
core/services/issue/issue_reaction.service.ts(9,79): error TS2307: Cannot find module '@plane/types' or its corresponding type declarations.
core/services/issue/issue_relation.service.ts(7,30): error TS2307: Cannot find module '@plane/constants' or its corresponding type declarations.
core/services/issue/issue_relation.service.ts(8,66): error TS2307: Cannot find module '@plane/types' or its corresponding type declarations.
core/services/issue/work_item_version.service.ts(8,30): error TS2307: Cannot find module '@plane/constants' or its corresponding type declarations.
core/services/issue/work_item_version.service.ts(9,35): error TS2307: Cannot find module '@plane/types' or its corresponding type declarations.
core/services/issue/work_item_version.service.ts(10,102): error TS2307: Cannot find module '@plane/types' or its corresponding type declarations.
core/services/issue/workspace_draft.service.ts(7,30): error TS2307: Cannot find module '@plane/constants' or its corresponding type declarations.
core/services/issue/workspace_draft.service.ts(8,82): error TS2307: Cannot find module '@plane/types' or its corresponding type declarations.
core/services/issue_filter.service.ts(8,30): error TS2307: Cannot find module '@plane/constants' or its corresponding type declarations.
core/services/issue_filter.service.ts(9,44): error TS2307: Cannot find module '@plane/types' or its corresponding type declarations.
core/services/module.service.ts(8,30): error TS2307: Cannot find module '@plane/constants' or its corresponding type declarations.
core/services/module.service.ts(9,73): error TS2307: Cannot find module '@plane/types' or its corresponding type declarations.
core/services/module_archive.service.ts(8,30): error TS2307: Cannot find module '@plane/constants' or its corresponding type declarations.
core/services/module_archive.service.ts(9,30): error TS2307: Cannot find module '@plane/types' or its corresponding type declarations.
core/services/page/project-page-version.service.ts(8,30): error TS2307: Cannot find module '@plane/constants' or its corresponding type declarations.
core/services/page/project-page-version.service.ts(9,35): error TS2307: Cannot find module '@plane/types' or its corresponding type declarations.
core/services/page/project-page.service.ts(8,30): error TS2307: Cannot find module '@plane/constants' or its corresponding type declarations.
core/services/page/project-page.service.ts(9,46): error TS2307: Cannot find module '@plane/types' or its corresponding type declarations.
core/services/project/project-archive.service.ts(8,30): error TS2307: Cannot find module '@plane/constants' or its corresponding type declarations.
core/services/project/project-export.service.ts(7,30): error TS2307: Cannot find module '@plane/constants' or its corresponding type declarations.
core/services/project/project-export.service.ts(8,48): error TS2307: Cannot find module '@plane/types' or its corresponding type declarations.
core/services/project/project-member.service.ts(8,30): error TS2307: Cannot find module '@plane/constants' or its corresponding type declarations.
core/services/project/project-member.service.ts(9,66): error TS2307: Cannot find module '@plane/types' or its corresponding type declarations.
core/services/project/project-publish.service.ts(8,30): error TS2307: Cannot find module '@plane/constants' or its corresponding type declarations.
core/services/project/project-publish.service.ts(9,46): error TS2307: Cannot find module '@plane/types' or its corresponding type declarations.
core/services/project/project-state.service.ts(8,30): error TS2307: Cannot find module '@plane/constants' or its corresponding type declarations.
core/services/project/project-state.service.ts(9,43): error TS2307: Cannot find module '@plane/types' or its corresponding type declarations.
core/services/project/project.service.ts(7,30): error TS2307: Cannot find module '@plane/constants' or its corresponding type declarations.
core/services/project/project.service.ts(15,8): error TS2307: Cannot find module '@plane/types' or its corresponding type declarations.
core/services/project/project.service.ts(18,48): error TS2307: Cannot find module '@plane/types' or its corresponding type declarations.
core/services/sticky.service.ts(8,49): error TS2307: Cannot find module '@plane/constants' or its corresponding type declarations.
core/services/sticky.service.ts(9,30): error TS2307: Cannot find module '@plane/types' or its corresponding type declarations.
core/services/timezone.service.ts(7,30): error TS2307: Cannot find module '@plane/constants' or its corresponding type declarations.
core/services/timezone.service.ts(8,33): error TS2307: Cannot find module '@plane/types' or its corresponding type declarations.
core/services/user.service.ts(8,30): error TS2307: Cannot find module '@plane/constants' or its corresponding type declarations.
core/services/user.service.ts(21,8): error TS2307: Cannot find module '@plane/types' or its corresponding type declarations.
core/services/view.service.ts(7,30): error TS2307: Cannot find module '@plane/constants' or its corresponding type declarations.
core/services/view.service.ts(8,35): error TS2307: Cannot find module '@plane/types' or its corresponding type declarations.
core/services/webhook.service.ts(8,30): error TS2307: Cannot find module '@plane/constants' or its corresponding type declarations.
core/services/webhook.service.ts(9,31): error TS2307: Cannot find module '@plane/types' or its corresponding type declarations.
core/services/workspace-notification.service.ts(9,30): error TS2307: Cannot find module '@plane/constants' or its corresponding type declarations.
core/services/workspace-notification.service.ts(15,8): error TS2307: Cannot find module '@plane/types' or its corresponding type declarations.
core/services/workspace.service.ts(7,30): error TS2307: Cannot find module '@plane/constants' or its corresponding type declarations.
core/services/workspace.service.ts(29,8): error TS2307: Cannot find module '@plane/types' or its corresponding type declarations.
core/store/analytics.store.ts(8,51): error TS2307: Cannot find module '@plane/constants' or its corresponding type declarations.
core/store/analytics.store.ts(9,41): error TS2307: Cannot find module '@plane/types' or its corresponding type declarations.
core/store/analytics.store.ts(66,52): error TS7006: Parameter 'item' implicitly has an 'any' type.
core/store/base-command-palette.store.ts(10,63): error TS2307: Cannot find module '@plane/constants' or its corresponding type declarations.
core/store/base-command-palette.store.ts(11,61): error TS2307: Cannot find module '@plane/constants' or its corresponding type declarations.
core/store/base-command-palette.store.ts(12,43): error TS2307: Cannot find module '@plane/types' or its corresponding type declarations.
core/store/base-command-palette.store.ts(13,34): error TS2307: Cannot find module '@plane/types' or its corresponding type declarations.
core/store/base-power-k.store.ts(9,39): error TS2307: Cannot find module '@plane/types' or its corresponding type declarations.
core/store/cycle.store.ts(19,8): error TS2307: Cannot find module '@plane/types' or its corresponding type declarations.
core/store/cycle.store.ts(20,42): error TS2307: Cannot find module '@plane/utils' or its corresponding type declarations.
core/store/cycle.store.ts(21,77): error TS2307: Cannot find module '@plane/utils' or its corresponding type declarations.
core/store/cycle.store.ts(248,59): error TS7006: Parameter 'p' implicitly has an 'any' type.
core/store/cycle_filter.store.ts(11,80): error TS2307: Cannot find module '@plane/types' or its corresponding type declarations.
core/store/dashboard.store.ts(18,8): error TS2307: Cannot find module '@plane/types' or its corresponding type declarations.
core/store/editor/asset.store.ts(12,78): error TS2307: Cannot find module '@plane/types' or its corresponding type declarations.
core/store/estimates/estimate-point.ts(12,70): error TS2307: Cannot find module '@plane/types' or its corresponding type declarations.
core/store/estimates/estimate.ts(15,8): error TS2307: Cannot find module '@plane/types' or its corresponding type declarations.
core/store/estimates/estimate.ts(98,32): error TS7006: Parameter 'estimationPoint' implicitly has an 'any' type.
core/store/estimates/estimate.ts(125,41): error TS2339: Property 'estimate' does not exist on type 'IEstimatePoint'.
core/store/estimates/estimate.ts(128,89): error TS2339: Property 'id' does not exist on type 'IEstimatePoint'.
core/store/estimates/project-estimate.store.ts(11,89): error TS2307: Cannot find module '@plane/types' or its corresponding type declarations.
core/store/favorite.store.ts(10,32): error TS2307: Cannot find module '@plane/types' or its corresponding type declarations.
core/store/favorite.store.ts(117,48): error TS7006: Parameter 'f' implicitly has an 'any' type.
core/store/favorite.store.ts(324,29): error TS7006: Parameter 'child' implicitly has an 'any' type.
core/store/global-view.store.ts(11,37): error TS2307: Cannot find module '@plane/types' or its corresponding type declarations.
core/store/inbox/inbox-issue.store.ts(15,8): error TS2307: Cannot find module '@plane/types' or its corresponding type declarations.
core/store/inbox/inbox-issue.store.ts(16,35): error TS2307: Cannot find module '@plane/types' or its corresponding type declarations.
core/store/inbox/project-inbox.store.ts(10,43): error TS2307: Cannot find module '@plane/constants' or its corresponding type declarations.
core/store/inbox/project-inbox.store.ts(19,8): error TS2307: Cannot find module '@plane/types' or its corresponding type declarations.
core/store/inbox/project-inbox.store.ts(20,58): error TS2307: Cannot find module '@plane/types' or its corresponding type declarations.
core/store/inbox/project-inbox.store.ts(21,32): error TS2307: Cannot find module '@plane/utils' or its corresponding type declarations.
core/store/inbox/project-inbox.store.ts(201,53): error TS2345: Argument of type 'string | number | symbol' is not assignable to parameter of type 'string'.
  Type 'number' is not assignable to type 'string'.
core/store/inbox/project-inbox.store.ts(203,47): error TS7006: Parameter 'value' implicitly has an 'any' type.
core/store/inbox/project-inbox.store.ts(358,41): error TS7006: Parameter 'value' implicitly has an 'any' type.
core/store/inbox/project-inbox.store.ts(398,43): error TS7006: Parameter 'value' implicitly has an 'any' type.
core/store/instance.store.ts(9,49): error TS2307: Cannot find module '@plane/types' or its corresponding type declarations.
core/store/issue/archived/filter.store.ts(11,52): error TS2307: Cannot find module '@plane/constants' or its corresponding type declarations.
core/store/issue/archived/filter.store.ts(12,34): error TS2307: Cannot find module '@plane/constants' or its corresponding type declarations.
core/store/issue/archived/filter.store.ts(22,8): error TS2307: Cannot find module '@plane/types' or its corresponding type declarations.
core/store/issue/archived/filter.store.ts(23,34): error TS2307: Cannot find module '@plane/types' or its corresponding type declarations.
core/store/issue/archived/filter.store.ts(24,48): error TS2307: Cannot find module '@plane/utils' or its corresponding type declarations.
core/store/issue/archived/issue.store.ts(9,106): error TS2307: Cannot find module '@plane/types' or its corresponding type declarations.
core/store/issue/cycle/filter.store.ts(11,52): error TS2307: Cannot find module '@plane/constants' or its corresponding type declarations.
core/store/issue/cycle/filter.store.ts(12,34): error TS2307: Cannot find module '@plane/constants' or its corresponding type declarations.
core/store/issue/cycle/filter.store.ts(22,8): error TS2307: Cannot find module '@plane/types' or its corresponding type declarations.
core/store/issue/cycle/filter.store.ts(23,34): error TS2307: Cannot find module '@plane/types' or its corresponding type declarations.
core/store/issue/cycle/filter.store.ts(24,48): error TS2307: Cannot find module '@plane/utils' or its corresponding type declarations.
core/store/issue/cycle/issue.store.ts(11,28): error TS2307: Cannot find module '@plane/constants' or its corresponding type declarations.
core/store/issue/cycle/issue.store.ts(19,8): error TS2307: Cannot find module '@plane/types' or its corresponding type declarations.
core/store/issue/cycle/issue.store.ts(21,48): error TS2307: Cannot find module '@plane/utils' or its corresponding type declarations.
core/store/issue/cycle/issue.store.ts(422,79): error TS7006: Parameter 'moduleId' implicitly has an 'any' type.
core/store/issue/helpers/base-issues-utils.ts(8,85): error TS2307: Cannot find module '@plane/constants' or its corresponding type declarations.
core/store/issue/helpers/base-issues-utils.ts(17,8): error TS2307: Cannot find module '@plane/types' or its corresponding type declarations.
core/store/issue/helpers/base-issues-utils.ts(18,76): error TS2307: Cannot find module '@plane/utils' or its corresponding type declarations.
core/store/issue/helpers/base-issues-utils.ts(247,86): error TS2339: Property 'length' does not exist on type '{}'.
core/store/issue/helpers/base-issues-utils.ts(266,30): error TS2339: Property 'some' does not exist on type '{}'.
core/store/issue/helpers/base-issues-utils.ts(268,30): error TS2339: Property 'includes' does not exist on type '{}'.
core/store/issue/helpers/base-issues-utils.ts(298,47): error TS7006: Parameter 'i' implicitly has an 'any' type.
core/store/issue/helpers/base-issues.store.ts(11,46): error TS2307: Cannot find module '@plane/constants' or its corresponding type declarations.
core/store/issue/helpers/base-issues.store.ts(28,8): error TS2307: Cannot find module '@plane/types' or its corresponding type declarations.
core/store/issue/helpers/base-issues.store.ts(29,54): error TS2307: Cannot find module '@plane/types' or its corresponding type declarations.
core/store/issue/helpers/base-issues.store.ts(31,40): error TS2307: Cannot find module '@plane/utils' or its corresponding type declarations.
core/store/issue/helpers/base-issues.store.ts(657,79): error TS7006: Parameter 'moduleId' implicitly has an 'any' type.
core/store/issue/helpers/base-issues.store.ts(728,25): error TS7006: Parameter 'issueId' implicitly has an 'any' type.
core/store/issue/helpers/base-issues.store.ts(1820,49): error TS7006: Parameter 'i' implicitly has an 'any' type.
core/store/issue/helpers/base-issues.store.ts(1824,49): error TS7006: Parameter 'i' implicitly has an 'any' type.
core/store/issue/helpers/issue-filter-helper.store.ts(9,39): error TS2307: Cannot find module '@plane/constants' or its corresponding type declarations.
core/store/issue/helpers/issue-filter-helper.store.ts(14,8): error TS2307: Cannot find module '@plane/constants' or its corresponding type declarations.
core/store/issue/helpers/issue-filter-helper.store.ts(27,8): error TS2307: Cannot find module '@plane/types' or its corresponding type declarations.
core/store/issue/helpers/issue-filter-helper.store.ts(28,35): error TS2307: Cannot find module '@plane/types' or its corresponding type declarations.
core/store/issue/helpers/issue-filter-helper.store.ts(30,73): error TS2307: Cannot find module '@plane/utils' or its corresponding type declarations.
core/store/issue/issue-details/activity.store.ts(11,35): error TS2307: Cannot find module '@plane/constants' or its corresponding type declarations.
core/store/issue/issue-details/activity.store.ts(12,37): error TS2307: Cannot find module '@plane/constants' or its corresponding type declarations.
core/store/issue/issue-details/activity.store.ts(19,8): error TS2307: Cannot find module '@plane/types' or its corresponding type declarations.
core/store/issue/issue-details/activity.store.ts(20,35): error TS2307: Cannot find module '@plane/types' or its corresponding type declarations.
core/store/issue/issue-details/activity.store.ts(99,25): error TS7006: Parameter 'activityId' implicitly has an 'any' type.
core/store/issue/issue-details/attachment.store.ts(12,102): error TS2307: Cannot find module '@plane/types' or its corresponding type declarations.
core/store/issue/issue-details/comment.store.ts(10,93): error TS2307: Cannot find module '@plane/types' or its corresponding type declarations.
core/store/issue/issue-details/comment_reaction.store.ts(10,98): error TS2307: Cannot find module '@plane/types' or its corresponding type declarations.
core/store/issue/issue-details/comment_reaction.store.ts(11,32): error TS2307: Cannot find module '@plane/utils' or its corresponding type declarations.
core/store/issue/issue-details/comment_reaction.store.ts(96,36): error TS7006: Parameter 'reactionId' implicitly has an 'any' type.
core/store/issue/issue-details/comment_reaction.store.ts(115,71): error TS7006: Parameter 'reaction' implicitly has an 'any' type.
core/store/issue/issue-details/comment_reaction.store.ts(137,69): error TS7006: Parameter 'reaction' implicitly has an 'any' type.
core/store/issue/issue-details/issue.store.ts(10,48): error TS2307: Cannot find module '@plane/types' or its corresponding type declarations.
core/store/issue/issue-details/issue.store.ts(11,35): error TS2307: Cannot find module '@plane/types' or its corresponding type declarations.
core/store/issue/issue-details/link.store.ts(10,84): error TS2307: Cannot find module '@plane/types' or its corresponding type declarations.
core/store/issue/issue-details/link.store.ts(158,54): error TS7006: Parameter '_comment' implicitly has an 'any' type.
core/store/issue/issue-details/reaction.store.ts(10,96): error TS2307: Cannot find module '@plane/types' or its corresponding type declarations.
core/store/issue/issue-details/reaction.store.ts(11,32): error TS2307: Cannot find module '@plane/utils' or its corresponding type declarations.
core/store/issue/issue-details/reaction.store.ts(89,36): error TS7006: Parameter 'reactionId' implicitly has an 'any' type.
core/store/issue/issue-details/reaction.store.ts(104,69): error TS7006: Parameter 'reaction' implicitly has an 'any' type.
core/store/issue/issue-details/relation.store.ts(11,106): error TS2307: Cannot find module '@plane/types' or its corresponding type declarations.
core/store/issue/issue-details/relation.store.ts(14,35): error TS2307: Cannot find module '@plane/constants' or its corresponding type declarations.
core/store/issue/issue-details/relation.store.ts(120,52): error TS7006: Parameter 'issue' implicitly has an 'any' type.
core/store/issue/issue-details/relation.store.ts(125,53): error TS7006: Parameter 'issue' implicitly has an 'any' type.
core/store/issue/issue-details/relation.store.ts(235,10): error TS7006: Parameter '_issueId' implicitly has an 'any' type.
core/store/issue/issue-details/relation.store.ts(252,10): error TS7006: Parameter '_issueId' implicitly has an 'any' type.
core/store/issue/issue-details/root.store.ts(19,8): error TS2307: Cannot find module '@plane/types' or its corresponding type declarations.
core/store/issue/issue-details/sub_issues.store.ts(19,8): error TS2307: Cannot find module '@plane/types' or its corresponding type declarations.
core/store/issue/issue-details/sub_issues.store.ts(175,24): error TS7006: Parameter 'issue' implicitly has an 'any' type.
core/store/issue/issue-details/sub_issues.store.ts(175,60): error TS7006: Parameter 'id' implicitly has an 'any' type.
core/store/issue/issue-details/sub_issues.store.ts(189,39): error TS7006: Parameter 'issue' implicitly has an 'any' type.
core/store/issue/issue-details/sub_issues_filter.store.ts(10,39): error TS2307: Cannot find module '@plane/constants' or its corresponding type declarations.
core/store/issue/issue-details/sub_issues_filter.store.ts(18,8): error TS2307: Cannot find module '@plane/types' or its corresponding type declarations.
core/store/issue/issue-details/subscription.store.ts(10,40): error TS2307: Cannot find module '@plane/types' or its corresponding type declarations.
core/store/issue/issue.store.ts(11,29): error TS2307: Cannot find module '@plane/types' or its corresponding type declarations.
core/store/issue/issue.store.ts(13,41): error TS2307: Cannot find module '@plane/utils' or its corresponding type declarations.
core/store/issue/issue_calendar_view.store.ts(11,54): error TS2307: Cannot find module '@plane/types' or its corresponding type declarations.
core/store/issue/issue_calendar_view.store.ts(12,33): error TS2307: Cannot find module '@plane/types' or its corresponding type declarations.
core/store/issue/issue_calendar_view.store.ts(13,59): error TS2307: Cannot find module '@plane/utils' or its corresponding type declarations.
core/store/issue/issue_gantt_view.store.ts(10,49): error TS2307: Cannot find module '@plane/types' or its corresponding type declarations.
core/store/issue/issue_kanban_view.store.ts(9,37): error TS2307: Cannot find module '@plane/constants' or its corresponding type declarations.
core/store/issue/issue_kanban_view.store.ts(11,43): error TS2307: Cannot find module '@plane/types' or its corresponding type declarations.
core/store/issue/module/filter.store.ts(11,52): error TS2307: Cannot find module '@plane/constants' or its corresponding type declarations.
core/store/issue/module/filter.store.ts(12,34): error TS2307: Cannot find module '@plane/constants' or its corresponding type declarations.
core/store/issue/module/filter.store.ts(22,8): error TS2307: Cannot find module '@plane/types' or its corresponding type declarations.
core/store/issue/module/filter.store.ts(23,34): error TS2307: Cannot find module '@plane/types' or its corresponding type declarations.
core/store/issue/module/filter.store.ts(24,48): error TS2307: Cannot find module '@plane/utils' or its corresponding type declarations.
core/store/issue/module/issue.store.ts(16,8): error TS2307: Cannot find module '@plane/types' or its corresponding type declarations.
core/store/issue/module/issue.store.ts(18,48): error TS2307: Cannot find module '@plane/utils' or its corresponding type declarations.
core/store/issue/profile/filter.store.ts(11,52): error TS2307: Cannot find module '@plane/constants' or its corresponding type declarations.
core/store/issue/profile/filter.store.ts(12,34): error TS2307: Cannot find module '@plane/constants' or its corresponding type declarations.
core/store/issue/profile/filter.store.ts(22,8): error TS2307: Cannot find module '@plane/types' or its corresponding type declarations.
core/store/issue/profile/filter.store.ts(23,34): error TS2307: Cannot find module '@plane/types' or its corresponding type declarations.
core/store/issue/profile/filter.store.ts(24,48): error TS2307: Cannot find module '@plane/utils' or its corresponding type declarations.
core/store/issue/profile/issue.store.ts(17,8): error TS2307: Cannot find module '@plane/types' or its corresponding type declarations.
core/store/issue/project-views/filter.store.ts(11,52): error TS2307: Cannot find module '@plane/constants' or its corresponding type declarations.
core/store/issue/project-views/filter.store.ts(12,34): error TS2307: Cannot find module '@plane/constants' or its corresponding type declarations.
core/store/issue/project-views/filter.store.ts(23,8): error TS2307: Cannot find module '@plane/types' or its corresponding type declarations.
core/store/issue/project-views/filter.store.ts(24,34): error TS2307: Cannot find module '@plane/types' or its corresponding type declarations.
core/store/issue/project-views/filter.store.ts(25,48): error TS2307: Cannot find module '@plane/utils' or its corresponding type declarations.
core/store/issue/project-views/issue.store.ts(16,8): error TS2307: Cannot find module '@plane/types' or its corresponding type declarations.
core/store/issue/project/filter.store.ts(11,52): error TS2307: Cannot find module '@plane/constants' or its corresponding type declarations.
core/store/issue/project/filter.store.ts(12,34): error TS2307: Cannot find module '@plane/constants' or its corresponding type declarations.
core/store/issue/project/filter.store.ts(22,8): error TS2307: Cannot find module '@plane/types' or its corresponding type declarations.
core/store/issue/project/filter.store.ts(23,34): error TS2307: Cannot find module '@plane/types' or its corresponding type declarations.
core/store/issue/project/filter.store.ts(24,48): error TS2307: Cannot find module '@plane/utils' or its corresponding type declarations.
core/store/issue/project/issue.store.ts(16,8): error TS2307: Cannot find module '@plane/types' or its corresponding type declarations.
core/store/issue/root.store.ts(10,99): error TS2307: Cannot find module '@plane/types' or its corresponding type declarations.
core/store/issue/root.store.ts(11,35): error TS2307: Cannot find module '@plane/types' or its corresponding type declarations.
core/store/issue/workspace-draft/filter.store.ts(11,52): error TS2307: Cannot find module '@plane/constants' or its corresponding type declarations.
core/store/issue/workspace-draft/filter.store.ts(12,34): error TS2307: Cannot find module '@plane/constants' or its corresponding type declarations.
core/store/issue/workspace-draft/filter.store.ts(22,8): error TS2307: Cannot find module '@plane/types' or its corresponding type declarations.
core/store/issue/workspace-draft/filter.store.ts(23,34): error TS2307: Cannot find module '@plane/types' or its corresponding type declarations.
core/store/issue/workspace-draft/filter.store.ts(24,48): error TS2307: Cannot find module '@plane/utils' or its corresponding type declarations.
core/store/issue/workspace-draft/issue.store.ts(11,43): error TS2307: Cannot find module '@plane/constants' or its corresponding type declarations.
core/store/issue/workspace-draft/issue.store.ts(24,8): error TS2307: Cannot find module '@plane/types' or its corresponding type declarations.
core/store/issue/workspace-draft/issue.store.ts(25,65): error TS2307: Cannot find module '@plane/utils' or its corresponding type declarations.
core/store/issue/workspace-draft/issue.store.ts(234,41): error TS7006: Parameter 'issue' implicitly has an 'any' type.
core/store/issue/workspace-draft/issue.store.ts(237,48): error TS7006: Parameter 'issueId' implicitly has an 'any' type.
core/store/issue/workspace/filter.store.ts(11,52): error TS2307: Cannot find module '@plane/constants' or its corresponding type declarations.
core/store/issue/workspace/filter.store.ts(12,34): error TS2307: Cannot find module '@plane/constants' or its corresponding type declarations.
core/store/issue/workspace/filter.store.ts(23,8): error TS2307: Cannot find module '@plane/types' or its corresponding type declarations.
core/store/issue/workspace/filter.store.ts(24,72): error TS2307: Cannot find module '@plane/types' or its corresponding type declarations.
core/store/issue/workspace/filter.store.ts(25,48): error TS2307: Cannot find module '@plane/utils' or its corresponding type declarations.
core/store/issue/workspace/issue.store.ts(16,8): error TS2307: Cannot find module '@plane/types' or its corresponding type declarations.
core/store/label.store.ts(11,51): error TS2307: Cannot find module '@plane/types' or its corresponding type declarations.
core/store/label.store.ts(13,27): error TS2307: Cannot find module '@plane/utils' or its corresponding type declarations.
core/store/label.store.ts(263,42): error TS7006: Parameter 'label' implicitly has an 'any' type.
core/store/member/index.ts(10,32): error TS2307: Cannot find module '@plane/types' or its corresponding type declarations.
core/store/member/project/base-project-member.store.ts(11,34): error TS2307: Cannot find module '@plane/constants' or its corresponding type declarations.
core/store/member/project/base-project-member.store.ts(18,8): error TS2307: Cannot find module '@plane/types' or its corresponding type declarations.
core/store/member/project/base-project-member.store.ts(324,50): error TS7006: Parameter 'm' implicitly has an 'any' type.
core/store/member/project/base-project-member.store.ts(327,27): error TS7006: Parameter 'm' implicitly has an 'any' type.
core/store/member/project/base-project-member.store.ts(413,66): error TS7006: Parameter 'memberId' implicitly has an 'any' type.
core/store/member/project/project-member-filters.store.ts(10,52): error TS2307: Cannot find module '@plane/types' or its corresponding type declarations.
core/store/member/utils.ts(8,62): error TS2307: Cannot find module '@plane/constants' or its corresponding type declarations.
core/store/member/utils.ts(9,52): error TS2307: Cannot find module '@plane/types' or its corresponding type declarations.
core/store/member/workspace/workspace-member-filters.store.ts(10,39): error TS2307: Cannot find module '@plane/constants' or its corresponding type declarations.
core/store/member/workspace/workspace-member-filters.store.ts(11,32): error TS2307: Cannot find module '@plane/types' or its corresponding type declarations.
core/store/member/workspace/workspace-member.store.ts(11,39): error TS2307: Cannot find module '@plane/constants' or its corresponding type declarations.
core/store/member/workspace/workspace-member.store.ts(12,97): error TS2307: Cannot find module '@plane/types' or its corresponding type declarations.
core/store/module.store.ts(11,61): error TS2307: Cannot find module '@plane/types' or its corresponding type declarations.
core/store/module.store.ts(12,42): error TS2307: Cannot find module '@plane/utils' or its corresponding type declarations.
core/store/module.store.ts(13,70): error TS2307: Cannot find module '@plane/utils' or its corresponding type declarations.
core/store/module.store.ts(508,68): error TS7006: Parameter 'link' implicitly has an 'any' type.
core/store/module_filter.store.ts(11,83): error TS2307: Cannot find module '@plane/types' or its corresponding type declarations.
core/store/notifications/notification.ts(10,66): error TS2307: Cannot find module '@plane/types' or its corresponding type declarations.
core/store/notifications/workspace-notifications.store.ts(11,39): error TS2307: Cannot find module '@plane/constants' or its corresponding type declarations.
core/store/notifications/workspace-notifications.store.ts(12,84): error TS2307: Cannot find module '@plane/constants' or its corresponding type declarations.
core/store/notifications/workspace-notifications.store.ts(20,8): error TS2307: Cannot find module '@plane/types' or its corresponding type declarations.
core/store/notifications/workspace-notifications.store.ts(22,32): error TS2307: Cannot find module '@plane/utils' or its corresponding type declarations.
core/store/notifications/workspace-notifications.store.ts(123,31): error TS2339: Property 'created_at' does not exist on type 'INotification'.
core/store/notifications/workspace-notifications.store.ts(127,24): error TS2339: Property 'workspace' does not exist on type 'INotification'.
core/store/notifications/workspace-notifications.store.ts(130,15): error TS2339: Property 'is_mentioned_notification' does not exist on type 'INotification'.
core/store/notifications/workspace-notifications.store.ts(131,16): error TS2339: Property 'is_mentioned_notification' does not exist on type 'INotification'.
core/store/notifications/workspace-notifications.store.ts(135,17): error TS2339: Property 'archived_at' does not exist on type 'INotification'.
core/store/notifications/workspace-notifications.store.ts(137,24): error TS2339: Property 'snoozed_till' does not exist on type 'INotification'.
core/store/notifications/workspace-notifications.store.ts(144,22): error TS2339: Property 'snoozed_till' does not exist on type 'INotification'.
core/store/notifications/workspace-notifications.store.ts(146,22): error TS2339: Property 'archived_at' does not exist on type 'INotification'.
core/store/notifications/workspace-notifications.store.ts(153,21): error TS2339: Property 'id' does not exist on type 'INotification'.
core/store/notifications/workspace-notifications.store.ts(168,32): error TS2339: Property 'project' does not exist on type 'INotification'.
core/store/notifications/workspace-notifications.store.ts(169,37): error TS2339: Property 'id' does not exist on type 'INotification'.
core/store/notifications/workspace-notifications.store.ts(170,30): error TS2339: Property 'data' does not exist on type 'INotification'.
core/store/notifications/workspace-notifications.store.ts(171,36): error TS2339: Property 'is_inbox_issue' does not exist on type 'INotification'.
core/store/pages/base-page.ts(10,29): error TS2307: Cannot find module '@plane/constants' or its corresponding type declarations.
core/store/pages/base-page.ts(11,42): error TS2307: Cannot find module '@plane/propel/emoji-icon-picker' or its corresponding type declarations.
core/store/pages/base-page.ts(12,82): error TS2307: Cannot find module '@plane/types' or its corresponding type declarations.
core/store/pages/extended-base-page.ts(7,43): error TS2307: Cannot find module '@plane/types' or its corresponding type declarations.
core/store/pages/page-editor-info.ts(9,49): error TS2307: Cannot find module '@plane/editor' or its corresponding type declarations.
core/store/pages/project-page.store.ts(11,34): error TS2307: Cannot find module '@plane/constants' or its corresponding type declarations.
core/store/pages/project-page.store.ts(12,63): error TS2307: Cannot find module '@plane/types' or its corresponding type declarations.
core/store/pages/project-page.store.ts(13,35): error TS2307: Cannot find module '@plane/types' or its corresponding type declarations.
core/store/pages/project-page.store.ts(15,82): error TS2307: Cannot find module '@plane/utils' or its corresponding type declarations.
core/store/pages/project-page.store.ts(145,39): error TS7006: Parameter 'p' implicitly has an 'any' type.
core/store/pages/project-page.store.ts(147,37): error TS7006: Parameter 'page' implicitly has an 'any' type.
core/store/pages/project-page.store.ts(173,8): error TS7006: Parameter 'p' implicitly has an 'any' type.
core/store/pages/project-page.store.ts(180,39): error TS7006: Parameter 'page' implicitly has an 'any' type.
core/store/pages/project-page.ts(10,47): error TS2307: Cannot find module '@plane/constants' or its corresponding type declarations.
core/store/pages/project-page.ts(11,28): error TS2307: Cannot find module '@plane/types' or its corresponding type declarations.
core/store/project-view.store.ts(11,49): error TS2307: Cannot find module '@plane/types' or its corresponding type declarations.
core/store/project-view.store.ts(14,84): error TS2307: Cannot find module '@plane/utils' or its corresponding type declarations.
core/store/project/project-publish.store.ts(10,46): error TS2307: Cannot find module '@plane/types' or its corresponding type declarations.
core/store/project/project.store.ts(11,98): error TS2307: Cannot find module '@plane/types' or its corresponding type declarations.
core/store/project/project.store.ts(13,52): error TS2307: Cannot find module '@plane/utils' or its corresponding type declarations.
core/store/project/project.store.ts(15,48): error TS2307: Cannot find module '@plane/types' or its corresponding type declarations.
core/store/project/project_filter.store.ts(11,96): error TS2307: Cannot find module '@plane/types' or its corresponding type declarations.
core/store/root.store.ts(9,48): error TS2307: Cannot find module '@plane/i18n' or its corresponding type declarations.
core/store/root.store.ts(10,43): error TS2307: Cannot find module '@plane/shared-state' or its corresponding type declarations.
core/store/root.store.ts(11,37): error TS2307: Cannot find module '@plane/shared-state' or its corresponding type declarations.
core/store/router.store.ts(10,36): error TS2307: Cannot find module '@plane/types' or its corresponding type declarations.
core/store/state.store.ts(11,30): error TS2307: Cannot find module '@plane/constants' or its corresponding type declarations.
core/store/state.store.ts(12,43): error TS2307: Cannot find module '@plane/types' or its corresponding type declarations.
core/store/state.store.ts(14,28): error TS2307: Cannot find module '@plane/utils' or its corresponding type declarations.
core/store/state.store.ts(188,32): error TS7006: Parameter 'state' implicitly has an 'any' type.
core/store/state.store.ts(210,33): error TS7006: Parameter 'state' implicitly has an 'any' type.
core/store/sticky/sticky.store.ts(10,35): error TS2307: Cannot find module '@plane/constants' or its corresponding type declarations.
core/store/sticky/sticky.store.ts(11,73): error TS2307: Cannot find module '@plane/types' or its corresponding type declarations.
core/store/timeline/base-timeline.store.ts(17,8): error TS2307: Cannot find module '@plane/types' or its corresponding type declarations.
core/store/timeline/base-timeline.store.ts(18,44): error TS2307: Cannot find module '@plane/utils' or its corresponding type declarations.
core/store/user/account.store.ts(10,35): error TS2307: Cannot find module '@plane/types' or its corresponding type declarations.
core/store/user/base-permissions.store.ts(11,62): error TS2307: Cannot find module '@plane/constants' or its corresponding type declarations.
core/store/user/base-permissions.store.ts(16,8): error TS2307: Cannot find module '@plane/constants' or its corresponding type declarations.
core/store/user/base-permissions.store.ts(17,99): error TS2307: Cannot find module '@plane/types' or its corresponding type declarations.
core/store/user/base-permissions.store.ts(18,37): error TS2307: Cannot find module '@plane/types' or its corresponding type declarations.
core/store/user/base-permissions.store.ts(176,77): error TS7006: Parameter 'item' implicitly has an 'any' type.
core/store/user/index.ts(10,48): error TS2307: Cannot find module '@plane/constants' or its corresponding type declarations.
core/store/user/index.ts(11,46): error TS2307: Cannot find module '@plane/types' or its corresponding type declarations.
core/store/user/profile.store.ts(10,29): error TS2307: Cannot find module '@plane/i18n' or its corresponding type declarations.
core/store/user/profile.store.ts(11,32): error TS2307: Cannot find module '@plane/i18n' or its corresponding type declarations.
core/store/user/profile.store.ts(13,47): error TS2307: Cannot find module '@plane/types' or its corresponding type declarations.
core/store/user/profile.store.ts(14,33): error TS2307: Cannot find module '@plane/types' or its corresponding type declarations.
core/store/user/settings.store.ts(9,36): error TS2307: Cannot find module '@plane/types' or its corresponding type declarations.
core/store/workspace/api-token.store.ts(10,33): error TS2307: Cannot find module '@plane/services' or its corresponding type declarations.
core/store/workspace/api-token.store.ts(11,32): error TS2307: Cannot find module '@plane/types' or its corresponding type declarations.
core/store/workspace/api-token.store.ts(67,45): error TS7006: Parameter 'response' implicitly has an 'any' type.
core/store/workspace/api-token.store.ts(68,85): error TS7006: Parameter 'accumulator' implicitly has an 'any' type.
core/store/workspace/api-token.store.ts(68,98): error TS7006: Parameter 'currentWebhook' implicitly has an 'any' type.
core/store/workspace/api-token.store.ts(85,56): error TS7006: Parameter 'response' implicitly has an 'any' type.
core/store/workspace/api-token.store.ts(97,51): error TS7006: Parameter 'response' implicitly has an 'any' type.
core/store/workspace/home.ts(10,57): error TS2307: Cannot find module '@plane/types' or its corresponding type declarations.
core/store/workspace/index.ts(16,8): error TS2307: Cannot find module '@plane/types' or its corresponding type declarations.
core/store/workspace/link.store.ts(10,50): error TS2307: Cannot find module '@plane/types' or its corresponding type declarations.
core/store/workspace/link.store.ts(126,60): error TS7006: Parameter 'link' implicitly has an 'any' type.
core/store/workspace/webhook.store.ts(11,31): error TS2307: Cannot find module '@plane/types' or its corresponding type declarations.
helpers/authentication.helper.tsx(10,31): error TS2307: Cannot find module '@plane/constants' or its corresponding type declarations.
helpers/cover-image.helper.ts(7,37): error TS2307: Cannot find module '@plane/types' or its corresponding type declarations.
helpers/cover-image.helper.ts(8,28): error TS2307: Cannot find module '@plane/utils' or its corresponding type declarations.
helpers/dashboard.helper.ts(10,59): error TS2307: Cannot find module '@plane/constants' or its corresponding type declarations.
helpers/dashboard.helper.ts(11,39): error TS2307: Cannot find module '@plane/types' or its corresponding type declarations.
helpers/dashboard.helper.ts(13,65): error TS2307: Cannot find module '@plane/utils' or its corresponding type declarations.
helpers/dashboard.helper.ts(21,84): error TS2366: Function lacks ending return statement and return type does not include 'undefined'.
helpers/dashboard.helper.ts(91,67): error TS7006: Parameter 'option' implicitly has an 'any' type.
helpers/issue-filter.helper.ts(8,46): error TS2307: Cannot find module '@plane/types' or its corresponding type declarations.
helpers/views.helper.ts(8,76): error TS2307: Cannot find module '@plane/constants' or its corresponding type declarations.
helpers/views.helper.ts(9,37): error TS2307: Cannot find module '@plane/propel/icons' or its corresponding type declarations.
helpers/views.helper.ts(11,32): error TS2307: Cannot find module '@plane/propel/icons' or its corresponding type declarations.
helpers/views.helper.ts(12,29): error TS2307: Cannot find module '@plane/types' or its corresponding type declarations.
helpers/views.helper.ts(23,45): error TS7006: Parameter 'option' implicitly has an 'any' type.
/home/runner/work/plane/plane/apps/web:
[ERR_PNPM_RECURSIVE_RUN_FIRST_FAIL] web@1.4.2 check:types: `react-router typegen && tsc --noEmit`
Exit status 2
